2024-09-07 17:32:26.552+01:00 INFO  c.m.applicationinsights.agent - Application Insights Java Agent 3.4.19 started successfully (PID 78503, JVM running for 6.555 s)
2024-09-07 17:32:26.557+01:00 INFO  c.m.applicationinsights.agent - Java version: 21.0.4, vendor: Oracle Corporation, home: /Users/mandar.risbud/Library/Java/JavaVirtualMachines/graalvm-jdk-21.0.4/Contents/Home
2024-09-07 18:20:44.252+01:00 WARN  c.a.m.o.e.i.q.QuickPulsePingSender - Pinging live metrics endpoint: java.net.SocketException: Connection reset (https://eastus.livediagnostics.monitor.azure.com/QuickPulseService.svc) (future warnings will be aggregated and logged once every 5 minutes)
reactor.core.Exceptions$ReactiveException: java.net.SocketException: Connection reset
	at reactor.core.Exceptions.propagate(Exceptions.java:408)
	at reactor.core.publisher.BlockingSingleSubscriber.blockingGet(BlockingSingleSubscriber.java:101)
	at reactor.core.publisher.Mono.block(Mono.java:1712)
	at com.azure.monitor.opentelemetry.exporter.implementation.quickpulse.QuickPulsePingSender.ping(QuickPulsePingSender.java:102)
	at com.azure.monitor.opentelemetry.exporter.implementation.quickpulse.QuickPulseCoordinator.ping(QuickPulseCoordinator.java:100)
	at com.azure.monitor.opentelemetry.exporter.implementation.quickpulse.QuickPulseCoordinator.run(QuickPulseCoordinator.java:53)
	at java.base/java.lang.Thread.run(Thread.java:1583)
	Suppressed: java.lang.Exception: #block terminated with an error
		at reactor.core.publisher.BlockingSingleSubscriber.blockingGet(BlockingSingleSubscriber.java:103)
		... 5 common frames omitted
Caused by: java.net.SocketException: Connection reset
	at java.base/sun.nio.ch.SocketChannelImpl.throwConnectionReset(SocketChannelImpl.java:401)
	at java.base/sun.nio.ch.SocketChannelImpl.read(SocketChannelImpl.java:434)
	at io.netty.buffer.PooledByteBuf.setBytes(PooledByteBuf.java:255)
	at io.netty.buffer.AbstractByteBuf.writeBytes(AbstractByteBuf.java:1132)
	at io.netty.channel.socket.nio.NioSocketChannel.doReadBytes(NioSocketChannel.java:357)
	at io.netty.channel.nio.AbstractNioByteChannel$NioByteUnsafe.read(AbstractNioByteChannel.java:151)
	at io.netty.channel.nio.NioEventLoop.processSelectedKey(NioEventLoop.java:788)
	at io.netty.channel.nio.NioEventLoop.processSelectedKeysOptimized(NioEventLoop.java:724)
	at io.netty.channel.nio.NioEventLoop.processSelectedKeys(NioEventLoop.java:650)
	at io.netty.channel.nio.NioEventLoop.run(NioEventLoop.java:562)
	at io.netty.util.concurrent.SingleThreadEventExecutor$4.run(SingleThreadEventExecutor.java:997)
	at io.netty.util.internal.ThreadExecutorMap$2.run(ThreadExecutorMap.java:74)
	at io.netty.util.concurrent.FastThreadLocalRunnable.run(FastThreadLocalRunnable.java:30)
	... 1 common frames omitted
2024-09-07 18:20:45.702+01:00 WARN  c.a.m.o.e.i.p.TelemetryPipeline - Sending telemetry to the ingestion service: Connection reset (https://eastus-8.in.applicationinsights.azure.com/v2.1/track) (telemetry will be stored to disk and retried) (future warnings will be aggregated and logged once every 5 minutes)
java.net.SocketException: Connection reset
	at java.base/sun.nio.ch.SocketChannelImpl.throwConnectionReset(SocketChannelImpl.java:401)
	at java.base/sun.nio.ch.SocketChannelImpl.read(SocketChannelImpl.java:434)
	at io.netty.buffer.PooledByteBuf.setBytes(PooledByteBuf.java:255)
	at io.netty.buffer.AbstractByteBuf.writeBytes(AbstractByteBuf.java:1132)
	at io.netty.channel.socket.nio.NioSocketChannel.doReadBytes(NioSocketChannel.java:357)
	at io.netty.channel.nio.AbstractNioByteChannel$NioByteUnsafe.read(AbstractNioByteChannel.java:151)
	at io.netty.channel.nio.NioEventLoop.processSelectedKey(NioEventLoop.java:788)
	at io.netty.channel.nio.NioEventLoop.processSelectedKeysOptimized(NioEventLoop.java:724)
	at io.netty.channel.nio.NioEventLoop.processSelectedKeys(NioEventLoop.java:650)
	at io.netty.channel.nio.NioEventLoop.run(NioEventLoop.java:562)
	at io.netty.util.concurrent.SingleThreadEventExecutor$4.run(SingleThreadEventExecutor.java:997)
	at io.netty.util.internal.ThreadExecutorMap$2.run(ThreadExecutorMap.java:74)
	at io.netty.util.concurrent.FastThreadLocalRunnable.run(FastThreadLocalRunnable.java:30)
	at java.base/java.lang.Thread.run(Thread.java:1583)
2024-09-07 18:34:52.150+01:00 INFO  c.m.a.a.i.c.ConfigurationBuilder - Some telemetry may be sampled out because a default sampling configuration was added in version 3.4.0 to reduce the default billing cost. You can set the sampling configuration explicitly: https://learn.microsoft.com/azure/azure-monitor/app/java-standalone-config#sampling
2024-09-07 18:34:53.052+01:00 INFO  c.m.applicationinsights.agent - Application Insights Java Agent 3.5.4 started successfully (PID 88937, JVM running for 6.814 s)
2024-09-07 18:34:53.052+01:00 INFO  c.m.applicationinsights.agent - Java version: 21.0.4, vendor: Oracle Corporation, home: /Users/mandar.risbud/Library/Java/JavaVirtualMachines/graalvm-jdk-21.0.4/Contents/Home
2024-09-07 19:40:35.740+01:00 WARN  c.a.m.o.e.i.q.QuickPulsePingSender - Pinging live metrics endpoint: java.net.SocketException: Connection reset (https://eastus.livediagnostics.monitor.azure.com/QuickPulseService.svc) (future warnings will be aggregated and logged once every 5 minutes)
reactor.core.Exceptions$ReactiveException: java.net.SocketException: Connection reset
	at reactor.core.Exceptions.propagate(Exceptions.java:396)
	at reactor.core.publisher.BlockingSingleSubscriber.blockingGet(BlockingSingleSubscriber.java:98)
	at reactor.core.publisher.Mono.block(Mono.java:1742)
	at com.azure.monitor.opentelemetry.exporter.implementation.quickpulse.QuickPulsePingSender.ping(QuickPulsePingSender.java:102)
	at com.azure.monitor.opentelemetry.exporter.implementation.quickpulse.QuickPulseCoordinator.ping(QuickPulseCoordinator.java:99)
	at com.azure.monitor.opentelemetry.exporter.implementation.quickpulse.QuickPulseCoordinator.run(QuickPulseCoordinator.java:53)
	at java.base/java.lang.Thread.run(Thread.java:1583)
	Suppressed: java.lang.Exception: #block terminated with an error
		at reactor.core.publisher.BlockingSingleSubscriber.blockingGet(BlockingSingleSubscriber.java:100)
		... 5 common frames omitted
Caused by: java.net.SocketException: Connection reset
	at java.base/sun.nio.ch.SocketChannelImpl.throwConnectionReset(SocketChannelImpl.java:401)
	at java.base/sun.nio.ch.SocketChannelImpl.read(SocketChannelImpl.java:434)
	at io.netty.buffer.PooledByteBuf.setBytes(PooledByteBuf.java:255)
	at io.netty.buffer.AbstractByteBuf.writeBytes(AbstractByteBuf.java:1132)
	at io.netty.channel.socket.nio.NioSocketChannel.doReadBytes(NioSocketChannel.java:356)
	at io.netty.channel.nio.AbstractNioByteChannel$NioByteUnsafe.read(AbstractNioByteChannel.java:151)
	at io.netty.channel.nio.NioEventLoop.processSelectedKey(NioEventLoop.java:788)
	at io.netty.channel.nio.NioEventLoop.processSelectedKeysOptimized(NioEventLoop.java:724)
	at io.netty.channel.nio.NioEventLoop.processSelectedKeys(NioEventLoop.java:650)
	at io.netty.channel.nio.NioEventLoop.run(NioEventLoop.java:562)
	at io.netty.util.concurrent.SingleThreadEventExecutor$4.run(SingleThreadEventExecutor.java:994)
	at io.netty.util.internal.ThreadExecutorMap$2.run(ThreadExecutorMap.java:74)
	at io.netty.util.concurrent.FastThreadLocalRunnable.run(FastThreadLocalRunnable.java:30)
	... 1 common frames omitted
2024-09-07 19:41:24.424+01:00 WARN  c.a.m.o.e.i.p.TelemetryPipeline - Sending telemetry to the ingestion service (retry from disk): Connection reset (https://eastus-8.in.applicationinsights.azure.com/v2.1/track) (will be retried again) (future warnings will be aggregated and logged once every 5 minutes)
java.net.SocketException: Connection reset
	at java.base/sun.nio.ch.SocketChannelImpl.throwConnectionReset(SocketChannelImpl.java:401)
	at java.base/sun.nio.ch.SocketChannelImpl.read(SocketChannelImpl.java:434)
	at io.netty.buffer.PooledByteBuf.setBytes(PooledByteBuf.java:255)
	at io.netty.buffer.AbstractByteBuf.writeBytes(AbstractByteBuf.java:1132)
	at io.netty.channel.socket.nio.NioSocketChannel.doReadBytes(NioSocketChannel.java:356)
	at io.netty.channel.nio.AbstractNioByteChannel$NioByteUnsafe.read(AbstractNioByteChannel.java:151)
	at io.netty.channel.nio.NioEventLoop.processSelectedKey(NioEventLoop.java:788)
	at io.netty.channel.nio.NioEventLoop.processSelectedKeysOptimized(NioEventLoop.java:724)
	at io.netty.channel.nio.NioEventLoop.processSelectedKeys(NioEventLoop.java:650)
	at io.netty.channel.nio.NioEventLoop.run(NioEventLoop.java:562)
	at io.netty.util.concurrent.SingleThreadEventExecutor$4.run(SingleThreadEventExecutor.java:994)
	at io.netty.util.internal.ThreadExecutorMap$2.run(ThreadExecutorMap.java:74)
	at io.netty.util.concurrent.FastThreadLocalRunnable.run(FastThreadLocalRunnable.java:30)
	at java.base/java.lang.Thread.run(Thread.java:1583)
2024-09-07 19:58:52.821+01:00 WARN  c.a.m.o.e.i.q.QuickPulsePingSender - In the last 5 minutes, the following operation has failed 1 times (out of 626): Pinging live metrics endpoint:
 * java.net.SocketException: Connection reset (https://eastus.livediagnostics.monitor.azure.com/QuickPulseService.svc) (1 times)
2024-09-07 20:43:52.870+01:00 WARN  c.a.m.o.e.i.q.QuickPulsePingSender - In the last 5 minutes, the following operation has failed 1 times (out of 57): Pinging live metrics endpoint:
 * java.net.SocketException: Connection reset (https://eastus.livediagnostics.monitor.azure.com/QuickPulseService.svc) (1 times)
2024-09-08 00:32:36.928+01:00 WARN  c.a.m.o.e.i.q.QuickPulsePingSender - In the last 5 minutes, the following operation has failed 8 times (out of 56): Pinging live metrics endpoint:
 * java.net.SocketException: Connection reset (https://eastus.livediagnostics.monitor.azure.com/QuickPulseService.svc) (8 times)
2024-09-08 01:21:53.411+01:00 WARN  c.a.m.o.e.i.p.TelemetryPipeline - In the last 5 minutes, the following operation has failed 1 times (out of 3): Sending telemetry to the ingestion service (retry from disk):
 * Connection reset (https://eastus-8.in.applicationinsights.azure.com/v2.1/track) (will be retried again) (1 times)
2024-09-08 04:39:22.793+01:00 WARN  c.a.m.o.e.i.q.QuickPulsePingSender - In the last 5 minutes, the following operation has failed 9 times (out of 57): Pinging live metrics endpoint:
 * java.net.SocketException: Connection reset (https://eastus.livediagnostics.monitor.azure.com/QuickPulseService.svc) (9 times)
2024-09-08 04:42:43.505+01:00 WARN  c.a.m.o.e.i.p.TelemetryPipeline - In the last 5 minutes, the following operation has failed 2 times (out of 6): Sending telemetry to the ingestion service (retry from disk):
 * Connection reset (https://eastus-8.in.applicationinsights.azure.com/v2.1/track) (will be retried again) (2 times)
2024-09-08 04:52:01.471+01:00 WARN  c.a.m.o.e.i.q.QuickPulsePingSender - In the last 5 minutes, the following operation has failed 2 times (out of 57): Pinging live metrics endpoint:
 * java.net.SocketException: Connection reset (https://eastus.livediagnostics.monitor.azure.com/QuickPulseService.svc) (2 times)
2024-09-08 07:51:59.199+01:00 WARN  c.a.m.o.e.i.q.QuickPulsePingSender - In the last 5 minutes, the following operation has failed 4 times (out of 57): Pinging live metrics endpoint:
 * java.net.SocketException: Connection reset (https://eastus.livediagnostics.monitor.azure.com/QuickPulseService.svc) (4 times)
2024-09-08 08:22:17.680+01:00 WARN  c.a.m.o.e.i.p.TelemetryPipeline - In the last 5 minutes, the following operation has failed 1 times (out of 3): Sending telemetry to the ingestion service (retry from disk):
 * Connection reset (https://eastus-8.in.applicationinsights.azure.com/v2.1/track) (will be retried again) (1 times)
2024-09-08 08:35:32.875+01:00 INFO  c.m.a.a.i.c.ConfigurationBuilder - Some telemetry may be sampled out because a default sampling configuration was added in version 3.4.0 to reduce the default billing cost. You can set the sampling configuration explicitly: https://learn.microsoft.com/azure/azure-monitor/app/java-standalone-config#sampling
2024-09-08 08:35:33.858+01:00 INFO  c.m.applicationinsights.agent - Application Insights Java Agent 3.5.4 started successfully (PID 44662, JVM running for 6.91 s)
2024-09-08 08:35:33.860+01:00 INFO  c.m.applicationinsights.agent - Java version: 21.0.4, vendor: Oracle Corporation, home: /Users/mandar.risbud/Library/Java/JavaVirtualMachines/graalvm-jdk-21.0.4/Contents/Home
2024-09-08 08:38:39.516+01:00 INFO  c.m.a.a.i.c.ConfigurationBuilder - Some telemetry may be sampled out because a default sampling configuration was added in version 3.4.0 to reduce the default billing cost. You can set the sampling configuration explicitly: https://learn.microsoft.com/azure/azure-monitor/app/java-standalone-config#sampling
2024-09-08 08:38:40.361+01:00 INFO  c.m.applicationinsights.agent - Application Insights Java Agent 3.5.4 started successfully (PID 45399, JVM running for 6.756 s)
2024-09-08 08:38:40.362+01:00 INFO  c.m.applicationinsights.agent - Java version: 21.0.4, vendor: Oracle Corporation, home: /Users/mandar.risbud/Library/Java/JavaVirtualMachines/graalvm-jdk-21.0.4/Contents/Home
2024-09-08 08:52:42.519+01:00 INFO  c.m.a.a.i.c.ConfigurationBuilder - Some telemetry may be sampled out because a default sampling configuration was added in version 3.4.0 to reduce the default billing cost. You can set the sampling configuration explicitly: https://learn.microsoft.com/azure/azure-monitor/app/java-standalone-config#sampling
2024-09-08 08:52:43.419+01:00 INFO  c.m.applicationinsights.agent - Application Insights Java Agent 3.5.4 started successfully (PID 48684, JVM running for 6.863 s)
2024-09-08 08:52:43.419+01:00 INFO  c.m.applicationinsights.agent - Java version: 21.0.4, vendor: Oracle Corporation, home: /Users/mandar.risbud/Library/Java/JavaVirtualMachines/graalvm-jdk-21.0.4/Contents/Home
2024-09-08 09:04:51.050+01:00 INFO  c.m.a.a.i.c.ConfigurationBuilder - Some telemetry may be sampled out because a default sampling configuration was added in version 3.4.0 to reduce the default billing cost. You can set the sampling configuration explicitly: https://learn.microsoft.com/azure/azure-monitor/app/java-standalone-config#sampling
2024-09-08 09:04:51.968+01:00 INFO  c.m.applicationinsights.agent - Application Insights Java Agent 3.5.4 started successfully (PID 51497, JVM running for 6.866 s)
2024-09-08 09:04:51.968+01:00 INFO  c.m.applicationinsights.agent - Java version: 21.0.4, vendor: Oracle Corporation, home: /Users/mandar.risbud/Library/Java/JavaVirtualMachines/graalvm-jdk-21.0.4/Contents/Home
2024-09-08 09:17:08.430+01:00 INFO  c.m.a.a.i.c.ConfigurationBuilder - Some telemetry may be sampled out because a default sampling configuration was added in version 3.4.0 to reduce the default billing cost. You can set the sampling configuration explicitly: https://learn.microsoft.com/azure/azure-monitor/app/java-standalone-config#sampling
2024-09-08 09:17:09.379+01:00 INFO  c.m.applicationinsights.agent - Application Insights Java Agent 3.5.4 started successfully (PID 54373, JVM running for 6.916 s)
2024-09-08 09:17:09.379+01:00 INFO  c.m.applicationinsights.agent - Java version: 21.0.4, vendor: Oracle Corporation, home: /Users/mandar.risbud/Library/Java/JavaVirtualMachines/graalvm-jdk-21.0.4/Contents/Home
2024-09-08 09:51:49.221+01:00 INFO  c.m.a.a.i.c.ConfigurationBuilder - Some telemetry may be sampled out because a default sampling configuration was added in version 3.4.0 to reduce the default billing cost. You can set the sampling configuration explicitly: https://learn.microsoft.com/azure/azure-monitor/app/java-standalone-config#sampling
2024-09-08 09:51:50.148+01:00 INFO  c.m.applicationinsights.agent - Application Insights Java Agent 3.5.4 started successfully (PID 62338, JVM running for 6.882 s)
2024-09-08 09:51:50.148+01:00 INFO  c.m.applicationinsights.agent - Java version: 21.0.4, vendor: Oracle Corporation, home: /Users/mandar.risbud/Library/Java/JavaVirtualMachines/graalvm-jdk-21.0.4/Contents/Home
2024-09-08 09:54:52.255+01:00 INFO  c.m.a.a.i.c.ConfigurationBuilder - Some telemetry may be sampled out because a default sampling configuration was added in version 3.4.0 to reduce the default billing cost. You can set the sampling configuration explicitly: https://learn.microsoft.com/azure/azure-monitor/app/java-standalone-config#sampling
2024-09-08 09:54:53.169+01:00 INFO  c.m.applicationinsights.agent - Application Insights Java Agent 3.5.4 started successfully (PID 63057, JVM running for 6.874 s)
2024-09-08 09:54:53.169+01:00 INFO  c.m.applicationinsights.agent - Java version: 21.0.4, vendor: Oracle Corporation, home: /Users/mandar.risbud/Library/Java/JavaVirtualMachines/graalvm-jdk-21.0.4/Contents/Home
2024-09-08 09:57:03.815+01:00 INFO  c.m.a.a.i.c.ConfigurationBuilder - Some telemetry may be sampled out because a default sampling configuration was added in version 3.4.0 to reduce the default billing cost. You can set the sampling configuration explicitly: https://learn.microsoft.com/azure/azure-monitor/app/java-standalone-config#sampling
2024-09-08 09:57:04.695+01:00 INFO  c.m.applicationinsights.agent - Application Insights Java Agent 3.5.4 started successfully (PID 63574, JVM running for 6.807 s)
2024-09-08 09:57:04.695+01:00 INFO  c.m.applicationinsights.agent - Java version: 21.0.4, vendor: Oracle Corporation, home: /Users/mandar.risbud/Library/Java/JavaVirtualMachines/graalvm-jdk-21.0.4/Contents/Home
2024-09-08 09:58:40.883+01:00 INFO  c.m.a.a.i.c.ConfigurationBuilder - Some telemetry may be sampled out because a default sampling configuration was added in version 3.4.0 to reduce the default billing cost. You can set the sampling configuration explicitly: https://learn.microsoft.com/azure/azure-monitor/app/java-standalone-config#sampling
2024-09-08 09:58:41.794+01:00 INFO  c.m.applicationinsights.agent - Application Insights Java Agent 3.5.4 started successfully (PID 63941, JVM running for 6.874 s)
2024-09-08 09:58:41.794+01:00 INFO  c.m.applicationinsights.agent - Java version: 21.0.4, vendor: Oracle Corporation, home: /Users/mandar.risbud/Library/Java/JavaVirtualMachines/graalvm-jdk-21.0.4/Contents/Home
2024-09-08 10:00:02.821+01:00 INFO  c.m.a.a.i.c.ConfigurationBuilder - Some telemetry may be sampled out because a default sampling configuration was added in version 3.4.0 to reduce the default billing cost. You can set the sampling configuration explicitly: https://learn.microsoft.com/azure/azure-monitor/app/java-standalone-config#sampling
2024-09-08 10:00:03.711+01:00 INFO  c.m.applicationinsights.agent - Application Insights Java Agent 3.5.4 started successfully (PID 64277, JVM running for 6.831 s)
2024-09-08 10:00:03.712+01:00 INFO  c.m.applicationinsights.agent - Java version: 21.0.4, vendor: Oracle Corporation, home: /Users/mandar.risbud/Library/Java/JavaVirtualMachines/graalvm-jdk-21.0.4/Contents/Home
2024-09-08 10:01:12.357+01:00 INFO  c.m.a.a.i.c.ConfigurationBuilder - Some telemetry may be sampled out because a default sampling configuration was added in version 3.4.0 to reduce the default billing cost. You can set the sampling configuration explicitly: https://learn.microsoft.com/azure/azure-monitor/app/java-standalone-config#sampling
2024-09-08 10:01:13.256+01:00 INFO  c.m.applicationinsights.agent - Application Insights Java Agent 3.5.4 started successfully (PID 64565, JVM running for 6.873 s)
2024-09-08 10:01:13.256+01:00 INFO  c.m.applicationinsights.agent - Java version: 21.0.4, vendor: Oracle Corporation, home: /Users/mandar.risbud/Library/Java/JavaVirtualMachines/graalvm-jdk-21.0.4/Contents/Home
2024-09-08 10:08:59.842+01:00 INFO  c.m.a.a.i.c.ConfigurationBuilder - Some telemetry may be sampled out because a default sampling configuration was added in version 3.4.0 to reduce the default billing cost. You can set the sampling configuration explicitly: https://learn.microsoft.com/azure/azure-monitor/app/java-standalone-config#sampling
2024-09-08 10:09:00.747+01:00 INFO  c.m.applicationinsights.agent - Application Insights Java Agent 3.5.4 started successfully (PID 66439, JVM running for 6.843 s)
2024-09-08 10:09:00.748+01:00 INFO  c.m.applicationinsights.agent - Java version: 21.0.4, vendor: Oracle Corporation, home: /Users/mandar.risbud/Library/Java/JavaVirtualMachines/graalvm-jdk-21.0.4/Contents/Home
2024-09-08 10:14:18.563+01:00 INFO  c.m.a.a.i.c.ConfigurationBuilder - Some telemetry may be sampled out because a default sampling configuration was added in version 3.4.0 to reduce the default billing cost. You can set the sampling configuration explicitly: https://learn.microsoft.com/azure/azure-monitor/app/java-standalone-config#sampling
2024-09-08 10:14:19.477+01:00 INFO  c.m.applicationinsights.agent - Application Insights Java Agent 3.5.4 started successfully (PID 67711, JVM running for 6.878 s)
2024-09-08 10:14:19.478+01:00 INFO  c.m.applicationinsights.agent - Java version: 21.0.4, vendor: Oracle Corporation, home: /Users/mandar.risbud/Library/Java/JavaVirtualMachines/graalvm-jdk-21.0.4/Contents/Home
2024-09-08 10:15:25.907+01:00 INFO  c.m.a.a.i.c.ConfigurationBuilder - Some telemetry may be sampled out because a default sampling configuration was added in version 3.4.0 to reduce the default billing cost. You can set the sampling configuration explicitly: https://learn.microsoft.com/azure/azure-monitor/app/java-standalone-config#sampling
2024-09-08 10:15:26.813+01:00 INFO  c.m.applicationinsights.agent - Application Insights Java Agent 3.5.4 started successfully (PID 67974, JVM running for 6.862 s)
2024-09-08 10:15:26.813+01:00 INFO  c.m.applicationinsights.agent - Java version: 21.0.4, vendor: Oracle Corporation, home: /Users/mandar.risbud/Library/Java/JavaVirtualMachines/graalvm-jdk-21.0.4/Contents/Home
2024-09-08 10:19:14.298+01:00 INFO  c.m.a.a.i.c.ConfigurationBuilder - Some telemetry may be sampled out because a default sampling configuration was added in version 3.4.0 to reduce the default billing cost. You can set the sampling configuration explicitly: https://learn.microsoft.com/azure/azure-monitor/app/java-standalone-config#sampling
2024-09-08 10:19:15.193+01:00 INFO  c.m.applicationinsights.agent - Application Insights Java Agent 3.5.4 started successfully (PID 68866, JVM running for 6.868 s)
2024-09-08 10:19:15.194+01:00 INFO  c.m.applicationinsights.agent - Java version: 21.0.4, vendor: Oracle Corporation, home: /Users/mandar.risbud/Library/Java/JavaVirtualMachines/graalvm-jdk-21.0.4/Contents/Home
2024-09-08 10:39:24.084+01:00 WARN  c.a.m.o.e.i.q.QuickPulsePingSender - Pinging live metrics endpoint: java.net.SocketException: Connection reset (https://eastus.livediagnostics.monitor.azure.com/QuickPulseService.svc) (future warnings will be aggregated and logged once every 5 minutes)
reactor.core.Exceptions$ReactiveException: java.net.SocketException: Connection reset
	at reactor.core.Exceptions.propagate(Exceptions.java:396)
	at reactor.core.publisher.BlockingSingleSubscriber.blockingGet(BlockingSingleSubscriber.java:98)
	at reactor.core.publisher.Mono.block(Mono.java:1742)
	at com.azure.monitor.opentelemetry.exporter.implementation.quickpulse.QuickPulsePingSender.ping(QuickPulsePingSender.java:102)
	at com.azure.monitor.opentelemetry.exporter.implementation.quickpulse.QuickPulseCoordinator.ping(QuickPulseCoordinator.java:99)
	at com.azure.monitor.opentelemetry.exporter.implementation.quickpulse.QuickPulseCoordinator.run(QuickPulseCoordinator.java:53)
	at java.base/java.lang.Thread.run(Thread.java:1583)
	Suppressed: java.lang.Exception: #block terminated with an error
		at reactor.core.publisher.BlockingSingleSubscriber.blockingGet(BlockingSingleSubscriber.java:100)
		... 5 common frames omitted
Caused by: java.net.SocketException: Connection reset
	at java.base/sun.nio.ch.SocketChannelImpl.throwConnectionReset(SocketChannelImpl.java:401)
	at java.base/sun.nio.ch.SocketChannelImpl.read(SocketChannelImpl.java:434)
	at io.netty.buffer.PooledByteBuf.setBytes(PooledByteBuf.java:255)
	at io.netty.buffer.AbstractByteBuf.writeBytes(AbstractByteBuf.java:1132)
	at io.netty.channel.socket.nio.NioSocketChannel.doReadBytes(NioSocketChannel.java:356)
	at io.netty.channel.nio.AbstractNioByteChannel$NioByteUnsafe.read(AbstractNioByteChannel.java:151)
	at io.netty.channel.nio.NioEventLoop.processSelectedKey(NioEventLoop.java:788)
	at io.netty.channel.nio.NioEventLoop.processSelectedKeysOptimized(NioEventLoop.java:724)
	at io.netty.channel.nio.NioEventLoop.processSelectedKeys(NioEventLoop.java:650)
	at io.netty.channel.nio.NioEventLoop.run(NioEventLoop.java:562)
	at io.netty.util.concurrent.SingleThreadEventExecutor$4.run(SingleThreadEventExecutor.java:994)
	at io.netty.util.internal.ThreadExecutorMap$2.run(ThreadExecutorMap.java:74)
	at io.netty.util.concurrent.FastThreadLocalRunnable.run(FastThreadLocalRunnable.java:30)
	... 1 common frames omitted
2024-09-08 12:37:34.522+01:00 WARN  c.a.m.o.e.i.q.QuickPulsePingSender - In the last 5 minutes, the following operation has failed 4 times (out of 85): Pinging live metrics endpoint:
 * java.net.SocketException: Connection reset (https://eastus.livediagnostics.monitor.azure.com/QuickPulseService.svc) (4 times)
2024-09-08 12:39:47.988+01:00 INFO  c.m.a.a.i.c.ConfigurationBuilder - Some telemetry may be sampled out because a default sampling configuration was added in version 3.4.0 to reduce the default billing cost. You can set the sampling configuration explicitly: https://learn.microsoft.com/azure/azure-monitor/app/java-standalone-config#sampling
2024-09-08 12:39:48.895+01:00 INFO  c.m.applicationinsights.agent - Application Insights Java Agent 3.5.4 started successfully (PID 71187, JVM running for 6.942 s)
2024-09-08 12:39:48.895+01:00 INFO  c.m.applicationinsights.agent - Java version: 21.0.4, vendor: Oracle Corporation, home: /Users/mandar.risbud/Library/Java/JavaVirtualMachines/graalvm-jdk-21.0.4/Contents/Home
2024-09-08 12:45:08.252+01:00 INFO  c.m.a.a.i.c.ConfigurationBuilder - Some telemetry may be sampled out because a default sampling configuration was added in version 3.4.0 to reduce the default billing cost. You can set the sampling configuration explicitly: https://learn.microsoft.com/azure/azure-monitor/app/java-standalone-config#sampling
2024-09-08 12:45:09.161+01:00 INFO  c.m.applicationinsights.agent - Application Insights Java Agent 3.5.4 started successfully (PID 72445, JVM running for 6.931 s)
2024-09-08 12:45:09.161+01:00 INFO  c.m.applicationinsights.agent - Java version: 21.0.4, vendor: Oracle Corporation, home: /Users/mandar.risbud/Library/Java/JavaVirtualMachines/graalvm-jdk-21.0.4/Contents/Home
2024-09-08 12:45:59.934+01:00 INFO  c.m.a.a.i.c.ConfigurationBuilder - Some telemetry may be sampled out because a default sampling configuration was added in version 3.4.0 to reduce the default billing cost. You can set the sampling configuration explicitly: https://learn.microsoft.com/azure/azure-monitor/app/java-standalone-config#sampling
2024-09-08 12:46:00.843+01:00 INFO  c.m.applicationinsights.agent - Application Insights Java Agent 3.5.4 started successfully (PID 72652, JVM running for 6.946 s)
2024-09-08 12:46:00.844+01:00 INFO  c.m.applicationinsights.agent - Java version: 21.0.4, vendor: Oracle Corporation, home: /Users/mandar.risbud/Library/Java/JavaVirtualMachines/graalvm-jdk-21.0.4/Contents/Home
2024-09-08 12:47:41.814+01:00 INFO  c.m.a.a.i.c.ConfigurationBuilder - Some telemetry may be sampled out because a default sampling configuration was added in version 3.4.0 to reduce the default billing cost. You can set the sampling configuration explicitly: https://learn.microsoft.com/azure/azure-monitor/app/java-standalone-config#sampling
2024-09-08 12:47:42.708+01:00 INFO  c.m.applicationinsights.agent - Application Insights Java Agent 3.5.4 started successfully (PID 73045, JVM running for 6.88 s)
2024-09-08 12:47:42.709+01:00 INFO  c.m.applicationinsights.agent - Java version: 21.0.4, vendor: Oracle Corporation, home: /Users/mandar.risbud/Library/Java/JavaVirtualMachines/graalvm-jdk-21.0.4/Contents/Home
2024-09-08 12:57:30.334+01:00 INFO  c.m.a.a.i.c.ConfigurationBuilder - Some telemetry may be sampled out because a default sampling configuration was added in version 3.4.0 to reduce the default billing cost. You can set the sampling configuration explicitly: https://learn.microsoft.com/azure/azure-monitor/app/java-standalone-config#sampling
2024-09-08 12:57:31.253+01:00 INFO  c.m.applicationinsights.agent - Application Insights Java Agent 3.5.4 started successfully (PID 75303, JVM running for 6.93 s)
2024-09-08 12:57:31.254+01:00 INFO  c.m.applicationinsights.agent - Java version: 21.0.4, vendor: Oracle Corporation, home: /Users/mandar.risbud/Library/Java/JavaVirtualMachines/graalvm-jdk-21.0.4/Contents/Home
2024-09-08 12:59:09.258+01:00 INFO  c.m.a.a.i.c.ConfigurationBuilder - Some telemetry may be sampled out because a default sampling configuration was added in version 3.4.0 to reduce the default billing cost. You can set the sampling configuration explicitly: https://learn.microsoft.com/azure/azure-monitor/app/java-standalone-config#sampling
2024-09-08 12:59:10.135+01:00 INFO  c.m.applicationinsights.agent - Application Insights Java Agent 3.5.4 started successfully (PID 75697, JVM running for 6.904 s)
2024-09-08 12:59:10.136+01:00 INFO  c.m.applicationinsights.agent - Java version: 21.0.4, vendor: Oracle Corporation, home: /Users/mandar.risbud/Library/Java/JavaVirtualMachines/graalvm-jdk-21.0.4/Contents/Home
2024-09-08 13:01:33.176+01:00 INFO  c.m.a.a.i.c.ConfigurationBuilder - Some telemetry may be sampled out because a default sampling configuration was added in version 3.4.0 to reduce the default billing cost. You can set the sampling configuration explicitly: https://learn.microsoft.com/azure/azure-monitor/app/java-standalone-config#sampling
2024-09-08 13:01:34.168+01:00 INFO  c.m.applicationinsights.agent - Application Insights Java Agent 3.5.4 started successfully (PID 76267, JVM running for 7.039 s)
2024-09-08 13:01:34.169+01:00 INFO  c.m.applicationinsights.agent - Java version: 21.0.4, vendor: Oracle Corporation, home: /Users/mandar.risbud/Library/Java/JavaVirtualMachines/graalvm-jdk-21.0.4/Contents/Home
2024-09-08 13:08:13.506+01:00 INFO  c.m.a.a.i.c.ConfigurationBuilder - Some telemetry may be sampled out because a default sampling configuration was added in version 3.4.0 to reduce the default billing cost. You can set the sampling configuration explicitly: https://learn.microsoft.com/azure/azure-monitor/app/java-standalone-config#sampling
2024-09-08 13:08:14.552+01:00 INFO  c.m.applicationinsights.agent - Application Insights Java Agent 3.5.4 started successfully (PID 77784, JVM running for 7.157 s)
2024-09-08 13:08:14.552+01:00 INFO  c.m.applicationinsights.agent - Java version: 21.0.4, vendor: Oracle Corporation, home: /Users/mandar.risbud/Library/Java/JavaVirtualMachines/graalvm-jdk-21.0.4/Contents/Home
2024-09-08 13:12:05.465+01:00 INFO  c.m.a.a.i.c.ConfigurationBuilder - Some telemetry may be sampled out because a default sampling configuration was added in version 3.4.0 to reduce the default billing cost. You can set the sampling configuration explicitly: https://learn.microsoft.com/azure/azure-monitor/app/java-standalone-config#sampling
2024-09-08 13:12:06.506+01:00 INFO  c.m.applicationinsights.agent - Application Insights Java Agent 3.5.4 started successfully (PID 78687, JVM running for 7.189 s)
2024-09-08 13:12:06.506+01:00 INFO  c.m.applicationinsights.agent - Java version: 21.0.4, vendor: Oracle Corporation, home: /Users/mandar.risbud/Library/Java/JavaVirtualMachines/graalvm-jdk-21.0.4/Contents/Home
2024-09-08 13:24:31.918+01:00 INFO  c.m.a.a.i.c.ConfigurationBuilder - Some telemetry may be sampled out because a default sampling configuration was added in version 3.4.0 to reduce the default billing cost. You can set the sampling configuration explicitly: https://learn.microsoft.com/azure/azure-monitor/app/java-standalone-config#sampling
2024-09-08 13:24:32.981+01:00 INFO  c.m.applicationinsights.agent - Application Insights Java Agent 3.5.4 started successfully (PID 81581, JVM running for 7.194 s)
2024-09-08 13:24:32.982+01:00 INFO  c.m.applicationinsights.agent - Java version: 21.0.4, vendor: Oracle Corporation, home: /Users/mandar.risbud/Library/Java/JavaVirtualMachines/graalvm-jdk-21.0.4/Contents/Home
2024-09-08 13:25:51.093+01:00 WARN  c.a.m.o.e.i.q.QuickPulsePingSender - Pinging live metrics endpoint: java.net.SocketException: Connection reset (https://eastus.livediagnostics.monitor.azure.com/QuickPulseService.svc) (future warnings will be aggregated and logged once every 5 minutes)
reactor.core.Exceptions$ReactiveException: java.net.SocketException: Connection reset
	at reactor.core.Exceptions.propagate(Exceptions.java:396)
	at reactor.core.publisher.BlockingSingleSubscriber.blockingGet(BlockingSingleSubscriber.java:98)
	at reactor.core.publisher.Mono.block(Mono.java:1742)
	at com.azure.monitor.opentelemetry.exporter.implementation.quickpulse.QuickPulsePingSender.ping(QuickPulsePingSender.java:102)
	at com.azure.monitor.opentelemetry.exporter.implementation.quickpulse.QuickPulseCoordinator.ping(QuickPulseCoordinator.java:99)
	at com.azure.monitor.opentelemetry.exporter.implementation.quickpulse.QuickPulseCoordinator.run(QuickPulseCoordinator.java:53)
	at java.base/java.lang.Thread.run(Thread.java:1583)
	Suppressed: java.lang.Exception: #block terminated with an error
		at reactor.core.publisher.BlockingSingleSubscriber.blockingGet(BlockingSingleSubscriber.java:100)
		... 5 common frames omitted
Caused by: java.net.SocketException: Connection reset
	at java.base/sun.nio.ch.SocketChannelImpl.throwConnectionReset(SocketChannelImpl.java:401)
	at java.base/sun.nio.ch.SocketChannelImpl.read(SocketChannelImpl.java:434)
	at io.netty.buffer.PooledByteBuf.setBytes(PooledByteBuf.java:255)
	at io.netty.buffer.AbstractByteBuf.writeBytes(AbstractByteBuf.java:1132)
	at io.netty.channel.socket.nio.NioSocketChannel.doReadBytes(NioSocketChannel.java:356)
	at io.netty.channel.nio.AbstractNioByteChannel$NioByteUnsafe.read(AbstractNioByteChannel.java:151)
	at io.netty.channel.nio.NioEventLoop.processSelectedKey(NioEventLoop.java:788)
	at io.netty.channel.nio.NioEventLoop.processSelectedKeysOptimized(NioEventLoop.java:724)
	at io.netty.channel.nio.NioEventLoop.processSelectedKeys(NioEventLoop.java:650)
	at io.netty.channel.nio.NioEventLoop.run(NioEventLoop.java:562)
	at io.netty.util.concurrent.SingleThreadEventExecutor$4.run(SingleThreadEventExecutor.java:994)
	at io.netty.util.internal.ThreadExecutorMap$2.run(ThreadExecutorMap.java:74)
	at io.netty.util.concurrent.FastThreadLocalRunnable.run(FastThreadLocalRunnable.java:30)
	... 1 common frames omitted
2024-09-08 13:27:15.678+01:00 INFO  c.m.a.a.i.c.ConfigurationBuilder - Some telemetry may be sampled out because a default sampling configuration was added in version 3.4.0 to reduce the default billing cost. You can set the sampling configuration explicitly: https://learn.microsoft.com/azure/azure-monitor/app/java-standalone-config#sampling
2024-09-08 13:27:16.707+01:00 INFO  c.m.applicationinsights.agent - Application Insights Java Agent 3.5.4 started successfully (PID 82212, JVM running for 7.161 s)
2024-09-08 13:27:16.707+01:00 INFO  c.m.applicationinsights.agent - Java version: 21.0.4, vendor: Oracle Corporation, home: /Users/mandar.risbud/Library/Java/JavaVirtualMachines/graalvm-jdk-21.0.4/Contents/Home
2024-09-08 13:37:30.383+01:00 INFO  c.m.a.a.i.c.ConfigurationBuilder - Some telemetry may be sampled out because a default sampling configuration was added in version 3.4.0 to reduce the default billing cost. You can set the sampling configuration explicitly: https://learn.microsoft.com/azure/azure-monitor/app/java-standalone-config#sampling
2024-09-08 13:37:31.434+01:00 INFO  c.m.applicationinsights.agent - Application Insights Java Agent 3.5.4 started successfully (PID 84575, JVM running for 7.195 s)
2024-09-08 13:37:31.434+01:00 INFO  c.m.applicationinsights.agent - Java version: 21.0.4, vendor: Oracle Corporation, home: /Users/mandar.risbud/Library/Java/JavaVirtualMachines/graalvm-jdk-21.0.4/Contents/Home
2024-09-08 13:39:12.147+01:00 INFO  c.m.a.a.i.c.ConfigurationBuilder - Some telemetry may be sampled out because a default sampling configuration was added in version 3.4.0 to reduce the default billing cost. You can set the sampling configuration explicitly: https://learn.microsoft.com/azure/azure-monitor/app/java-standalone-config#sampling
2024-09-08 13:39:13.191+01:00 INFO  c.m.applicationinsights.agent - Application Insights Java Agent 3.5.4 started successfully (PID 84968, JVM running for 7.149 s)
2024-09-08 13:39:13.191+01:00 INFO  c.m.applicationinsights.agent - Java version: 21.0.4, vendor: Oracle Corporation, home: /Users/mandar.risbud/Library/Java/JavaVirtualMachines/graalvm-jdk-21.0.4/Contents/Home
2024-09-08 13:39:47.947+01:00 INFO  c.m.a.a.i.c.ConfigurationBuilder - Some telemetry may be sampled out because a default sampling configuration was added in version 3.4.0 to reduce the default billing cost. You can set the sampling configuration explicitly: https://learn.microsoft.com/azure/azure-monitor/app/java-standalone-config#sampling
2024-09-08 13:39:48.987+01:00 INFO  c.m.applicationinsights.agent - Application Insights Java Agent 3.5.4 started successfully (PID 85128, JVM running for 7.157 s)
2024-09-08 13:39:48.987+01:00 INFO  c.m.applicationinsights.agent - Java version: 21.0.4, vendor: Oracle Corporation, home: /Users/mandar.risbud/Library/Java/JavaVirtualMachines/graalvm-jdk-21.0.4/Contents/Home
2024-09-08 13:40:36.734+01:00 INFO  c.m.a.a.i.c.ConfigurationBuilder - Some telemetry may be sampled out because a default sampling configuration was added in version 3.4.0 to reduce the default billing cost. You can set the sampling configuration explicitly: https://learn.microsoft.com/azure/azure-monitor/app/java-standalone-config#sampling
2024-09-08 13:40:37.769+01:00 INFO  c.m.applicationinsights.agent - Application Insights Java Agent 3.5.4 started successfully (PID 85327, JVM running for 7.17 s)
2024-09-08 13:40:37.769+01:00 INFO  c.m.applicationinsights.agent - Java version: 21.0.4, vendor: Oracle Corporation, home: /Users/mandar.risbud/Library/Java/JavaVirtualMachines/graalvm-jdk-21.0.4/Contents/Home
2024-09-08 13:50:48.580+01:00 INFO  c.m.a.a.i.c.ConfigurationBuilder - Some telemetry may be sampled out because a default sampling configuration was added in version 3.4.0 to reduce the default billing cost. You can set the sampling configuration explicitly: https://learn.microsoft.com/azure/azure-monitor/app/java-standalone-config#sampling
2024-09-08 13:50:49.616+01:00 INFO  c.m.applicationinsights.agent - Application Insights Java Agent 3.5.4 started successfully (PID 87783, JVM running for 7.138 s)
2024-09-08 13:50:49.616+01:00 INFO  c.m.applicationinsights.agent - Java version: 21.0.4, vendor: Oracle Corporation, home: /Users/mandar.risbud/Library/Java/JavaVirtualMachines/graalvm-jdk-21.0.4/Contents/Home
2024-09-08 13:53:47.360+01:00 INFO  c.m.a.a.i.c.ConfigurationBuilder - Some telemetry may be sampled out because a default sampling configuration was added in version 3.4.0 to reduce the default billing cost. You can set the sampling configuration explicitly: https://learn.microsoft.com/azure/azure-monitor/app/java-standalone-config#sampling
2024-09-08 13:53:48.404+01:00 INFO  c.m.applicationinsights.agent - Application Insights Java Agent 3.5.4 started successfully (PID 88543, JVM running for 7.171 s)
2024-09-08 13:53:48.405+01:00 INFO  c.m.applicationinsights.agent - Java version: 21.0.4, vendor: Oracle Corporation, home: /Users/mandar.risbud/Library/Java/JavaVirtualMachines/graalvm-jdk-21.0.4/Contents/Home
2024-09-08 13:58:18.076+01:00 INFO  c.m.a.a.i.c.ConfigurationBuilder - Some telemetry may be sampled out because a default sampling configuration was added in version 3.4.0 to reduce the default billing cost. You can set the sampling configuration explicitly: https://learn.microsoft.com/azure/azure-monitor/app/java-standalone-config#sampling
2024-09-08 13:58:19.132+01:00 INFO  c.m.applicationinsights.agent - Application Insights Java Agent 3.5.4 started successfully (PID 89574, JVM running for 7.18 s)
2024-09-08 13:58:19.132+01:00 INFO  c.m.applicationinsights.agent - Java version: 21.0.4, vendor: Oracle Corporation, home: /Users/mandar.risbud/Library/Java/JavaVirtualMachines/graalvm-jdk-21.0.4/Contents/Home
2024-09-08 13:58:41.328+01:00 INFO  c.m.a.a.i.c.ConfigurationBuilder - Some telemetry may be sampled out because a default sampling configuration was added in version 3.4.0 to reduce the default billing cost. You can set the sampling configuration explicitly: https://learn.microsoft.com/azure/azure-monitor/app/java-standalone-config#sampling
2024-09-08 13:58:42.410+01:00 INFO  c.m.applicationinsights.agent - Application Insights Java Agent 3.5.4 started successfully (PID 89670, JVM running for 7.199 s)
2024-09-08 13:58:42.411+01:00 INFO  c.m.applicationinsights.agent - Java version: 21.0.4, vendor: Oracle Corporation, home: /Users/mandar.risbud/Library/Java/JavaVirtualMachines/graalvm-jdk-21.0.4/Contents/Home
2024-09-08 14:25:52.863+01:00 WARN  c.a.m.o.e.i.q.QuickPulsePingSender - Pinging live metrics endpoint: java.net.SocketException: Connection reset (https://eastus.livediagnostics.monitor.azure.com/QuickPulseService.svc) (future warnings will be aggregated and logged once every 5 minutes)
reactor.core.Exceptions$ReactiveException: java.net.SocketException: Connection reset
	at reactor.core.Exceptions.propagate(Exceptions.java:396)
	at reactor.core.publisher.BlockingSingleSubscriber.blockingGet(BlockingSingleSubscriber.java:98)
	at reactor.core.publisher.Mono.block(Mono.java:1742)
	at com.azure.monitor.opentelemetry.exporter.implementation.quickpulse.QuickPulsePingSender.ping(QuickPulsePingSender.java:102)
	at com.azure.monitor.opentelemetry.exporter.implementation.quickpulse.QuickPulseCoordinator.ping(QuickPulseCoordinator.java:99)
	at com.azure.monitor.opentelemetry.exporter.implementation.quickpulse.QuickPulseCoordinator.run(QuickPulseCoordinator.java:53)
	at java.base/java.lang.Thread.run(Thread.java:1583)
	Suppressed: java.lang.Exception: #block terminated with an error
		at reactor.core.publisher.BlockingSingleSubscriber.blockingGet(BlockingSingleSubscriber.java:100)
		... 5 common frames omitted
Caused by: java.net.SocketException: Connection reset
	at java.base/sun.nio.ch.SocketChannelImpl.throwConnectionReset(SocketChannelImpl.java:401)
	at java.base/sun.nio.ch.SocketChannelImpl.read(SocketChannelImpl.java:434)
	at io.netty.buffer.PooledByteBuf.setBytes(PooledByteBuf.java:255)
	at io.netty.buffer.AbstractByteBuf.writeBytes(AbstractByteBuf.java:1132)
	at io.netty.channel.socket.nio.NioSocketChannel.doReadBytes(NioSocketChannel.java:356)
	at io.netty.channel.nio.AbstractNioByteChannel$NioByteUnsafe.read(AbstractNioByteChannel.java:151)
	at io.netty.channel.nio.NioEventLoop.processSelectedKey(NioEventLoop.java:788)
	at io.netty.channel.nio.NioEventLoop.processSelectedKeysOptimized(NioEventLoop.java:724)
	at io.netty.channel.nio.NioEventLoop.processSelectedKeys(NioEventLoop.java:650)
	at io.netty.channel.nio.NioEventLoop.run(NioEventLoop.java:562)
	at io.netty.util.concurrent.SingleThreadEventExecutor$4.run(SingleThreadEventExecutor.java:994)
	at io.netty.util.internal.ThreadExecutorMap$2.run(ThreadExecutorMap.java:74)
	at io.netty.util.concurrent.FastThreadLocalRunnable.run(FastThreadLocalRunnable.java:30)
	... 1 common frames omitted
2024-09-08 16:00:04.409+01:00 INFO  c.m.a.a.i.c.ConfigurationBuilder - Some telemetry may be sampled out because a default sampling configuration was added in version 3.4.0 to reduce the default billing cost. You can set the sampling configuration explicitly: https://learn.microsoft.com/azure/azure-monitor/app/java-standalone-config#sampling
2024-09-08 16:00:05.481+01:00 INFO  c.m.applicationinsights.agent - Application Insights Java Agent 3.5.4 started successfully (PID 91121, JVM running for 7.213 s)
2024-09-08 16:00:05.481+01:00 INFO  c.m.applicationinsights.agent - Java version: 21.0.4, vendor: Oracle Corporation, home: /Users/mandar.risbud/Library/Java/JavaVirtualMachines/graalvm-jdk-21.0.4/Contents/Home
2024-09-08 16:04:27.523+01:00 INFO  c.m.a.a.i.c.ConfigurationBuilder - Some telemetry may be sampled out because a default sampling configuration was added in version 3.4.0 to reduce the default billing cost. You can set the sampling configuration explicitly: https://learn.microsoft.com/azure/azure-monitor/app/java-standalone-config#sampling
2024-09-08 16:04:28.560+01:00 INFO  c.m.applicationinsights.agent - Application Insights Java Agent 3.5.4 started successfully (PID 92164, JVM running for 7.163 s)
2024-09-08 16:04:28.560+01:00 INFO  c.m.applicationinsights.agent - Java version: 21.0.4, vendor: Oracle Corporation, home: /Users/mandar.risbud/Library/Java/JavaVirtualMachines/graalvm-jdk-21.0.4/Contents/Home
2024-09-08 16:07:24.850+01:00 INFO  c.m.a.a.i.c.ConfigurationBuilder - Some telemetry may be sampled out because a default sampling configuration was added in version 3.4.0 to reduce the default billing cost. You can set the sampling configuration explicitly: https://learn.microsoft.com/azure/azure-monitor/app/java-standalone-config#sampling
2024-09-08 16:07:25.909+01:00 INFO  c.m.applicationinsights.agent - Application Insights Java Agent 3.5.4 started successfully (PID 92899, JVM running for 7.192 s)
2024-09-08 16:07:25.910+01:00 INFO  c.m.applicationinsights.agent - Java version: 21.0.4, vendor: Oracle Corporation, home: /Users/mandar.risbud/Library/Java/JavaVirtualMachines/graalvm-jdk-21.0.4/Contents/Home
2024-09-08 16:08:46.747+01:00 INFO  c.m.a.a.i.c.ConfigurationBuilder - Some telemetry may be sampled out because a default sampling configuration was added in version 3.4.0 to reduce the default billing cost. You can set the sampling configuration explicitly: https://learn.microsoft.com/azure/azure-monitor/app/java-standalone-config#sampling
2024-09-08 16:08:47.780+01:00 INFO  c.m.applicationinsights.agent - Application Insights Java Agent 3.5.4 started successfully (PID 93212, JVM running for 7.118 s)
2024-09-08 16:08:47.780+01:00 INFO  c.m.applicationinsights.agent - Java version: 21.0.4, vendor: Oracle Corporation, home: /Users/mandar.risbud/Library/Java/JavaVirtualMachines/graalvm-jdk-21.0.4/Contents/Home
2024-09-08 16:14:20.248+01:00 INFO  c.m.a.a.i.c.ConfigurationBuilder - Some telemetry may be sampled out because a default sampling configuration was added in version 3.4.0 to reduce the default billing cost. You can set the sampling configuration explicitly: https://learn.microsoft.com/azure/azure-monitor/app/java-standalone-config#sampling
2024-09-08 16:14:21.271+01:00 INFO  c.m.applicationinsights.agent - Application Insights Java Agent 3.5.4 started successfully (PID 94479, JVM running for 7.094 s)
2024-09-08 16:14:21.272+01:00 INFO  c.m.applicationinsights.agent - Java version: 21.0.4, vendor: Oracle Corporation, home: /Users/mandar.risbud/Library/Java/JavaVirtualMachines/graalvm-jdk-21.0.4/Contents/Home
2024-09-08 16:18:25.882+01:00 INFO  c.m.a.a.i.c.ConfigurationBuilder - Some telemetry may be sampled out because a default sampling configuration was added in version 3.4.0 to reduce the default billing cost. You can set the sampling configuration explicitly: https://learn.microsoft.com/azure/azure-monitor/app/java-standalone-config#sampling
2024-09-08 16:18:26.907+01:00 INFO  c.m.applicationinsights.agent - Application Insights Java Agent 3.5.4 started successfully (PID 95439, JVM running for 7.103 s)
2024-09-08 16:18:26.907+01:00 INFO  c.m.applicationinsights.agent - Java version: 21.0.4, vendor: Oracle Corporation, home: /Users/mandar.risbud/Library/Java/JavaVirtualMachines/graalvm-jdk-21.0.4/Contents/Home
2024-09-08 16:24:18.610+01:00 INFO  c.m.a.a.i.c.ConfigurationBuilder - Some telemetry may be sampled out because a default sampling configuration was added in version 3.4.0 to reduce the default billing cost. You can set the sampling configuration explicitly: https://learn.microsoft.com/azure/azure-monitor/app/java-standalone-config#sampling
2024-09-08 16:24:19.643+01:00 INFO  c.m.applicationinsights.agent - Application Insights Java Agent 3.5.4 started successfully (PID 96776, JVM running for 7.138 s)
2024-09-08 16:24:19.644+01:00 INFO  c.m.applicationinsights.agent - Java version: 21.0.4, vendor: Oracle Corporation, home: /Users/mandar.risbud/Library/Java/JavaVirtualMachines/graalvm-jdk-21.0.4/Contents/Home
2024-09-08 16:27:25.948+01:00 INFO  c.m.a.a.i.c.ConfigurationBuilder - Some telemetry may be sampled out because a default sampling configuration was added in version 3.4.0 to reduce the default billing cost. You can set the sampling configuration explicitly: https://learn.microsoft.com/azure/azure-monitor/app/java-standalone-config#sampling
2024-09-08 16:27:27.029+01:00 INFO  c.m.applicationinsights.agent - Application Insights Java Agent 3.5.4 started successfully (PID 97508, JVM running for 7.218 s)
2024-09-08 16:27:27.030+01:00 INFO  c.m.applicationinsights.agent - Java version: 21.0.4, vendor: Oracle Corporation, home: /Users/mandar.risbud/Library/Java/JavaVirtualMachines/graalvm-jdk-21.0.4/Contents/Home
2024-09-08 16:31:56.605+01:00 INFO  c.m.a.a.i.c.ConfigurationBuilder - Some telemetry may be sampled out because a default sampling configuration was added in version 3.4.0 to reduce the default billing cost. You can set the sampling configuration explicitly: https://learn.microsoft.com/azure/azure-monitor/app/java-standalone-config#sampling
2024-09-08 16:31:57.656+01:00 INFO  c.m.applicationinsights.agent - Application Insights Java Agent 3.5.4 started successfully (PID 98551, JVM running for 7.168 s)
2024-09-08 16:31:57.657+01:00 INFO  c.m.applicationinsights.agent - Java version: 21.0.4, vendor: Oracle Corporation, home: /Users/mandar.risbud/Library/Java/JavaVirtualMachines/graalvm-jdk-21.0.4/Contents/Home
2024-09-08 16:37:48.787+01:00 INFO  c.m.a.a.i.c.ConfigurationBuilder - Some telemetry may be sampled out because a default sampling configuration was added in version 3.4.0 to reduce the default billing cost. You can set the sampling configuration explicitly: https://learn.microsoft.com/azure/azure-monitor/app/java-standalone-config#sampling
2024-09-08 16:37:49.868+01:00 INFO  c.m.applicationinsights.agent - Application Insights Java Agent 3.5.4 started successfully (PID 99909, JVM running for 7.226 s)
2024-09-08 16:37:49.869+01:00 INFO  c.m.applicationinsights.agent - Java version: 21.0.4, vendor: Oracle Corporation, home: /Users/mandar.risbud/Library/Java/JavaVirtualMachines/graalvm-jdk-21.0.4/Contents/Home
2024-09-08 16:43:33.991+01:00 INFO  c.m.a.a.i.c.ConfigurationBuilder - Some telemetry may be sampled out because a default sampling configuration was added in version 3.4.0 to reduce the default billing cost. You can set the sampling configuration explicitly: https://learn.microsoft.com/azure/azure-monitor/app/java-standalone-config#sampling
2024-09-08 16:43:35.030+01:00 INFO  c.m.applicationinsights.agent - Application Insights Java Agent 3.5.4 started successfully (PID 1511, JVM running for 7.243 s)
2024-09-08 16:43:35.031+01:00 INFO  c.m.applicationinsights.agent - Java version: 21.0.4, vendor: Oracle Corporation, home: /Users/mandar.risbud/Library/Java/JavaVirtualMachines/graalvm-jdk-21.0.4/Contents/Home
2024-09-08 17:09:19.086+01:00 WARN  c.a.m.o.e.i.q.QuickPulsePingSender - Pinging live metrics endpoint: java.io.IOException: Operation timed out (https://eastus.livediagnostics.monitor.azure.com/QuickPulseService.svc) (future warnings will be aggregated and logged once every 5 minutes)
reactor.core.Exceptions$ReactiveException: java.io.IOException: Operation timed out
	at reactor.core.Exceptions.propagate(Exceptions.java:396)
	at reactor.core.publisher.BlockingSingleSubscriber.blockingGet(BlockingSingleSubscriber.java:98)
	at reactor.core.publisher.Mono.block(Mono.java:1742)
	at com.azure.monitor.opentelemetry.exporter.implementation.quickpulse.QuickPulsePingSender.ping(QuickPulsePingSender.java:102)
	at com.azure.monitor.opentelemetry.exporter.implementation.quickpulse.QuickPulseCoordinator.ping(QuickPulseCoordinator.java:99)
	at com.azure.monitor.opentelemetry.exporter.implementation.quickpulse.QuickPulseCoordinator.run(QuickPulseCoordinator.java:53)
	at java.base/java.lang.Thread.run(Thread.java:1583)
	Suppressed: java.lang.Exception: #block terminated with an error
		at reactor.core.publisher.BlockingSingleSubscriber.blockingGet(BlockingSingleSubscriber.java:100)
		... 5 common frames omitted
Caused by: java.io.IOException: Operation timed out
	at java.base/sun.nio.ch.SocketDispatcher.read0(Native Method)
	at java.base/sun.nio.ch.SocketDispatcher.read(SocketDispatcher.java:47)
	at java.base/sun.nio.ch.IOUtil.readIntoNativeBuffer(IOUtil.java:340)
	at java.base/sun.nio.ch.IOUtil.read(IOUtil.java:294)
	at java.base/sun.nio.ch.IOUtil.read(IOUtil.java:269)
	at java.base/sun.nio.ch.SocketChannelImpl.read(SocketChannelImpl.java:425)
	at io.netty.buffer.PooledByteBuf.setBytes(PooledByteBuf.java:255)
	at io.netty.buffer.AbstractByteBuf.writeBytes(AbstractByteBuf.java:1132)
	at io.netty.channel.socket.nio.NioSocketChannel.doReadBytes(NioSocketChannel.java:356)
	at io.netty.channel.nio.AbstractNioByteChannel$NioByteUnsafe.read(AbstractNioByteChannel.java:151)
	at io.netty.channel.nio.NioEventLoop.processSelectedKey(NioEventLoop.java:788)
	at io.netty.channel.nio.NioEventLoop.processSelectedKeysOptimized(NioEventLoop.java:724)
	at io.netty.channel.nio.NioEventLoop.processSelectedKeys(NioEventLoop.java:650)
	at io.netty.channel.nio.NioEventLoop.run(NioEventLoop.java:562)
	at io.netty.util.concurrent.SingleThreadEventExecutor$4.run(SingleThreadEventExecutor.java:994)
	at io.netty.util.internal.ThreadExecutorMap$2.run(ThreadExecutorMap.java:74)
	at io.netty.util.concurrent.FastThreadLocalRunnable.run(FastThreadLocalRunnable.java:30)
	... 1 common frames omitted
2024-09-08 17:09:45.238+01:00 WARN  c.a.m.o.e.i.p.TelemetryPipeline - Sending telemetry to the ingestion service (retry from disk): connection timed out after 10000 ms: eastus-8.in.applicationinsights.azure.com/10.0.0.1:443 (https://eastus-8.in.applicationinsights.azure.com/v2.1/track) (will be retried again) (future warnings will be aggregated and logged once every 5 minutes)
io.netty.channel.ConnectTimeoutException: connection timed out after 10000 ms: eastus-8.in.applicationinsights.azure.com/10.0.0.1:443
	at io.netty.channel.nio.AbstractNioChannel$AbstractNioUnsafe$1.run(AbstractNioChannel.java:263)
	at io.netty.util.concurrent.PromiseTask.runTask(PromiseTask.java:98)
	at io.netty.util.concurrent.ScheduledFutureTask.run(ScheduledFutureTask.java:156)
	at io.netty.util.concurrent.AbstractEventExecutor.runTask(AbstractEventExecutor.java:173)
	at io.netty.util.concurrent.AbstractEventExecutor.safeExecute(AbstractEventExecutor.java:166)
	at io.netty.util.concurrent.SingleThreadEventExecutor.runAllTasks(SingleThreadEventExecutor.java:469)
	at io.netty.channel.nio.NioEventLoop.run(NioEventLoop.java:569)
	at io.netty.util.concurrent.SingleThreadEventExecutor$4.run(SingleThreadEventExecutor.java:994)
	at io.netty.util.internal.ThreadExecutorMap$2.run(ThreadExecutorMap.java:74)
	at io.netty.util.concurrent.FastThreadLocalRunnable.run(FastThreadLocalRunnable.java:30)
	at java.base/java.lang.Thread.run(Thread.java:1583)
2024-09-08 17:14:19.095+01:00 WARN  c.a.m.o.e.i.q.QuickPulsePingSender - In the last 5 minutes, the following operation has failed 2 times (out of 329): Pinging live metrics endpoint:
 * io.netty.channel.ConnectTimeoutException: connection timed out after 10000 ms: eastus.livediagnostics.monitor.azure.com/10.0.0.1:443 (https://eastus.livediagnostics.monitor.azure.com/QuickPulseService.svc) (2 times)
2024-09-08 17:51:43.390+01:00 WARN  c.a.m.o.e.i.q.QuickPulsePingSender - In the last 5 minutes, the following operation has failed 1 times (out of 46): Pinging live metrics endpoint:
 * java.util.concurrent.TimeoutException: Channel response timed out after 60000 milliseconds. (https://eastus.livediagnostics.monitor.azure.com/QuickPulseService.svc) (1 times)
2024-09-08 19:21:50.739+01:00 WARN  c.a.m.o.e.i.q.QuickPulsePingSender - In the last 5 minutes, the following operation has failed 3 times (out of 57): Pinging live metrics endpoint:
 * java.net.SocketException: Connection reset (https://eastus.livediagnostics.monitor.azure.com/QuickPulseService.svc) (3 times)
2024-09-08 20:57:24.492+01:00 WARN  c.a.m.o.e.i.q.QuickPulsePingSender - In the last 5 minutes, the following operation has failed 1 times (out of 57): Pinging live metrics endpoint:
 * java.net.SocketException: Connection reset (https://eastus.livediagnostics.monitor.azure.com/QuickPulseService.svc) (1 times)
2024-09-08 21:51:31.052+01:00 WARN  c.a.m.o.e.i.q.QuickPulsePingSender - In the last 5 minutes, the following operation has failed 3 times (out of 57): Pinging live metrics endpoint:
 * java.net.SocketException: Connection reset (https://eastus.livediagnostics.monitor.azure.com/QuickPulseService.svc) (3 times)
2024-09-08 21:51:57.191+01:00 WARN  c.a.m.o.e.i.p.TelemetryPipeline - In the last 5 minutes, the following operation has failed 1 times (out of 3): Sending telemetry to the ingestion service (retry from disk):
 * Connection reset (https://eastus-8.in.applicationinsights.azure.com/v2.1/track) (will be retried again) (1 times)
2024-09-08 22:29:33.015+01:00 WARN  c.a.m.o.e.i.q.QuickPulsePingSender - In the last 5 minutes, the following operation has failed 2 times (out of 57): Pinging live metrics endpoint:
 * java.net.SocketException: Connection reset (https://eastus.livediagnostics.monitor.azure.com/QuickPulseService.svc) (2 times)
2024-09-08 23:02:40.185+01:00 WARN  c.a.m.o.e.i.q.QuickPulsePingSender - In the last 5 minutes, the following operation has failed 2 times (out of 58): Pinging live metrics endpoint:
 * java.net.SocketException: Connection reset (https://eastus.livediagnostics.monitor.azure.com/QuickPulseService.svc) (2 times)
2024-09-08 23:39:31.003+01:00 WARN  c.a.m.o.e.i.q.QuickPulsePingSender - In the last 5 minutes, the following operation has failed 2 times (out of 57): Pinging live metrics endpoint:
 * java.net.SocketException: Connection reset (https://eastus.livediagnostics.monitor.azure.com/QuickPulseService.svc) (2 times)
2024-09-09 00:03:34.799+01:00 WARN  c.a.m.o.e.i.q.QuickPulsePingSender - In the last 5 minutes, the following operation has failed 2 times (out of 57): Pinging live metrics endpoint:
 * java.net.SocketException: Connection reset (https://eastus.livediagnostics.monitor.azure.com/QuickPulseService.svc) (2 times)
2024-09-09 00:40:54.670+01:00 WARN  c.a.m.o.e.i.q.QuickPulsePingSender - In the last 5 minutes, the following operation has failed 2 times (out of 58): Pinging live metrics endpoint:
 * java.net.SocketException: Connection reset (https://eastus.livediagnostics.monitor.azure.com/QuickPulseService.svc) (2 times)
2024-09-09 01:04:20.950+01:00 WARN  c.a.m.o.e.i.q.QuickPulsePingSender - In the last 5 minutes, the following operation has failed 2 times (out of 57): Pinging live metrics endpoint:
 * java.net.SocketException: Connection reset (https://eastus.livediagnostics.monitor.azure.com/QuickPulseService.svc) (2 times)
2024-09-09 01:41:28.617+01:00 WARN  c.a.m.o.e.i.q.QuickPulsePingSender - In the last 5 minutes, the following operation has failed 2 times (out of 57): Pinging live metrics endpoint:
 * java.net.SocketException: Connection reset (https://eastus.livediagnostics.monitor.azure.com/QuickPulseService.svc) (2 times)
2024-09-09 01:41:54.750+01:00 WARN  c.a.m.o.e.i.p.TelemetryPipeline - In the last 5 minutes, the following operation has failed 1 times (out of 3): Sending telemetry to the ingestion service (retry from disk):
 * Connection reset (https://eastus-8.in.applicationinsights.azure.com/v2.1/track) (will be retried again) (1 times)
2024-09-09 02:05:07.992+01:00 WARN  c.a.m.o.e.i.q.QuickPulsePingSender - In the last 5 minutes, the following operation has failed 1 times (out of 57): Pinging live metrics endpoint:
 * java.net.SocketException: Connection reset (https://eastus.livediagnostics.monitor.azure.com/QuickPulseService.svc) (1 times)
2024-09-09 02:46:47.800+01:00 WARN  c.a.m.o.e.i.q.QuickPulsePingSender - In the last 5 minutes, the following operation has failed 3 times (out of 57): Pinging live metrics endpoint:
 * java.net.SocketException: Connection reset (https://eastus.livediagnostics.monitor.azure.com/QuickPulseService.svc) (3 times)
2024-09-09 03:23:12.924+01:00 WARN  c.a.m.o.e.i.q.QuickPulsePingSender - In the last 5 minutes, the following operation has failed 2 times (out of 58): Pinging live metrics endpoint:
 * java.net.SocketException: Connection reset (https://eastus.livediagnostics.monitor.azure.com/QuickPulseService.svc) (2 times)
2024-09-09 03:23:39.056+01:00 WARN  c.a.m.o.e.i.p.TelemetryPipeline - In the last 5 minutes, the following operation has failed 1 times (out of 3): Sending telemetry to the ingestion service (retry from disk):
 * Connection reset (https://eastus-8.in.applicationinsights.azure.com/v2.1/track) (will be retried again) (1 times)
2024-09-09 03:47:49.294+01:00 WARN  c.a.m.o.e.i.q.QuickPulsePingSender - In the last 5 minutes, the following operation has failed 2 times (out of 57): Pinging live metrics endpoint:
 * java.net.SocketException: Connection reset (https://eastus.livediagnostics.monitor.azure.com/QuickPulseService.svc) (2 times)
2024-09-09 04:23:47.800+01:00 WARN  c.a.m.o.e.i.q.QuickPulsePingSender - In the last 5 minutes, the following operation has failed 2 times (out of 57): Pinging live metrics endpoint:
 * java.net.SocketException: Connection reset (https://eastus.livediagnostics.monitor.azure.com/QuickPulseService.svc) (2 times)
2024-09-09 04:50:04.559+01:00 WARN  c.a.m.o.e.i.q.QuickPulsePingSender - In the last 5 minutes, the following operation has failed 2 times (out of 57): Pinging live metrics endpoint:
 * java.net.SocketException: Connection reset (https://eastus.livediagnostics.monitor.azure.com/QuickPulseService.svc) (2 times)
2024-09-09 05:27:51.375+01:00 WARN  c.a.m.o.e.i.q.QuickPulsePingSender - In the last 5 minutes, the following operation has failed 2 times (out of 57): Pinging live metrics endpoint:
 * java.net.SocketException: Connection reset (https://eastus.livediagnostics.monitor.azure.com/QuickPulseService.svc) (2 times)
2024-09-09 05:52:52.801+01:00 WARN  c.a.m.o.e.i.q.QuickPulsePingSender - In the last 5 minutes, the following operation has failed 2 times (out of 58): Pinging live metrics endpoint:
 * java.net.SocketException: Connection reset (https://eastus.livediagnostics.monitor.azure.com/QuickPulseService.svc) (2 times)
2024-09-09 06:56:10.048+01:00 WARN  c.a.m.o.e.i.q.QuickPulsePingSender - In the last 5 minutes, the following operation has failed 1 times (out of 57): Pinging live metrics endpoint:
 * java.net.SocketException: Connection reset (https://eastus.livediagnostics.monitor.azure.com/QuickPulseService.svc) (1 times)
2024-09-09 06:56:36.168+01:00 WARN  c.a.m.o.e.i.p.TelemetryPipeline - In the last 5 minutes, the following operation has failed 1 times (out of 1): Sending telemetry to the ingestion service (retry from disk):
 * Connection reset (https://eastus-8.in.applicationinsights.azure.com/v2.1/track) (will be retried again) (1 times)
2024-09-09 07:03:38.557+01:00 WARN  c.a.m.o.e.i.q.QuickPulsePingSender - In the last 5 minutes, the following operation has failed 1 times (out of 58): Pinging live metrics endpoint:
 * java.net.SocketException: Connection reset (https://eastus.livediagnostics.monitor.azure.com/QuickPulseService.svc) (1 times)
2024-09-09 08:25:03.296+01:00 WARN  c.a.m.o.e.i.q.QuickPulsePingSender - In the last 5 minutes, the following operation has failed 1 times (out of 57): Pinging live metrics endpoint:
 * java.net.SocketException: Connection reset (https://eastus.livediagnostics.monitor.azure.com/QuickPulseService.svc) (1 times)
2024-09-09 09:32:44.009+01:00 WARN  c.a.m.o.e.i.q.QuickPulsePingSender - In the last 5 minutes, the following operation has failed 2 times (out of 57): Pinging live metrics endpoint:
 * java.net.SocketException: Connection reset (https://eastus.livediagnostics.monitor.azure.com/QuickPulseService.svc) (2 times)
2024-09-09 10:13:44.839+01:00 WARN  c.a.m.o.e.i.q.QuickPulsePingSender - In the last 5 minutes, the following operation has failed 2 times (out of 57): Pinging live metrics endpoint:
 * java.net.SocketException: Connection reset (https://eastus.livediagnostics.monitor.azure.com/QuickPulseService.svc) (2 times)
2024-09-09 14:51:19.825+01:00 WARN  c.a.m.o.e.i.q.QuickPulsePingSender - In the last 5 minutes, the following operation has failed 2 times (out of 58): Pinging live metrics endpoint:
 * java.net.SocketException: Connection reset (https://eastus.livediagnostics.monitor.azure.com/QuickPulseService.svc) (2 times)
2024-09-09 14:51:45.936+01:00 WARN  c.a.m.o.e.i.p.TelemetryPipeline - In the last 5 minutes, the following operation has failed 1 times (out of 2): Sending telemetry to the ingestion service (retry from disk):
 * Connection reset (https://eastus-8.in.applicationinsights.azure.com/v2.1/track) (will be retried again) (1 times)
2024-09-09 15:17:17.175+01:00 WARN  c.a.m.o.e.i.q.QuickPulsePingSender - In the last 5 minutes, the following operation has failed 2 times (out of 57): Pinging live metrics endpoint:
 * java.net.SocketException: Connection reset (https://eastus.livediagnostics.monitor.azure.com/QuickPulseService.svc) (2 times)
2024-09-09 16:09:44.978+01:00 WARN  c.a.m.o.e.i.q.QuickPulsePingSender - In the last 5 minutes, the following operation has failed 3 times (out of 57): Pinging live metrics endpoint:
 * java.net.SocketException: Connection reset (https://eastus.livediagnostics.monitor.azure.com/QuickPulseService.svc) (3 times)
2024-09-09 16:10:11.085+01:00 WARN  c.a.m.o.e.i.p.TelemetryPipeline - In the last 5 minutes, the following operation has failed 1 times (out of 3): Sending telemetry to the ingestion service (retry from disk):
 * Connection reset (https://eastus-8.in.applicationinsights.azure.com/v2.1/track) (will be retried again) (1 times)
2024-09-09 17:03:10.105+01:00 WARN  c.a.m.o.e.i.q.QuickPulsePingSender - In the last 5 minutes, the following operation has failed 3 times (out of 57): Pinging live metrics endpoint:
 * java.net.SocketException: Connection reset (https://eastus.livediagnostics.monitor.azure.com/QuickPulseService.svc) (3 times)
2024-09-09 17:18:44.488+01:00 WARN  c.a.m.o.e.i.q.QuickPulsePingSender - In the last 5 minutes, the following operation has failed 2 times (out of 33): Pinging live metrics endpoint:
 * io.netty.channel.ConnectTimeoutException: connection timed out after 10000 ms: eastus.livediagnostics.monitor.azure.com/10.0.0.1:443 (https://eastus.livediagnostics.monitor.azure.com/QuickPulseService.svc) (1 times)
 * java.util.concurrent.TimeoutException: Channel response timed out after 60000 milliseconds. (https://eastus.livediagnostics.monitor.azure.com/QuickPulseService.svc) (1 times)
2024-09-09 17:19:10.590+01:00 WARN  c.a.m.o.e.i.p.TelemetryPipeline - In the last 5 minutes, the following operation has failed 1 times (out of 3): Sending telemetry to the ingestion service (retry from disk):
 * connection timed out after 10000 ms: eastus-8.in.applicationinsights.azure.com/10.0.0.1:443 (https://eastus-8.in.applicationinsights.azure.com/v2.1/track) (will be retried again) (1 times)
2024-09-09 17:44:39.304+01:00 WARN  c.a.m.o.e.i.q.QuickPulsePingSender - In the last 5 minutes, the following operation has failed 1 times (out of 58): Pinging live metrics endpoint:
 * java.net.SocketException: Connection reset (https://eastus.livediagnostics.monitor.azure.com/QuickPulseService.svc) (1 times)
2024-09-09 18:01:57.144+01:00 WARN  c.a.m.o.e.i.p.TelemetryPipeline - In the last 5 minutes, the following operation has failed 1 times (out of 2): Sending telemetry to the ingestion service (retry from disk):
 * Connection reset (https://eastus-8.in.applicationinsights.azure.com/v2.1/track) (will be retried again) (1 times)
2024-09-09 19:01:51.726+01:00 WARN  c.a.m.o.e.i.q.QuickPulsePingSender - In the last 5 minutes, the following operation has failed 5 times (out of 57): Pinging live metrics endpoint:
 * java.net.SocketException: Connection reset (https://eastus.livediagnostics.monitor.azure.com/QuickPulseService.svc) (5 times)
2024-09-09 21:32:06.818+01:00 WARN  c.a.m.o.e.i.q.QuickPulsePingSender - In the last 5 minutes, the following operation has failed 4 times (out of 57): Pinging live metrics endpoint:
 * java.net.SocketException: Connection reset (https://eastus.livediagnostics.monitor.azure.com/QuickPulseService.svc) (4 times)
2024-09-09 22:06:18.376+01:00 WARN  c.a.m.o.e.i.p.TelemetryPipeline - In the last 5 minutes, the following operation has failed 1 times (out of 2): Sending telemetry to the ingestion service (retry from disk):
 * Connection reset (https://eastus-8.in.applicationinsights.azure.com/v2.1/track) (will be retried again) (1 times)
2024-09-10 00:56:24.423+01:00 ERROR c.a.m.o.e.i.q.QuickPulsePingSender - 
*************************
Application Insights Java failed to connect to https://eastus.livediagnostics.monitor.azure.com/QuickPulseService.svc
*************************

Description:
Unable to resolve host in url

Action:
Please update your network configuration so that the host in this url can be resolved: https://eastus.livediagnostics.monitor.azure.com/QuickPulseService.svc
Learn more about troubleshooting unknown host exception here: https://go.microsoft.com/fwlink/?linkid=2185830

Note:
This message is only logged the first time it occurs after startup.

2024-09-10 02:11:55.686+01:00 ERROR c.a.m.o.e.i.p.TelemetryPipeline - 
*************************
Application Insights Java failed to connect to https://eastus-8.in.applicationinsights.azure.com/v2.1/track
*************************

Description:
Unable to resolve host in url

Action:
Please update your network configuration so that the host in this url can be resolved: https://eastus-8.in.applicationinsights.azure.com/v2.1/track
Learn more about troubleshooting unknown host exception here: https://go.microsoft.com/fwlink/?linkid=2185830

Note:
This message is only logged the first time it occurs after startup.

2024-09-10 03:10:00.584+01:00 WARN  c.a.m.o.e.i.q.QuickPulsePingSender - In the last 5 minutes, the following operation has failed 7 times (out of 32): Pinging live metrics endpoint:
 * java.net.SocketException: Connection reset (https://eastus.livediagnostics.monitor.azure.com/QuickPulseService.svc) (7 times)
2024-09-10 04:09:00.063+01:00 WARN  c.a.m.o.e.i.p.TelemetryPipeline - In the last 5 minutes, the following operation has failed 1 times (out of 3): Sending telemetry to the ingestion service (retry from disk):
 * Connection reset (https://eastus-8.in.applicationinsights.azure.com/v2.1/track) (will be retried again) (1 times)
2024-09-10 06:33:02.711+01:00 WARN  c.a.m.o.e.i.q.QuickPulsePingSender - In the last 5 minutes, the following operation has failed 1 times (out of 15): Pinging live metrics endpoint:
 * java.util.concurrent.TimeoutException: Channel response timed out after 60000 milliseconds. (https://eastus.livediagnostics.monitor.azure.com/QuickPulseService.svc) (1 times)
2024-09-10 07:07:17.006+01:00 WARN  c.a.m.o.e.i.q.QuickPulsePingSender - In the last 5 minutes, the following operation has failed 1 times (out of 46): Pinging live metrics endpoint:
 * java.util.concurrent.TimeoutException: Channel response timed out after 60000 milliseconds. (https://eastus.livediagnostics.monitor.azure.com/QuickPulseService.svc) (1 times)
2024-09-10 07:20:24.153+01:00 WARN  c.a.m.o.e.i.q.QuickPulsePingSender - In the last 5 minutes, the following operation has failed 2 times (out of 45): Pinging live metrics endpoint:
 * java.net.SocketException: Connection reset (https://eastus.livediagnostics.monitor.azure.com/QuickPulseService.svc) (1 times)
 * java.util.concurrent.TimeoutException: Channel response timed out after 60000 milliseconds. (https://eastus.livediagnostics.monitor.azure.com/QuickPulseService.svc) (1 times)
2024-09-10 08:45:05.701+01:00 WARN  c.a.m.o.e.i.q.QuickPulsePingSender - In the last 5 minutes, the following operation has failed 2 times (out of 33): Pinging live metrics endpoint:
 * java.util.concurrent.TimeoutException: Channel response timed out after 60000 milliseconds. (https://eastus.livediagnostics.monitor.azure.com/QuickPulseService.svc) (2 times)
2024-09-10 10:36:23.214+01:00 WARN  c.a.m.o.e.i.q.QuickPulsePingSender - In the last 5 minutes, the following operation has failed 2 times (out of 43): Pinging live metrics endpoint:
 * java.io.IOException: Operation timed out (https://eastus.livediagnostics.monitor.azure.com/QuickPulseService.svc) (1 times)
 * java.util.concurrent.TimeoutException: Channel response timed out after 60000 milliseconds. (https://eastus.livediagnostics.monitor.azure.com/QuickPulseService.svc) (1 times)
2024-09-10 11:57:07.373+01:00 WARN  c.a.m.o.e.i.q.QuickPulsePingSender - In the last 5 minutes, the following operation has failed 2 times (out of 44): Pinging live metrics endpoint:
 * java.io.IOException: Operation timed out (https://eastus.livediagnostics.monitor.azure.com/QuickPulseService.svc) (1 times)
 * java.util.concurrent.TimeoutException: Channel response timed out after 60000 milliseconds. (https://eastus.livediagnostics.monitor.azure.com/QuickPulseService.svc) (1 times)
2024-09-10 12:13:14.350+01:00 WARN  c.a.m.o.e.i.q.QuickPulsePingSender - In the last 5 minutes, the following operation has failed 1 times (out of 50): Pinging live metrics endpoint:
 * java.util.concurrent.TimeoutException: Channel response timed out after 60000 milliseconds. (https://eastus.livediagnostics.monitor.azure.com/QuickPulseService.svc) (1 times)
2024-09-10 13:50:12.701+01:00 WARN  c.a.m.o.e.i.q.QuickPulsePingSender - In the last 5 minutes, the following operation has failed 1 times (out of 47): Pinging live metrics endpoint:
 * java.util.concurrent.TimeoutException: Channel response timed out after 60000 milliseconds. (https://eastus.livediagnostics.monitor.azure.com/QuickPulseService.svc) (1 times)
2024-09-10 14:59:01.795+01:00 WARN  c.a.m.o.e.i.q.QuickPulsePingSender - In the last 5 minutes, the following operation has failed 1 times (out of 54): Pinging live metrics endpoint:
 * java.io.IOException: Operation timed out (https://eastus.livediagnostics.monitor.azure.com/QuickPulseService.svc) (1 times)
2024-09-10 15:25:12.748+01:00 INFO  c.m.applicationinsights.agent - Application Insights Java Agent 3.4.19 started successfully (PID 28667, JVM running for 6.657 s)
2024-09-10 15:25:12.752+01:00 INFO  c.m.applicationinsights.agent - Java version: 21.0.4, vendor: Oracle Corporation, home: /Users/mandar.risbud/Library/Java/JavaVirtualMachines/graalvm-jdk-21.0.4/Contents/Home
2024-09-10 15:35:34.060+01:00 INFO  c.m.applicationinsights.agent - Application Insights Java Agent 3.4.19 started successfully (PID 31042, JVM running for 6.548 s)
2024-09-10 15:35:34.063+01:00 INFO  c.m.applicationinsights.agent - Java version: 21.0.4, vendor: Oracle Corporation, home: /Users/mandar.risbud/Library/Java/JavaVirtualMachines/graalvm-jdk-21.0.4/Contents/Home
2024-09-10 16:11:28.349+01:00 WARN  c.a.m.o.e.i.p.TelemetryPipeline - Sending telemetry to the ingestion service: Operation timed out (https://eastus-8.in.applicationinsights.azure.com/v2.1/track) (telemetry will be stored to disk and retried) (future warnings will be aggregated and logged once every 5 minutes)
java.io.IOException: Operation timed out
	at java.base/sun.nio.ch.SocketDispatcher.read0(Native Method)
	at java.base/sun.nio.ch.SocketDispatcher.read(SocketDispatcher.java:47)
	at java.base/sun.nio.ch.IOUtil.readIntoNativeBuffer(IOUtil.java:340)
	at java.base/sun.nio.ch.IOUtil.read(IOUtil.java:294)
	at java.base/sun.nio.ch.IOUtil.read(IOUtil.java:269)
	at java.base/sun.nio.ch.SocketChannelImpl.read(SocketChannelImpl.java:425)
	at io.netty.buffer.PooledByteBuf.setBytes(PooledByteBuf.java:255)
	at io.netty.buffer.AbstractByteBuf.writeBytes(AbstractByteBuf.java:1132)
	at io.netty.channel.socket.nio.NioSocketChannel.doReadBytes(NioSocketChannel.java:357)
	at io.netty.channel.nio.AbstractNioByteChannel$NioByteUnsafe.read(AbstractNioByteChannel.java:151)
	at io.netty.channel.nio.NioEventLoop.processSelectedKey(NioEventLoop.java:788)
	at io.netty.channel.nio.NioEventLoop.processSelectedKeysOptimized(NioEventLoop.java:724)
	at io.netty.channel.nio.NioEventLoop.processSelectedKeys(NioEventLoop.java:650)
	at io.netty.channel.nio.NioEventLoop.run(NioEventLoop.java:562)
	at io.netty.util.concurrent.SingleThreadEventExecutor$4.run(SingleThreadEventExecutor.java:997)
	at io.netty.util.internal.ThreadExecutorMap$2.run(ThreadExecutorMap.java:74)
	at io.netty.util.concurrent.FastThreadLocalRunnable.run(FastThreadLocalRunnable.java:30)
	at java.base/java.lang.Thread.run(Thread.java:1583)
2024-09-10 16:46:37.727+01:00 WARN  c.a.m.o.e.i.q.QuickPulsePingSender - Pinging live metrics endpoint: java.io.IOException: Operation timed out (https://eastus.livediagnostics.monitor.azure.com/QuickPulseService.svc) (future warnings will be aggregated and logged once every 5 minutes)
reactor.core.Exceptions$ReactiveException: java.io.IOException: Operation timed out
	at reactor.core.Exceptions.propagate(Exceptions.java:408)
	at reactor.core.publisher.BlockingSingleSubscriber.blockingGet(BlockingSingleSubscriber.java:101)
	at reactor.core.publisher.Mono.block(Mono.java:1712)
	at com.azure.monitor.opentelemetry.exporter.implementation.quickpulse.QuickPulsePingSender.ping(QuickPulsePingSender.java:102)
	at com.azure.monitor.opentelemetry.exporter.implementation.quickpulse.QuickPulseCoordinator.ping(QuickPulseCoordinator.java:100)
	at com.azure.monitor.opentelemetry.exporter.implementation.quickpulse.QuickPulseCoordinator.run(QuickPulseCoordinator.java:53)
	at java.base/java.lang.Thread.run(Thread.java:1583)
	Suppressed: java.lang.Exception: #block terminated with an error
		at reactor.core.publisher.BlockingSingleSubscriber.blockingGet(BlockingSingleSubscriber.java:103)
		... 5 common frames omitted
Caused by: java.io.IOException: Operation timed out
	at java.base/sun.nio.ch.SocketDispatcher.read0(Native Method)
	at java.base/sun.nio.ch.SocketDispatcher.read(SocketDispatcher.java:47)
	at java.base/sun.nio.ch.IOUtil.readIntoNativeBuffer(IOUtil.java:340)
	at java.base/sun.nio.ch.IOUtil.read(IOUtil.java:294)
	at java.base/sun.nio.ch.IOUtil.read(IOUtil.java:269)
	at java.base/sun.nio.ch.SocketChannelImpl.read(SocketChannelImpl.java:425)
	at io.netty.buffer.PooledByteBuf.setBytes(PooledByteBuf.java:255)
	at io.netty.buffer.AbstractByteBuf.writeBytes(AbstractByteBuf.java:1132)
	at io.netty.channel.socket.nio.NioSocketChannel.doReadBytes(NioSocketChannel.java:357)
	at io.netty.channel.nio.AbstractNioByteChannel$NioByteUnsafe.read(AbstractNioByteChannel.java:151)
	at io.netty.channel.nio.NioEventLoop.processSelectedKey(NioEventLoop.java:788)
	at io.netty.channel.nio.NioEventLoop.processSelectedKeysOptimized(NioEventLoop.java:724)
	at io.netty.channel.nio.NioEventLoop.processSelectedKeys(NioEventLoop.java:650)
	at io.netty.channel.nio.NioEventLoop.run(NioEventLoop.java:562)
	at io.netty.util.concurrent.SingleThreadEventExecutor$4.run(SingleThreadEventExecutor.java:997)
	at io.netty.util.internal.ThreadExecutorMap$2.run(ThreadExecutorMap.java:74)
	at io.netty.util.concurrent.FastThreadLocalRunnable.run(FastThreadLocalRunnable.java:30)
	... 1 common frames omitted
2024-09-10 16:54:53.802+01:00 ERROR c.a.m.o.e.i.p.TelemetryPipeline - 
*************************
Application Insights Java failed to connect to https://eastus-8.in.applicationinsights.azure.com/v2.1/track
*************************

Description:
Unable to resolve host in url

Action:
Please update your network configuration so that the host in this url can be resolved: https://eastus-8.in.applicationinsights.azure.com/v2.1/track
Learn more about troubleshooting unknown host exception here: https://go.microsoft.com/fwlink/?linkid=2185830

Note:
This message is only logged the first time it occurs after startup.

2024-09-10 16:54:54.292+01:00 ERROR c.a.m.o.e.i.q.QuickPulsePingSender - 
*************************
Application Insights Java failed to connect to https://eastus.livediagnostics.monitor.azure.com/QuickPulseService.svc
*************************

Description:
Unable to resolve host in url

Action:
Please update your network configuration so that the host in this url can be resolved: https://eastus.livediagnostics.monitor.azure.com/QuickPulseService.svc
Learn more about troubleshooting unknown host exception here: https://go.microsoft.com/fwlink/?linkid=2185830

Note:
This message is only logged the first time it occurs after startup.

2024-09-10 16:59:37.336+01:00 WARN  c.a.m.o.e.i.p.TelemetryPipeline - In the last 5 minutes, the following operation has failed 1 times (out of 18): Sending telemetry to the ingestion service:
 * Operation timed out (https://eastus-8.in.applicationinsights.azure.com/v2.1/track) (telemetry will be stored to disk and retried) (1 times)
2024-09-10 18:03:02.051+01:00 INFO  c.m.applicationinsights.agent - Application Insights Java Agent 3.4.19 started successfully (PID 50357, JVM running for 6.577 s)
2024-09-10 18:03:02.055+01:00 INFO  c.m.applicationinsights.agent - Java version: 21.0.4, vendor: Oracle Corporation, home: /Users/mandar.risbud/Library/Java/JavaVirtualMachines/graalvm-jdk-21.0.4/Contents/Home
2024-09-10 18:06:35.530+01:00 INFO  c.m.applicationinsights.agent - Application Insights Java Agent 3.4.19 started successfully (PID 51178, JVM running for 6.519 s)
2024-09-10 18:06:35.533+01:00 INFO  c.m.applicationinsights.agent - Java version: 21.0.4, vendor: Oracle Corporation, home: /Users/mandar.risbud/Library/Java/JavaVirtualMachines/graalvm-jdk-21.0.4/Contents/Home
2024-09-10 18:11:38.279+01:00 INFO  c.m.applicationinsights.agent - Application Insights Java Agent 3.4.19 started successfully (PID 52349, JVM running for 6.526 s)
2024-09-10 18:11:38.282+01:00 INFO  c.m.applicationinsights.agent - Java version: 21.0.4, vendor: Oracle Corporation, home: /Users/mandar.risbud/Library/Java/JavaVirtualMachines/graalvm-jdk-21.0.4/Contents/Home
2024-09-10 18:14:32.692+01:00 INFO  c.m.applicationinsights.agent - Application Insights Java Agent 3.4.19 started successfully (PID 53018, JVM running for 6.516 s)
2024-09-10 18:14:32.695+01:00 INFO  c.m.applicationinsights.agent - Java version: 21.0.4, vendor: Oracle Corporation, home: /Users/mandar.risbud/Library/Java/JavaVirtualMachines/graalvm-jdk-21.0.4/Contents/Home
2024-09-10 18:16:32.669+01:00 INFO  c.m.applicationinsights.agent - Application Insights Java Agent 3.4.19 started successfully (PID 53470, JVM running for 6.594 s)
2024-09-10 18:16:32.672+01:00 INFO  c.m.applicationinsights.agent - Java version: 21.0.4, vendor: Oracle Corporation, home: /Users/mandar.risbud/Library/Java/JavaVirtualMachines/graalvm-jdk-21.0.4/Contents/Home
2024-09-10 18:20:36.068+01:00 INFO  c.m.applicationinsights.agent - Application Insights Java Agent 3.4.19 started successfully (PID 54433, JVM running for 6.636 s)
2024-09-10 18:20:36.070+01:00 INFO  c.m.applicationinsights.agent - Java version: 21.0.4, vendor: Oracle Corporation, home: /Users/mandar.risbud/Library/Java/JavaVirtualMachines/graalvm-jdk-21.0.4/Contents/Home
2024-09-10 18:22:12.976+01:00 INFO  c.m.applicationinsights.agent - Application Insights Java Agent 3.4.19 started successfully (PID 54919, JVM running for 6.558 s)
2024-09-10 18:22:12.979+01:00 INFO  c.m.applicationinsights.agent - Java version: 21.0.4, vendor: Oracle Corporation, home: /Users/mandar.risbud/Library/Java/JavaVirtualMachines/graalvm-jdk-21.0.4/Contents/Home
2024-09-10 18:24:51.146+01:00 INFO  c.m.applicationinsights.agent - Application Insights Java Agent 3.4.19 started successfully (PID 55582, JVM running for 6.6 s)
2024-09-10 18:24:51.149+01:00 INFO  c.m.applicationinsights.agent - Java version: 21.0.4, vendor: Oracle Corporation, home: /Users/mandar.risbud/Library/Java/JavaVirtualMachines/graalvm-jdk-21.0.4/Contents/Home
2024-09-10 18:32:09.863+01:00 INFO  c.m.applicationinsights.agent - Application Insights Java Agent 3.4.19 started successfully (PID 57303, JVM running for 6.567 s)
2024-09-10 18:32:09.866+01:00 INFO  c.m.applicationinsights.agent - Java version: 21.0.4, vendor: Oracle Corporation, home: /Users/mandar.risbud/Library/Java/JavaVirtualMachines/graalvm-jdk-21.0.4/Contents/Home
2024-09-10 18:34:15.328+01:00 INFO  c.m.applicationinsights.agent - Application Insights Java Agent 3.4.19 started successfully (PID 57788, JVM running for 6.546 s)
2024-09-10 18:34:15.332+01:00 INFO  c.m.applicationinsights.agent - Java version: 21.0.4, vendor: Oracle Corporation, home: /Users/mandar.risbud/Library/Java/JavaVirtualMachines/graalvm-jdk-21.0.4/Contents/Home
2024-09-10 18:35:18.248+01:00 INFO  c.m.applicationinsights.agent - Application Insights Java Agent 3.4.19 started successfully (PID 58054, JVM running for 6.529 s)
2024-09-10 18:35:18.251+01:00 INFO  c.m.applicationinsights.agent - Java version: 21.0.4, vendor: Oracle Corporation, home: /Users/mandar.risbud/Library/Java/JavaVirtualMachines/graalvm-jdk-21.0.4/Contents/Home
2024-09-10 18:53:35.876+01:00 INFO  c.m.applicationinsights.agent - Application Insights Java Agent 3.4.19 started successfully (PID 62292, JVM running for 6.62 s)
2024-09-10 18:53:35.879+01:00 INFO  c.m.applicationinsights.agent - Java version: 21.0.4, vendor: Oracle Corporation, home: /Users/mandar.risbud/Library/Java/JavaVirtualMachines/graalvm-jdk-21.0.4/Contents/Home
2024-09-10 18:57:41.534+01:00 INFO  c.m.applicationinsights.agent - Application Insights Java Agent 3.4.19 started successfully (PID 63254, JVM running for 6.547 s)
2024-09-10 18:57:41.538+01:00 INFO  c.m.applicationinsights.agent - Java version: 21.0.4, vendor: Oracle Corporation, home: /Users/mandar.risbud/Library/Java/JavaVirtualMachines/graalvm-jdk-21.0.4/Contents/Home
2024-09-10 19:58:19.766+01:00 WARN  c.a.m.o.e.i.q.QuickPulsePingSender - Pinging live metrics endpoint: java.io.IOException: Operation timed out (https://eastus.livediagnostics.monitor.azure.com/QuickPulseService.svc) (future warnings will be aggregated and logged once every 5 minutes)
reactor.core.Exceptions$ReactiveException: java.io.IOException: Operation timed out
	at reactor.core.Exceptions.propagate(Exceptions.java:408)
	at reactor.core.publisher.BlockingSingleSubscriber.blockingGet(BlockingSingleSubscriber.java:101)
	at reactor.core.publisher.Mono.block(Mono.java:1712)
	at com.azure.monitor.opentelemetry.exporter.implementation.quickpulse.QuickPulsePingSender.ping(QuickPulsePingSender.java:102)
	at com.azure.monitor.opentelemetry.exporter.implementation.quickpulse.QuickPulseCoordinator.ping(QuickPulseCoordinator.java:100)
	at com.azure.monitor.opentelemetry.exporter.implementation.quickpulse.QuickPulseCoordinator.run(QuickPulseCoordinator.java:53)
	at java.base/java.lang.Thread.run(Thread.java:1583)
	Suppressed: java.lang.Exception: #block terminated with an error
		at reactor.core.publisher.BlockingSingleSubscriber.blockingGet(BlockingSingleSubscriber.java:103)
		... 5 common frames omitted
Caused by: java.io.IOException: Operation timed out
	at java.base/sun.nio.ch.SocketDispatcher.read0(Native Method)
	at java.base/sun.nio.ch.SocketDispatcher.read(SocketDispatcher.java:47)
	at java.base/sun.nio.ch.IOUtil.readIntoNativeBuffer(IOUtil.java:340)
	at java.base/sun.nio.ch.IOUtil.read(IOUtil.java:294)
	at java.base/sun.nio.ch.IOUtil.read(IOUtil.java:269)
	at java.base/sun.nio.ch.SocketChannelImpl.read(SocketChannelImpl.java:425)
	at io.netty.buffer.PooledByteBuf.setBytes(PooledByteBuf.java:255)
	at io.netty.buffer.AbstractByteBuf.writeBytes(AbstractByteBuf.java:1132)
	at io.netty.channel.socket.nio.NioSocketChannel.doReadBytes(NioSocketChannel.java:357)
	at io.netty.channel.nio.AbstractNioByteChannel$NioByteUnsafe.read(AbstractNioByteChannel.java:151)
	at io.netty.channel.nio.NioEventLoop.processSelectedKey(NioEventLoop.java:788)
	at io.netty.channel.nio.NioEventLoop.processSelectedKeysOptimized(NioEventLoop.java:724)
	at io.netty.channel.nio.NioEventLoop.processSelectedKeys(NioEventLoop.java:650)
	at io.netty.channel.nio.NioEventLoop.run(NioEventLoop.java:562)
	at io.netty.util.concurrent.SingleThreadEventExecutor$4.run(SingleThreadEventExecutor.java:997)
	at io.netty.util.internal.ThreadExecutorMap$2.run(ThreadExecutorMap.java:74)
	at io.netty.util.concurrent.FastThreadLocalRunnable.run(FastThreadLocalRunnable.java:30)
	... 1 common frames omitted
2024-09-10 20:48:34.907+01:00 WARN  c.a.m.o.e.i.p.TelemetryPipeline - Sending telemetry to the ingestion service: Operation timed out (https://eastus-8.in.applicationinsights.azure.com/v2.1/track) (telemetry will be stored to disk and retried) (future warnings will be aggregated and logged once every 5 minutes)
java.io.IOException: Operation timed out
	at java.base/sun.nio.ch.SocketDispatcher.read0(Native Method)
	at java.base/sun.nio.ch.SocketDispatcher.read(SocketDispatcher.java:47)
	at java.base/sun.nio.ch.IOUtil.readIntoNativeBuffer(IOUtil.java:340)
	at java.base/sun.nio.ch.IOUtil.read(IOUtil.java:294)
	at java.base/sun.nio.ch.IOUtil.read(IOUtil.java:269)
	at java.base/sun.nio.ch.SocketChannelImpl.read(SocketChannelImpl.java:425)
	at io.netty.buffer.PooledByteBuf.setBytes(PooledByteBuf.java:255)
	at io.netty.buffer.AbstractByteBuf.writeBytes(AbstractByteBuf.java:1132)
	at io.netty.channel.socket.nio.NioSocketChannel.doReadBytes(NioSocketChannel.java:357)
	at io.netty.channel.nio.AbstractNioByteChannel$NioByteUnsafe.read(AbstractNioByteChannel.java:151)
	at io.netty.channel.nio.NioEventLoop.processSelectedKey(NioEventLoop.java:788)
	at io.netty.channel.nio.NioEventLoop.processSelectedKeysOptimized(NioEventLoop.java:724)
	at io.netty.channel.nio.NioEventLoop.processSelectedKeys(NioEventLoop.java:650)
	at io.netty.channel.nio.NioEventLoop.run(NioEventLoop.java:562)
	at io.netty.util.concurrent.SingleThreadEventExecutor$4.run(SingleThreadEventExecutor.java:997)
	at io.netty.util.internal.ThreadExecutorMap$2.run(ThreadExecutorMap.java:74)
	at io.netty.util.concurrent.FastThreadLocalRunnable.run(FastThreadLocalRunnable.java:30)
	at java.base/java.lang.Thread.run(Thread.java:1583)
2024-09-10 22:57:02.262+01:00 WARN  c.a.m.o.e.i.p.TelemetryPipeline - Sending telemetry to the ingestion service (retry from disk): Operation timed out (https://eastus-8.in.applicationinsights.azure.com/v2.1/track) (will be retried again) (future warnings will be aggregated and logged once every 5 minutes)
java.io.IOException: Operation timed out
	at java.base/sun.nio.ch.SocketDispatcher.read0(Native Method)
	at java.base/sun.nio.ch.SocketDispatcher.read(SocketDispatcher.java:47)
	at java.base/sun.nio.ch.IOUtil.readIntoNativeBuffer(IOUtil.java:340)
	at java.base/sun.nio.ch.IOUtil.read(IOUtil.java:294)
	at java.base/sun.nio.ch.IOUtil.read(IOUtil.java:269)
	at java.base/sun.nio.ch.SocketChannelImpl.read(SocketChannelImpl.java:425)
	at io.netty.buffer.PooledByteBuf.setBytes(PooledByteBuf.java:255)
	at io.netty.buffer.AbstractByteBuf.writeBytes(AbstractByteBuf.java:1132)
	at io.netty.channel.socket.nio.NioSocketChannel.doReadBytes(NioSocketChannel.java:357)
	at io.netty.channel.nio.AbstractNioByteChannel$NioByteUnsafe.read(AbstractNioByteChannel.java:151)
	at io.netty.channel.nio.NioEventLoop.processSelectedKey(NioEventLoop.java:788)
	at io.netty.channel.nio.NioEventLoop.processSelectedKeysOptimized(NioEventLoop.java:724)
	at io.netty.channel.nio.NioEventLoop.processSelectedKeys(NioEventLoop.java:650)
	at io.netty.channel.nio.NioEventLoop.run(NioEventLoop.java:562)
	at io.netty.util.concurrent.SingleThreadEventExecutor$4.run(SingleThreadEventExecutor.java:997)
	at io.netty.util.internal.ThreadExecutorMap$2.run(ThreadExecutorMap.java:74)
	at io.netty.util.concurrent.FastThreadLocalRunnable.run(FastThreadLocalRunnable.java:30)
	at java.base/java.lang.Thread.run(Thread.java:1583)
2024-09-10 23:10:57.139+01:00 WARN  c.a.m.o.e.i.q.QuickPulsePingSender - In the last 5 minutes, the following operation has failed 4 times (out of 119): Pinging live metrics endpoint:
 * java.io.IOException: Operation timed out (https://eastus.livediagnostics.monitor.azure.com/QuickPulseService.svc) (3 times)
 * java.util.concurrent.TimeoutException: Channel response timed out after 60000 milliseconds. (https://eastus.livediagnostics.monitor.azure.com/QuickPulseService.svc) (1 times)
2024-09-10 23:11:57.955+01:00 WARN  c.a.m.o.e.i.p.TelemetryPipeline - In the last 5 minutes, the following operation has failed 1 times (out of 15): Sending telemetry to the ingestion service:
 * Channel response timed out after 60000 milliseconds. (https://eastus-8.in.applicationinsights.azure.com/v2.1/track) (telemetry will be stored to disk and retried) (1 times)
2024-09-11 03:04:10.206+01:00 WARN  c.a.m.o.e.i.p.TelemetryPipeline - In the last 5 minutes, the following operation has failed 3 times (out of 6): Sending telemetry to the ingestion service (retry from disk):
 * Operation timed out (https://eastus-8.in.applicationinsights.azure.com/v2.1/track) (will be retried again) (2 times)
 * Channel response timed out after 60000 milliseconds. (https://eastus-8.in.applicationinsights.azure.com/v2.1/track) (will be retried again) (1 times)
2024-09-11 03:14:19.768+01:00 WARN  c.a.m.o.e.i.q.QuickPulsePingSender - In the last 5 minutes, the following operation has failed 4 times (out of 26): Pinging live metrics endpoint:
 * java.io.IOException: Operation timed out (https://eastus.livediagnostics.monitor.azure.com/QuickPulseService.svc) (2 times)
 * java.util.concurrent.TimeoutException: Channel response timed out after 60000 milliseconds. (https://eastus.livediagnostics.monitor.azure.com/QuickPulseService.svc) (2 times)
2024-09-11 03:47:26.222+01:00 WARN  c.a.m.o.e.i.p.TelemetryPipeline - In the last 5 minutes, the following operation has failed 4 times (out of 5): Sending telemetry to the ingestion service:
 * Channel response timed out after 60000 milliseconds. (https://eastus-8.in.applicationinsights.azure.com/v2.1/track) (telemetry will be stored to disk and retried) (2 times)
 * Operation timed out (https://eastus-8.in.applicationinsights.azure.com/v2.1/track) (telemetry will be stored to disk and retried) (2 times)
2024-09-11 05:16:17.031+01:00 WARN  c.a.m.o.e.i.p.TelemetryPipeline - In the last 5 minutes, the following operation has failed 2 times (out of 6): Sending telemetry to the ingestion service (retry from disk):
 * Channel response timed out after 60000 milliseconds. (https://eastus-8.in.applicationinsights.azure.com/v2.1/track) (will be retried again) (1 times)
 * Operation timed out (https://eastus-8.in.applicationinsights.azure.com/v2.1/track) (will be retried again) (1 times)
2024-09-11 05:17:06.788+01:00 WARN  c.a.m.o.e.i.q.QuickPulsePingSender - In the last 5 minutes, the following operation has failed 3 times (out of 9): Pinging live metrics endpoint:
 * java.io.IOException: Operation timed out (https://eastus.livediagnostics.monitor.azure.com/QuickPulseService.svc) (1 times)
 * io.netty.channel.ConnectTimeoutException: connection timed out after 10000 ms: eastus.livediagnostics.monitor.azure.com/20.49.111.33:443 (https://eastus.livediagnostics.monitor.azure.com/QuickPulseService.svc) (1 times)
 * java.util.concurrent.TimeoutException: Channel response timed out after 60000 milliseconds. (https://eastus.livediagnostics.monitor.azure.com/QuickPulseService.svc) (1 times)
2024-09-11 05:17:42.725+01:00 WARN  c.a.m.o.e.i.p.TelemetryPipeline - In the last 5 minutes, the following operation has failed 2 times (out of 5): Sending telemetry to the ingestion service:
 * connection timed out after 10000 ms: eastus-8.in.applicationinsights.azure.com/[64:ff9b:0:0:0:0:34bc:f790]:443 (https://eastus-8.in.applicationinsights.azure.com/v2.1/track) (telemetry will be stored to disk and retried) (1 times)
 * Channel response timed out after 60000 milliseconds. (https://eastus-8.in.applicationinsights.azure.com/v2.1/track) (telemetry will be stored to disk and retried) (1 times)
2024-09-11 05:21:17.033+01:00 WARN  c.a.m.o.e.i.p.TelemetryPipeline - In the last 5 minutes, the following operation has failed 1 times (out of 2): Sending telemetry to the ingestion service (retry from disk):
 * Channel response timed out after 60000 milliseconds. (https://eastus-8.in.applicationinsights.azure.com/v2.1/track) (will be retried again) (1 times)
2024-09-11 06:21:15.122+01:00 WARN  c.a.m.o.e.i.q.QuickPulsePingSender - In the last 5 minutes, the following operation has failed 1 times (out of 41): Pinging live metrics endpoint:
 * java.util.concurrent.TimeoutException: Channel response timed out after 60000 milliseconds. (https://eastus.livediagnostics.monitor.azure.com/QuickPulseService.svc) (1 times)
2024-09-11 06:47:34.100+01:00 WARN  c.a.m.o.e.i.p.TelemetryPipeline - In the last 5 minutes, the following operation has failed 1 times (out of 5): Sending telemetry to the ingestion service:
 * Channel response timed out after 60000 milliseconds. (https://eastus-8.in.applicationinsights.azure.com/v2.1/track) (telemetry will be stored to disk and retried) (1 times)
2024-09-11 06:51:58.166+01:00 WARN  c.a.m.o.e.i.q.QuickPulsePingSender - In the last 5 minutes, the following operation has failed 1 times (out of 49): Pinging live metrics endpoint:
 * java.io.IOException: Operation timed out (https://eastus.livediagnostics.monitor.azure.com/QuickPulseService.svc) (1 times)
2024-09-11 06:52:34.100+01:00 WARN  c.a.m.o.e.i.p.TelemetryPipeline - In the last 5 minutes, the following operation has failed 1 times (out of 6): Sending telemetry to the ingestion service:
 * Channel response timed out after 60000 milliseconds. (https://eastus-8.in.applicationinsights.azure.com/v2.1/track) (telemetry will be stored to disk and retried) (1 times)
2024-09-11 07:33:00.211+01:00 WARN  c.a.m.o.e.i.q.QuickPulsePingSender - In the last 5 minutes, the following operation has failed 1 times (out of 45): Pinging live metrics endpoint:
 * java.util.concurrent.TimeoutException: Channel response timed out after 60000 milliseconds. (https://eastus.livediagnostics.monitor.azure.com/QuickPulseService.svc) (1 times)
2024-09-11 07:33:36.144+01:00 WARN  c.a.m.o.e.i.p.TelemetryPipeline - In the last 5 minutes, the following operation has failed 2 times (out of 5): Sending telemetry to the ingestion service:
 * Channel response timed out after 60000 milliseconds. (https://eastus-8.in.applicationinsights.azure.com/v2.1/track) (telemetry will be stored to disk and retried) (1 times)
 * Operation timed out (https://eastus-8.in.applicationinsights.azure.com/v2.1/track) (telemetry will be stored to disk and retried) (1 times)
2024-09-11 08:18:00.234+01:00 WARN  c.a.m.o.e.i.q.QuickPulsePingSender - In the last 5 minutes, the following operation has failed 1 times (out of 45): Pinging live metrics endpoint:
 * java.util.concurrent.TimeoutException: Channel response timed out after 60000 milliseconds. (https://eastus.livediagnostics.monitor.azure.com/QuickPulseService.svc) (1 times)
2024-09-11 08:44:40.847+01:00 WARN  c.a.m.o.e.i.q.QuickPulsePingSender - In the last 5 minutes, the following operation has failed 1 times (out of 46): Pinging live metrics endpoint:
 * java.util.concurrent.TimeoutException: Channel response timed out after 60000 milliseconds. (https://eastus.livediagnostics.monitor.azure.com/QuickPulseService.svc) (1 times)
2024-09-11 08:45:16.777+01:00 WARN  c.a.m.o.e.i.p.TelemetryPipeline - In the last 5 minutes, the following operation has failed 2 times (out of 7): Sending telemetry to the ingestion service:
 * Channel response timed out after 60000 milliseconds. (https://eastus-8.in.applicationinsights.azure.com/v2.1/track) (telemetry will be stored to disk and retried) (2 times)
2024-09-11 09:20:25.387+01:00 WARN  c.a.m.o.e.i.q.QuickPulsePingSender - In the last 5 minutes, the following operation has failed 1 times (out of 46): Pinging live metrics endpoint:
 * java.util.concurrent.TimeoutException: Channel response timed out after 60000 milliseconds. (https://eastus.livediagnostics.monitor.azure.com/QuickPulseService.svc) (1 times)
2024-09-11 09:21:01.317+01:00 WARN  c.a.m.o.e.i.p.TelemetryPipeline - In the last 5 minutes, the following operation has failed 1 times (out of 4): Sending telemetry to the ingestion service:
 * Channel response timed out after 60000 milliseconds. (https://eastus-8.in.applicationinsights.azure.com/v2.1/track) (telemetry will be stored to disk and retried) (1 times)
2024-09-11 09:26:01.353+01:00 WARN  c.a.m.o.e.i.p.TelemetryPipeline - In the last 5 minutes, the following operation has failed 1 times (out of 6): Sending telemetry to the ingestion service:
 * Channel response timed out after 60000 milliseconds. (https://eastus-8.in.applicationinsights.azure.com/v2.1/track) (telemetry will be stored to disk and retried) (1 times)
2024-09-11 10:38:43.177+01:00 WARN  c.a.m.o.e.i.q.QuickPulsePingSender - In the last 5 minutes, the following operation has failed 1 times (out of 46): Pinging live metrics endpoint:
 * java.util.concurrent.TimeoutException: Channel response timed out after 60000 milliseconds. (https://eastus.livediagnostics.monitor.azure.com/QuickPulseService.svc) (1 times)
2024-09-11 10:39:19.111+01:00 WARN  c.a.m.o.e.i.p.TelemetryPipeline - In the last 5 minutes, the following operation has failed 2 times (out of 6): Sending telemetry to the ingestion service:
 * Channel response timed out after 60000 milliseconds. (https://eastus-8.in.applicationinsights.azure.com/v2.1/track) (telemetry will be stored to disk and retried) (2 times)
2024-09-11 11:59:57.864+01:00 WARN  c.a.m.o.e.i.q.QuickPulsePingSender - In the last 5 minutes, the following operation has failed 2 times (out of 34): Pinging live metrics endpoint:
 * java.io.IOException: Operation timed out (https://eastus.livediagnostics.monitor.azure.com/QuickPulseService.svc) (1 times)
 * java.util.concurrent.TimeoutException: Channel response timed out after 60000 milliseconds. (https://eastus.livediagnostics.monitor.azure.com/QuickPulseService.svc) (1 times)
2024-09-11 12:00:33.796+01:00 WARN  c.a.m.o.e.i.p.TelemetryPipeline - In the last 5 minutes, the following operation has failed 2 times (out of 5): Sending telemetry to the ingestion service:
 * Channel response timed out after 60000 milliseconds. (https://eastus-8.in.applicationinsights.azure.com/v2.1/track) (telemetry will be stored to disk and retried) (2 times)
2024-09-11 12:30:04.465+01:00 WARN  c.a.m.o.e.i.q.QuickPulsePingSender - In the last 5 minutes, the following operation has failed 1 times (out of 46): Pinging live metrics endpoint:
 * java.util.concurrent.TimeoutException: Channel response timed out after 60000 milliseconds. (https://eastus.livediagnostics.monitor.azure.com/QuickPulseService.svc) (1 times)
2024-09-11 12:30:40.394+01:00 WARN  c.a.m.o.e.i.p.TelemetryPipeline - In the last 5 minutes, the following operation has failed 2 times (out of 5): Sending telemetry to the ingestion service:
 * Channel response timed out after 60000 milliseconds. (https://eastus-8.in.applicationinsights.azure.com/v2.1/track) (telemetry will be stored to disk and retried) (2 times)
2024-09-11 14:03:39.673+01:00 WARN  c.a.m.o.e.i.q.QuickPulsePingSender - In the last 5 minutes, the following operation has failed 1 times (out of 40): Pinging live metrics endpoint:
 * java.io.IOException: Operation timed out (https://eastus.livediagnostics.monitor.azure.com/QuickPulseService.svc) (1 times)
2024-09-11 14:04:15.603+01:00 WARN  c.a.m.o.e.i.p.TelemetryPipeline - In the last 5 minutes, the following operation has failed 2 times (out of 5): Sending telemetry to the ingestion service:
 * Operation timed out (https://eastus-8.in.applicationinsights.azure.com/v2.1/track) (telemetry will be stored to disk and retried) (2 times)
2024-09-11 14:07:49.929+01:00 WARN  c.a.m.o.e.i.p.TelemetryPipeline - In the last 5 minutes, the following operation has failed 1 times (out of 3): Sending telemetry to the ingestion service (retry from disk):
 * Channel response timed out after 60000 milliseconds. (https://eastus-8.in.applicationinsights.azure.com/v2.1/track) (will be retried again) (1 times)
2024-09-11 14:08:39.708+01:00 WARN  c.a.m.o.e.i.q.QuickPulsePingSender - In the last 5 minutes, the following operation has failed 1 times (out of 51): Pinging live metrics endpoint:
 * java.util.concurrent.TimeoutException: Channel response timed out after 60000 milliseconds. (https://eastus.livediagnostics.monitor.azure.com/QuickPulseService.svc) (1 times)
2024-09-11 15:07:03.225+01:00 WARN  c.a.m.o.e.i.q.QuickPulsePingSender - In the last 5 minutes, the following operation has failed 2 times (out of 37): Pinging live metrics endpoint:
 * java.io.IOException: Operation timed out (https://eastus.livediagnostics.monitor.azure.com/QuickPulseService.svc) (1 times)
 * java.util.concurrent.TimeoutException: Channel response timed out after 60000 milliseconds. (https://eastus.livediagnostics.monitor.azure.com/QuickPulseService.svc) (1 times)
2024-09-11 15:14:41.576+01:00 WARN  c.a.m.o.e.i.p.TelemetryPipeline - In the last 5 minutes, the following operation has failed 2 times (out of 5): Sending telemetry to the ingestion service:
 * Channel response timed out after 60000 milliseconds. (https://eastus-8.in.applicationinsights.azure.com/v2.1/track) (telemetry will be stored to disk and retried) (1 times)
 * Operation timed out (https://eastus-8.in.applicationinsights.azure.com/v2.1/track) (telemetry will be stored to disk and retried) (1 times)
2024-09-11 15:18:15.865+01:00 WARN  c.a.m.o.e.i.p.TelemetryPipeline - In the last 5 minutes, the following operation has failed 2 times (out of 4): Sending telemetry to the ingestion service (retry from disk):
 * Channel response timed out after 60000 milliseconds. (https://eastus-8.in.applicationinsights.azure.com/v2.1/track) (will be retried again) (1 times)
 * Operation timed out (https://eastus-8.in.applicationinsights.azure.com/v2.1/track) (will be retried again) (1 times)
2024-09-11 15:19:05.647+01:00 WARN  c.a.m.o.e.i.q.QuickPulsePingSender - In the last 5 minutes, the following operation has failed 1 times (out of 46): Pinging live metrics endpoint:
 * java.util.concurrent.TimeoutException: Channel response timed out after 60000 milliseconds. (https://eastus.livediagnostics.monitor.azure.com/QuickPulseService.svc) (1 times)
2024-09-11 15:19:41.575+01:00 WARN  c.a.m.o.e.i.p.TelemetryPipeline - In the last 5 minutes, the following operation has failed 1 times (out of 6): Sending telemetry to the ingestion service:
 * Channel response timed out after 60000 milliseconds. (https://eastus-8.in.applicationinsights.azure.com/v2.1/track) (telemetry will be stored to disk and retried) (1 times)
2024-09-11 17:10:13.439+01:00 ERROR c.a.m.o.e.i.q.QuickPulsePingSender - 
*************************
Application Insights Java failed to connect to https://eastus.livediagnostics.monitor.azure.com/QuickPulseService.svc
*************************

Description:
Unable to resolve host in url

Action:
Please update your network configuration so that the host in this url can be resolved: https://eastus.livediagnostics.monitor.azure.com/QuickPulseService.svc
Learn more about troubleshooting unknown host exception here: https://go.microsoft.com/fwlink/?linkid=2185830

Note:
This message is only logged the first time it occurs after startup.

2024-09-11 17:30:27.904+01:00 ERROR c.a.m.o.e.i.p.TelemetryPipeline - 
*************************
Application Insights Java failed to connect to https://eastus-8.in.applicationinsights.azure.com/v2.1/track
*************************

Description:
Unable to resolve host in url

Action:
Please update your network configuration so that the host in this url can be resolved: https://eastus-8.in.applicationinsights.azure.com/v2.1/track
Learn more about troubleshooting unknown host exception here: https://go.microsoft.com/fwlink/?linkid=2185830

Note:
This message is only logged the first time it occurs after startup.

2024-09-11 17:31:36.693+01:00 WARN  c.a.m.o.e.i.p.TelemetryPipeline - In the last 5 minutes, the following operation has failed 1 times (out of 2): Sending telemetry to the ingestion service (retry from disk):
 * Operation timed out (https://eastus-8.in.applicationinsights.azure.com/v2.1/track) (will be retried again) (1 times)
2024-09-11 17:32:26.477+01:00 WARN  c.a.m.o.e.i.q.QuickPulsePingSender - In the last 5 minutes, the following operation has failed 1 times (out of 24): Pinging live metrics endpoint:
 * java.io.IOException: Operation timed out (https://eastus.livediagnostics.monitor.azure.com/QuickPulseService.svc) (1 times)
2024-09-11 17:33:02.405+01:00 WARN  c.a.m.o.e.i.p.TelemetryPipeline - In the last 5 minutes, the following operation has failed 1 times (out of 4): Sending telemetry to the ingestion service:
 * Operation timed out (https://eastus-8.in.applicationinsights.azure.com/v2.1/track) (telemetry will be stored to disk and retried) (1 times)
2024-09-11 17:47:26.494+01:00 WARN  c.a.m.o.e.i.q.QuickPulsePingSender - In the last 5 minutes, the following operation has failed 1 times (out of 44): Pinging live metrics endpoint:
 * java.util.concurrent.TimeoutException: Channel response timed out after 60000 milliseconds. (https://eastus.livediagnostics.monitor.azure.com/QuickPulseService.svc) (1 times)
2024-09-11 17:48:02.420+01:00 WARN  c.a.m.o.e.i.p.TelemetryPipeline - In the last 5 minutes, the following operation has failed 1 times (out of 4): Sending telemetry to the ingestion service:
 * Channel response timed out after 60000 milliseconds. (https://eastus-8.in.applicationinsights.azure.com/v2.1/track) (telemetry will be stored to disk and retried) (1 times)
2024-09-11 17:53:02.426+01:00 WARN  c.a.m.o.e.i.p.TelemetryPipeline - In the last 5 minutes, the following operation has failed 1 times (out of 1): Sending telemetry to the ingestion service:
 * Channel response timed out after 60000 milliseconds. (https://eastus-8.in.applicationinsights.azure.com/v2.1/track) (telemetry will be stored to disk and retried) (1 times)
2024-09-11 18:32:26.523+01:00 WARN  c.a.m.o.e.i.q.QuickPulsePingSender - In the last 5 minutes, the following operation has failed 1 times (out of 54): Pinging live metrics endpoint:
 * io.netty.handler.ssl.SslHandshakeTimeoutException: handshake timed out after 10000ms (https://eastus.livediagnostics.monitor.azure.com/QuickPulseService.svc) (1 times)
2024-09-11 21:34:37.980+01:00 WARN  c.a.m.o.e.i.p.TelemetryPipeline - In the last 5 minutes, the following operation has failed 1 times (out of 3): Sending telemetry to the ingestion service (retry from disk):
 * Connection reset (https://eastus-8.in.applicationinsights.azure.com/v2.1/track) (will be retried again) (1 times)
2024-09-11 22:01:35.589+01:00 WARN  c.a.m.o.e.i.q.QuickPulsePingSender - In the last 5 minutes, the following operation has failed 8 times (out of 56): Pinging live metrics endpoint:
 * java.net.SocketException: Connection reset (https://eastus.livediagnostics.monitor.azure.com/QuickPulseService.svc) (8 times)
2024-09-11 22:17:12.098+01:00 WARN  c.a.m.o.e.i.p.TelemetryPipeline - In the last 5 minutes, the following operation has failed 4 times (out of 6): Sending telemetry to the ingestion service:
 * Connection reset (https://eastus-8.in.applicationinsights.azure.com/v2.1/track) (telemetry will be stored to disk and retried) (4 times)
2024-09-12 00:36:44.991+01:00 WARN  c.a.m.o.e.i.q.QuickPulsePingSender - In the last 5 minutes, the following operation has failed 9 times (out of 54): Pinging live metrics endpoint:
 * java.net.SocketException: Connection reset (https://eastus.livediagnostics.monitor.azure.com/QuickPulseService.svc) (9 times)
2024-09-12 00:49:15.070+01:00 WARN  c.a.m.o.e.i.p.TelemetryPipeline - In the last 5 minutes, the following operation has failed 5 times (out of 5): Sending telemetry to the ingestion service:
 * Connection reset (https://eastus-8.in.applicationinsights.azure.com/v2.1/track) (telemetry will be stored to disk and retried) (5 times)
2024-09-12 03:06:47.476+01:00 WARN  c.a.m.o.e.i.q.QuickPulsePingSender - In the last 5 minutes, the following operation has failed 10 times (out of 55): Pinging live metrics endpoint:
 * java.net.SocketException: Connection reset (https://eastus.livediagnostics.monitor.azure.com/QuickPulseService.svc) (10 times)
2024-09-12 03:22:24.118+01:00 WARN  c.a.m.o.e.i.p.TelemetryPipeline - In the last 5 minutes, the following operation has failed 5 times (out of 5): Sending telemetry to the ingestion service:
 * Connection reset (https://eastus-8.in.applicationinsights.azure.com/v2.1/track) (telemetry will be stored to disk and retried) (5 times)
2024-09-12 05:17:51.552+01:00 WARN  c.a.m.o.e.i.q.QuickPulsePingSender - In the last 5 minutes, the following operation has failed 8 times (out of 43): Pinging live metrics endpoint:
 * java.net.SocketException: Connection reset (https://eastus.livediagnostics.monitor.azure.com/QuickPulseService.svc) (7 times)
 * java.util.concurrent.TimeoutException: Channel response timed out after 60000 milliseconds. (https://eastus.livediagnostics.monitor.azure.com/QuickPulseService.svc) (1 times)
2024-09-12 05:33:42.560+01:00 WARN  c.a.m.o.e.i.p.TelemetryPipeline - In the last 5 minutes, the following operation has failed 5 times (out of 6): Sending telemetry to the ingestion service:
 * Connection reset (https://eastus-8.in.applicationinsights.azure.com/v2.1/track) (telemetry will be stored to disk and retried) (5 times)
2024-09-12 06:07:32.095+01:00 WARN  c.a.m.o.e.i.q.QuickPulsePingSender - In the last 5 minutes, the following operation has failed 4 times (out of 31): Pinging live metrics endpoint:
 * java.net.SocketException: Connection reset (https://eastus.livediagnostics.monitor.azure.com/QuickPulseService.svc) (2 times)
 * java.util.concurrent.TimeoutException: Channel response timed out after 60000 milliseconds. (https://eastus.livediagnostics.monitor.azure.com/QuickPulseService.svc) (2 times)
2024-09-12 06:08:08.014+01:00 WARN  c.a.m.o.e.i.p.TelemetryPipeline - In the last 5 minutes, the following operation has failed 2 times (out of 4): Sending telemetry to the ingestion service:
 * Connection reset (https://eastus-8.in.applicationinsights.azure.com/v2.1/track) (telemetry will be stored to disk and retried) (1 times)
 * Channel response timed out after 60000 milliseconds. (https://eastus-8.in.applicationinsights.azure.com/v2.1/track) (telemetry will be stored to disk and retried) (1 times)
2024-09-12 06:12:32.097+01:00 WARN  c.a.m.o.e.i.q.QuickPulsePingSender - In the last 5 minutes, the following operation has failed 1 times (out of 49): Pinging live metrics endpoint:
 * java.util.concurrent.TimeoutException: Channel response timed out after 60000 milliseconds. (https://eastus.livediagnostics.monitor.azure.com/QuickPulseService.svc) (1 times)
2024-09-12 06:13:08.016+01:00 WARN  c.a.m.o.e.i.p.TelemetryPipeline - In the last 5 minutes, the following operation has failed 2 times (out of 6): Sending telemetry to the ingestion service:
 * Channel response timed out after 60000 milliseconds. (https://eastus-8.in.applicationinsights.azure.com/v2.1/track) (telemetry will be stored to disk and retried) (2 times)
2024-09-12 07:59:23.140+01:00 WARN  c.a.m.o.e.i.p.TelemetryPipeline - In the last 5 minutes, the following operation has failed 1 times (out of 3): Sending telemetry to the ingestion service (retry from disk):
 * Channel response timed out after 60000 milliseconds. (https://eastus-8.in.applicationinsights.azure.com/v2.1/track) (will be retried again) (1 times)
2024-09-12 08:00:12.939+01:00 WARN  c.a.m.o.e.i.q.QuickPulsePingSender - In the last 5 minutes, the following operation has failed 2 times (out of 37): Pinging live metrics endpoint:
 * java.util.concurrent.TimeoutException: Channel response timed out after 60000 milliseconds. (https://eastus.livediagnostics.monitor.azure.com/QuickPulseService.svc) (2 times)
2024-09-12 08:00:48.856+01:00 WARN  c.a.m.o.e.i.p.TelemetryPipeline - In the last 5 minutes, the following operation has failed 2 times (out of 6): Sending telemetry to the ingestion service:
 * Operation timed out (https://eastus-8.in.applicationinsights.azure.com/v2.1/track) (telemetry will be stored to disk and retried) (2 times)
2024-09-12 08:21:06.945+01:00 WARN  c.a.m.o.e.i.q.QuickPulsePingSender - In the last 5 minutes, the following operation has failed 1 times (out of 54): Pinging live metrics endpoint:
 * java.util.concurrent.TimeoutException: Channel response timed out after 60000 milliseconds. (https://eastus.livediagnostics.monitor.azure.com/QuickPulseService.svc) (1 times)
2024-09-12 08:21:42.861+01:00 WARN  c.a.m.o.e.i.p.TelemetryPipeline - In the last 5 minutes, the following operation has failed 1 times (out of 6): Sending telemetry to the ingestion service:
 * Channel response timed out after 60000 milliseconds. (https://eastus-8.in.applicationinsights.azure.com/v2.1/track) (telemetry will be stored to disk and retried) (1 times)
2024-09-12 09:42:53.686+01:00 WARN  c.a.m.o.e.i.q.QuickPulsePingSender - In the last 5 minutes, the following operation has failed 1 times (out of 48): Pinging live metrics endpoint:
 * java.io.IOException: Operation timed out (https://eastus.livediagnostics.monitor.azure.com/QuickPulseService.svc) (1 times)
2024-09-12 09:43:29.607+01:00 WARN  c.a.m.o.e.i.p.TelemetryPipeline - In the last 5 minutes, the following operation has failed 1 times (out of 4): Sending telemetry to the ingestion service:
 * Operation timed out (https://eastus-8.in.applicationinsights.azure.com/v2.1/track) (telemetry will be stored to disk and retried) (1 times)
2024-09-12 10:05:41.715+01:00 WARN  c.a.m.o.e.i.q.QuickPulsePingSender - In the last 5 minutes, the following operation has failed 1 times (out of 48): Pinging live metrics endpoint:
 * java.io.IOException: Operation timed out (https://eastus.livediagnostics.monitor.azure.com/QuickPulseService.svc) (1 times)
2024-09-12 10:06:17.638+01:00 WARN  c.a.m.o.e.i.p.TelemetryPipeline - In the last 5 minutes, the following operation has failed 2 times (out of 7): Sending telemetry to the ingestion service:
 * Channel response timed out after 60000 milliseconds. (https://eastus-8.in.applicationinsights.azure.com/v2.1/track) (telemetry will be stored to disk and retried) (2 times)
2024-09-12 11:01:40.887+01:00 WARN  c.a.m.o.e.i.q.QuickPulsePingSender - In the last 5 minutes, the following operation has failed 1 times (out of 45): Pinging live metrics endpoint:
 * java.util.concurrent.TimeoutException: Channel response timed out after 60000 milliseconds. (https://eastus.livediagnostics.monitor.azure.com/QuickPulseService.svc) (1 times)
2024-09-12 11:02:16.810+01:00 WARN  c.a.m.o.e.i.p.TelemetryPipeline - In the last 5 minutes, the following operation has failed 2 times (out of 6): Sending telemetry to the ingestion service:
 * Channel response timed out after 60000 milliseconds. (https://eastus-8.in.applicationinsights.azure.com/v2.1/track) (telemetry will be stored to disk and retried) (2 times)
2024-09-12 12:09:50.700+01:00 WARN  c.a.m.o.e.i.p.TelemetryPipeline - In the last 5 minutes, the following operation has failed 1 times (out of 5): Sending telemetry to the ingestion service:
 * Channel response timed out after 60000 milliseconds. (https://eastus-8.in.applicationinsights.azure.com/v2.1/track) (telemetry will be stored to disk and retried) (1 times)
2024-09-12 12:30:47.378+01:00 WARN  c.a.m.o.e.i.q.QuickPulsePingSender - In the last 5 minutes, the following operation has failed 1 times (out of 46): Pinging live metrics endpoint:
 * java.io.IOException: Operation timed out (https://eastus.livediagnostics.monitor.azure.com/QuickPulseService.svc) (1 times)
2024-09-12 12:46:35.521+01:00 WARN  c.a.m.o.e.i.p.TelemetryPipeline - In the last 5 minutes, the following operation has failed 1 times (out of 5): Sending telemetry to the ingestion service:
 * Channel response timed out after 60000 milliseconds. (https://eastus-8.in.applicationinsights.azure.com/v2.1/track) (telemetry will be stored to disk and retried) (1 times)
2024-09-12 13:21:14.353+01:00 WARN  c.a.m.o.e.i.q.QuickPulsePingSender - In the last 5 minutes, the following operation has failed 2 times (out of 35): Pinging live metrics endpoint:
 * java.io.IOException: Operation timed out (https://eastus.livediagnostics.monitor.azure.com/QuickPulseService.svc) (1 times)
 * java.util.concurrent.TimeoutException: Channel response timed out after 60000 milliseconds. (https://eastus.livediagnostics.monitor.azure.com/QuickPulseService.svc) (1 times)
2024-09-12 13:31:49.225+01:00 WARN  c.a.m.o.e.i.p.TelemetryPipeline - In the last 5 minutes, the following operation has failed 2 times (out of 6): Sending telemetry to the ingestion service:
 * Channel response timed out after 60000 milliseconds. (https://eastus-8.in.applicationinsights.azure.com/v2.1/track) (telemetry will be stored to disk and retried) (1 times)
 * Operation timed out (https://eastus-8.in.applicationinsights.azure.com/v2.1/track) (telemetry will be stored to disk and retried) (1 times)
2024-09-12 13:36:13.337+01:00 WARN  c.a.m.o.e.i.q.QuickPulsePingSender - In the last 5 minutes, the following operation has failed 1 times (out of 47): Pinging live metrics endpoint:
 * java.io.IOException: Operation timed out (https://eastus.livediagnostics.monitor.azure.com/QuickPulseService.svc) (1 times)
2024-09-12 13:36:49.258+01:00 WARN  c.a.m.o.e.i.p.TelemetryPipeline - In the last 5 minutes, the following operation has failed 2 times (out of 5): Sending telemetry to the ingestion service:
 * Channel response timed out after 60000 milliseconds. (https://eastus-8.in.applicationinsights.azure.com/v2.1/track) (telemetry will be stored to disk and retried) (2 times)
2024-09-12 16:37:56.426+01:00 WARN  c.a.m.o.e.i.q.QuickPulsePingSender - In the last 5 minutes, the following operation has failed 1 times (out of 28): Pinging live metrics endpoint:
 * java.io.IOException: Operation timed out (https://eastus.livediagnostics.monitor.azure.com/QuickPulseService.svc) (1 times)
2024-09-12 16:38:32.344+01:00 WARN  c.a.m.o.e.i.p.TelemetryPipeline - In the last 5 minutes, the following operation has failed 1 times (out of 3): Sending telemetry to the ingestion service:
 * Operation timed out (https://eastus-8.in.applicationinsights.azure.com/v2.1/track) (telemetry will be stored to disk and retried) (1 times)
2024-09-12 16:42:06.809+01:00 WARN  c.a.m.o.e.i.p.TelemetryPipeline - In the last 5 minutes, the following operation has failed 1 times (out of 4): Sending telemetry to the ingestion service (retry from disk):
 * Channel response timed out after 60000 milliseconds. (https://eastus-8.in.applicationinsights.azure.com/v2.1/track) (will be retried again) (1 times)
2024-09-12 17:27:56.727+01:00 WARN  c.a.m.o.e.i.q.QuickPulsePingSender - In the last 5 minutes, the following operation has failed 1 times (out of 44): Pinging live metrics endpoint:
 * java.net.SocketException: Connection reset (https://eastus.livediagnostics.monitor.azure.com/QuickPulseService.svc) (1 times)
2024-09-12 17:28:32.648+01:00 WARN  c.a.m.o.e.i.p.TelemetryPipeline - In the last 5 minutes, the following operation has failed 1 times (out of 5): Sending telemetry to the ingestion service:
 * Connection reset (https://eastus-8.in.applicationinsights.azure.com/v2.1/track) (telemetry will be stored to disk and retried) (1 times)
2024-09-12 17:32:56.728+01:00 WARN  c.a.m.o.e.i.q.QuickPulsePingSender - In the last 5 minutes, the following operation has failed 1 times (out of 56): Pinging live metrics endpoint:
 * java.net.SocketException: Connection reset (https://eastus.livediagnostics.monitor.azure.com/QuickPulseService.svc) (1 times)
2024-09-12 17:55:07.276+01:00 WARN  c.a.m.o.e.i.q.QuickPulsePingSender - In the last 5 minutes, the following operation has failed 1 times (out of 48): Pinging live metrics endpoint:
 * java.net.SocketException: Connection reset (https://eastus.livediagnostics.monitor.azure.com/QuickPulseService.svc) (1 times)
2024-09-12 17:55:43.191+01:00 WARN  c.a.m.o.e.i.p.TelemetryPipeline - In the last 5 minutes, the following operation has failed 1 times (out of 5): Sending telemetry to the ingestion service:
 * Connection reset (https://eastus-8.in.applicationinsights.azure.com/v2.1/track) (telemetry will be stored to disk and retried) (1 times)
2024-09-12 17:59:17.457+01:00 WARN  c.a.m.o.e.i.p.TelemetryPipeline - In the last 5 minutes, the following operation has failed 1 times (out of 2): Sending telemetry to the ingestion service (retry from disk):
 * Connection reset (https://eastus-8.in.applicationinsights.azure.com/v2.1/track) (will be retried again) (1 times)
2024-09-13 00:22:10.763+01:00 WARN  c.a.m.o.e.i.q.QuickPulsePingSender - In the last 5 minutes, the following operation has failed 1 times (out of 7): Pinging live metrics endpoint:
 * java.io.IOException: Operation timed out (https://eastus.livediagnostics.monitor.azure.com/QuickPulseService.svc) (1 times)
2024-09-13 01:06:39.358+01:00 WARN  c.a.m.o.e.i.p.TelemetryPipeline - In the last 5 minutes, the following operation has failed 1 times (out of 1): Sending telemetry to the ingestion service:
 * Operation timed out (https://eastus-8.in.applicationinsights.azure.com/v2.1/track) (telemetry will be stored to disk and retried) (1 times)
2024-09-13 05:12:27.932+01:00 WARN  c.a.m.o.e.i.q.QuickPulsePingSender - In the last 5 minutes, the following operation has failed 5 times (out of 57): Pinging live metrics endpoint:
 * java.net.SocketException: Connection reset (https://eastus.livediagnostics.monitor.azure.com/QuickPulseService.svc) (5 times)
2024-09-13 05:57:54.481+01:00 WARN  c.a.m.o.e.i.p.TelemetryPipeline - In the last 5 minutes, the following operation has failed 2 times (out of 6): Sending telemetry to the ingestion service:
 * Connection reset (https://eastus-8.in.applicationinsights.azure.com/v2.1/track) (telemetry will be stored to disk and retried) (2 times)
2024-09-13 06:17:35.185+01:00 WARN  c.a.m.o.e.i.p.TelemetryPipeline - In the last 5 minutes, the following operation has failed 2 times (out of 4): Sending telemetry to the ingestion service (retry from disk):
 * Connection reset (https://eastus-8.in.applicationinsights.azure.com/v2.1/track) (will be retried again) (2 times)
2024-09-13 06:18:25.005+01:00 WARN  c.a.m.o.e.i.q.QuickPulsePingSender - In the last 5 minutes, the following operation has failed 2 times (out of 57): Pinging live metrics endpoint:
 * java.net.SocketException: Connection reset (https://eastus.livediagnostics.monitor.azure.com/QuickPulseService.svc) (2 times)
2024-09-13 06:19:00.920+01:00 WARN  c.a.m.o.e.i.p.TelemetryPipeline - In the last 5 minutes, the following operation has failed 1 times (out of 5): Sending telemetry to the ingestion service:
 * Connection reset (https://eastus-8.in.applicationinsights.azure.com/v2.1/track) (telemetry will be stored to disk and retried) (1 times)
2024-09-13 08:14:22.557+01:00 WARN  c.a.m.o.e.i.p.TelemetryPipeline - In the last 5 minutes, the following operation has failed 1 times (out of 1): Sending telemetry to the ingestion service (retry from disk):
 * Connection reset (https://eastus-8.in.applicationinsights.azure.com/v2.1/track) (will be retried again) (1 times)
2024-09-13 08:15:48.287+01:00 WARN  c.a.m.o.e.i.p.TelemetryPipeline - In the last 5 minutes, the following operation has failed 1 times (out of 6): Sending telemetry to the ingestion service:
 * Connection reset (https://eastus-8.in.applicationinsights.azure.com/v2.1/track) (telemetry will be stored to disk and retried) (1 times)
2024-09-13 09:22:35.276+01:00 WARN  c.a.m.o.e.i.p.TelemetryPipeline - In the last 5 minutes, the following operation has failed 1 times (out of 2): Sending telemetry to the ingestion service (retry from disk):
 * Connection reset (https://eastus-8.in.applicationinsights.azure.com/v2.1/track) (will be retried again) (1 times)
2024-09-13 09:23:25.092+01:00 WARN  c.a.m.o.e.i.q.QuickPulsePingSender - In the last 5 minutes, the following operation has failed 1 times (out of 57): Pinging live metrics endpoint:
 * java.net.SocketException: Connection reset (https://eastus.livediagnostics.monitor.azure.com/QuickPulseService.svc) (1 times)
2024-09-13 09:24:01.004+01:00 WARN  c.a.m.o.e.i.p.TelemetryPipeline - In the last 5 minutes, the following operation has failed 1 times (out of 5): Sending telemetry to the ingestion service:
 * Connection reset (https://eastus-8.in.applicationinsights.azure.com/v2.1/track) (telemetry will be stored to disk and retried) (1 times)
2024-09-13 09:45:17.814+01:00 WARN  c.a.m.o.e.i.q.QuickPulsePingSender - In the last 5 minutes, the following operation has failed 1 times (out of 57): Pinging live metrics endpoint:
 * java.net.SocketException: Connection reset (https://eastus.livediagnostics.monitor.azure.com/QuickPulseService.svc) (1 times)
2024-09-13 09:45:53.726+01:00 WARN  c.a.m.o.e.i.p.TelemetryPipeline - In the last 5 minutes, the following operation has failed 1 times (out of 6): Sending telemetry to the ingestion service:
 * Connection reset (https://eastus-8.in.applicationinsights.azure.com/v2.1/track) (telemetry will be stored to disk and retried) (1 times)
2024-09-13 10:09:13.754+01:00 WARN  c.a.m.o.e.i.q.QuickPulsePingSender - In the last 5 minutes, the following operation has failed 1 times (out of 58): Pinging live metrics endpoint:
 * java.net.SocketException: Connection reset (https://eastus.livediagnostics.monitor.azure.com/QuickPulseService.svc) (1 times)
2024-09-13 10:09:49.665+01:00 WARN  c.a.m.o.e.i.p.TelemetryPipeline - In the last 5 minutes, the following operation has failed 1 times (out of 5): Sending telemetry to the ingestion service:
 * Connection reset (https://eastus-8.in.applicationinsights.azure.com/v2.1/track) (telemetry will be stored to disk and retried) (1 times)
2024-09-13 11:19:09.857+01:00 WARN  c.a.m.o.e.i.p.TelemetryPipeline - In the last 5 minutes, the following operation has failed 1 times (out of 2): Sending telemetry to the ingestion service (retry from disk):
 * Connection reset (https://eastus-8.in.applicationinsights.azure.com/v2.1/track) (will be retried again) (1 times)
2024-09-13 11:19:59.676+01:00 WARN  c.a.m.o.e.i.q.QuickPulsePingSender - In the last 5 minutes, the following operation has failed 1 times (out of 57): Pinging live metrics endpoint:
 * java.net.SocketException: Connection reset (https://eastus.livediagnostics.monitor.azure.com/QuickPulseService.svc) (1 times)
2024-09-13 11:20:35.582+01:00 WARN  c.a.m.o.e.i.p.TelemetryPipeline - In the last 5 minutes, the following operation has failed 1 times (out of 5): Sending telemetry to the ingestion service:
 * Connection reset (https://eastus-8.in.applicationinsights.azure.com/v2.1/track) (telemetry will be stored to disk and retried) (1 times)
2024-09-13 17:13:39.500+01:00 WARN  c.a.m.o.e.i.p.TelemetryPipeline - In the last 5 minutes, the following operation has failed 1 times (out of 2): Sending telemetry to the ingestion service (retry from disk):
 * Connection reset (https://eastus-8.in.applicationinsights.azure.com/v2.1/track) (will be retried again) (1 times)
2024-09-13 17:14:29.310+01:00 WARN  c.a.m.o.e.i.q.QuickPulsePingSender - In the last 5 minutes, the following operation has failed 3 times (out of 58): Pinging live metrics endpoint:
 * java.net.SocketException: Connection reset (https://eastus.livediagnostics.monitor.azure.com/QuickPulseService.svc) (3 times)
2024-09-13 17:15:05.211+01:00 WARN  c.a.m.o.e.i.p.TelemetryPipeline - In the last 5 minutes, the following operation has failed 1 times (out of 5): Sending telemetry to the ingestion service:
 * Connection reset (https://eastus-8.in.applicationinsights.azure.com/v2.1/track) (telemetry will be stored to disk and retried) (1 times)
2024-09-13 19:20:05.298+01:00 WARN  c.a.m.o.e.i.p.TelemetryPipeline - In the last 5 minutes, the following operation has failed 1 times (out of 6): Sending telemetry to the ingestion service:
 * Connection reset (https://eastus-8.in.applicationinsights.azure.com/v2.1/track) (telemetry will be stored to disk and retried) (1 times)
2024-09-13 22:11:04.511+01:00 WARN  c.a.m.o.e.i.q.QuickPulsePingSender - In the last 5 minutes, the following operation has failed 5 times (out of 57): Pinging live metrics endpoint:
 * java.net.SocketException: Connection reset (https://eastus.livediagnostics.monitor.azure.com/QuickPulseService.svc) (5 times)
2024-09-13 22:40:22.573+01:00 WARN  c.a.m.o.e.i.p.TelemetryPipeline - In the last 5 minutes, the following operation has failed 2 times (out of 5): Sending telemetry to the ingestion service:
 * Connection reset (https://eastus-8.in.applicationinsights.azure.com/v2.1/track) (telemetry will be stored to disk and retried) (2 times)
2024-09-14 02:43:57.557+01:00 WARN  c.a.m.o.e.i.p.TelemetryPipeline - In the last 5 minutes, the following operation has failed 1 times (out of 6): Sending telemetry to the ingestion service (retry from disk):
 * Connection reset (https://eastus-8.in.applicationinsights.azure.com/v2.1/track) (will be retried again) (1 times)
2024-09-14 03:26:46.261+01:00 WARN  c.a.m.o.e.i.q.QuickPulsePingSender - In the last 5 minutes, the following operation has failed 11 times (out of 57): Pinging live metrics endpoint:
 * java.net.SocketException: Connection reset (https://eastus.livediagnostics.monitor.azure.com/QuickPulseService.svc) (11 times)
2024-09-14 03:45:03.627+01:00 WARN  c.a.m.o.e.i.p.TelemetryPipeline - In the last 5 minutes, the following operation has failed 5 times (out of 5): Sending telemetry to the ingestion service:
 * Connection reset (https://eastus-8.in.applicationinsights.azure.com/v2.1/track) (telemetry will be stored to disk and retried) (5 times)
2024-09-14 04:32:04.562+01:00 WARN  c.a.m.o.e.i.q.QuickPulsePingSender - In the last 5 minutes, the following operation has failed 3 times (out of 57): Pinging live metrics endpoint:
 * java.net.SocketException: Connection reset (https://eastus.livediagnostics.monitor.azure.com/QuickPulseService.svc) (3 times)
2024-09-14 05:57:04.548+01:00 WARN  c.a.m.o.e.i.q.QuickPulsePingSender - In the last 5 minutes, the following operation has failed 1 times (out of 58): Pinging live metrics endpoint:
 * java.net.SocketException: Connection reset (https://eastus.livediagnostics.monitor.azure.com/QuickPulseService.svc) (1 times)
2024-09-14 07:24:22.162+01:00 WARN  c.a.m.o.e.i.q.QuickPulsePingSender - In the last 5 minutes, the following operation has failed 2 times (out of 58): Pinging live metrics endpoint:
 * java.net.SocketException: Connection reset (https://eastus.livediagnostics.monitor.azure.com/QuickPulseService.svc) (2 times)
2024-09-14 07:24:58.064+01:00 WARN  c.a.m.o.e.i.p.TelemetryPipeline - In the last 5 minutes, the following operation has failed 1 times (out of 6): Sending telemetry to the ingestion service:
 * Connection reset (https://eastus-8.in.applicationinsights.azure.com/v2.1/track) (telemetry will be stored to disk and retried) (1 times)
2024-09-14 08:25:12.375+01:00 WARN  c.a.m.o.e.i.p.TelemetryPipeline - In the last 5 minutes, the following operation has failed 1 times (out of 3): Sending telemetry to the ingestion service (retry from disk):
 * Connection reset (https://eastus-8.in.applicationinsights.azure.com/v2.1/track) (will be retried again) (1 times)
2024-09-14 08:26:02.194+01:00 WARN  c.a.m.o.e.i.q.QuickPulsePingSender - In the last 5 minutes, the following operation has failed 2 times (out of 57): Pinging live metrics endpoint:
 * java.net.SocketException: Connection reset (https://eastus.livediagnostics.monitor.azure.com/QuickPulseService.svc) (2 times)
2024-09-14 08:26:38.096+01:00 WARN  c.a.m.o.e.i.p.TelemetryPipeline - In the last 5 minutes, the following operation has failed 1 times (out of 5): Sending telemetry to the ingestion service:
 * Connection reset (https://eastus-8.in.applicationinsights.azure.com/v2.1/track) (telemetry will be stored to disk and retried) (1 times)
2024-09-14 10:20:15.936+01:00 WARN  c.a.m.o.e.i.q.QuickPulsePingSender - In the last 5 minutes, the following operation has failed 2 times (out of 58): Pinging live metrics endpoint:
 * java.net.SocketException: Connection reset (https://eastus.livediagnostics.monitor.azure.com/QuickPulseService.svc) (2 times)
2024-09-14 10:20:51.837+01:00 WARN  c.a.m.o.e.i.p.TelemetryPipeline - In the last 5 minutes, the following operation has failed 1 times (out of 5): Sending telemetry to the ingestion service:
 * Connection reset (https://eastus-8.in.applicationinsights.azure.com/v2.1/track) (telemetry will be stored to disk and retried) (1 times)
2024-09-14 10:24:58.903+01:00 WARN  c.a.m.o.e.i.p.TelemetryPipeline - In the last 5 minutes, the following operation has failed 1 times (out of 2): Sending telemetry to the ingestion service (retry from disk):
 * Connection reset (https://eastus-8.in.applicationinsights.azure.com/v2.1/track) (will be retried again) (1 times)
2024-09-14 12:51:48.270+01:00 WARN  c.a.m.o.e.i.p.TelemetryPipeline - In the last 5 minutes, the following operation has failed 1 times (out of 2): Sending telemetry to the ingestion service (retry from disk):
 * Connection reset (https://eastus-8.in.applicationinsights.azure.com/v2.1/track) (will be retried again) (1 times)
2024-09-14 12:52:38.087+01:00 WARN  c.a.m.o.e.i.q.QuickPulsePingSender - In the last 5 minutes, the following operation has failed 2 times (out of 58): Pinging live metrics endpoint:
 * java.net.SocketException: Connection reset (https://eastus.livediagnostics.monitor.azure.com/QuickPulseService.svc) (2 times)
2024-09-14 12:53:13.991+01:00 WARN  c.a.m.o.e.i.p.TelemetryPipeline - In the last 5 minutes, the following operation has failed 1 times (out of 5): Sending telemetry to the ingestion service:
 * Connection reset (https://eastus-8.in.applicationinsights.azure.com/v2.1/track) (telemetry will be stored to disk and retried) (1 times)
2024-09-14 13:40:33.114+01:00 WARN  c.a.m.o.e.i.q.QuickPulsePingSender - In the last 5 minutes, the following operation has failed 1 times (out of 57): Pinging live metrics endpoint:
 * java.net.SocketException: Connection reset (https://eastus.livediagnostics.monitor.azure.com/QuickPulseService.svc) (1 times)
2024-09-14 13:41:09.019+01:00 WARN  c.a.m.o.e.i.p.TelemetryPipeline - In the last 5 minutes, the following operation has failed 1 times (out of 5): Sending telemetry to the ingestion service:
 * Connection reset (https://eastus-8.in.applicationinsights.azure.com/v2.1/track) (telemetry will be stored to disk and retried) (1 times)
2024-09-14 13:44:43.304+01:00 WARN  c.a.m.o.e.i.p.TelemetryPipeline - In the last 5 minutes, the following operation has failed 1 times (out of 2): Sending telemetry to the ingestion service (retry from disk):
 * Connection reset (https://eastus-8.in.applicationinsights.azure.com/v2.1/track) (will be retried again) (1 times)
2024-09-14 15:34:47.817+01:00 WARN  c.a.m.o.e.i.q.QuickPulsePingSender - In the last 5 minutes, the following operation has failed 3 times (out of 57): Pinging live metrics endpoint:
 * java.net.SocketException: Connection reset (https://eastus.livediagnostics.monitor.azure.com/QuickPulseService.svc) (3 times)
2024-09-14 15:35:23.725+01:00 WARN  c.a.m.o.e.i.p.TelemetryPipeline - In the last 5 minutes, the following operation has failed 2 times (out of 6): Sending telemetry to the ingestion service:
 * Connection reset (https://eastus-8.in.applicationinsights.azure.com/v2.1/track) (telemetry will be stored to disk and retried) (2 times)
2024-09-14 17:19:47.846+01:00 WARN  c.a.m.o.e.i.q.QuickPulsePingSender - In the last 5 minutes, the following operation has failed 1 times (out of 57): Pinging live metrics endpoint:
 * java.net.SocketException: Connection reset (https://eastus.livediagnostics.monitor.azure.com/QuickPulseService.svc) (1 times)
2024-09-14 18:54:03.233+01:00 WARN  c.a.m.o.e.i.p.TelemetryPipeline - In the last 5 minutes, the following operation has failed 1 times (out of 2): Sending telemetry to the ingestion service (retry from disk):
 * Connection reset (https://eastus-8.in.applicationinsights.azure.com/v2.1/track) (will be retried again) (1 times)
2024-09-14 18:54:53.046+01:00 WARN  c.a.m.o.e.i.q.QuickPulsePingSender - In the last 5 minutes, the following operation has failed 1 times (out of 57): Pinging live metrics endpoint:
 * java.net.SocketException: Connection reset (https://eastus.livediagnostics.monitor.azure.com/QuickPulseService.svc) (1 times)
2024-09-14 18:55:28.946+01:00 WARN  c.a.m.o.e.i.p.TelemetryPipeline - In the last 5 minutes, the following operation has failed 1 times (out of 5): Sending telemetry to the ingestion service:
 * Connection reset (https://eastus-8.in.applicationinsights.azure.com/v2.1/track) (telemetry will be stored to disk and retried) (1 times)
2024-09-14 20:32:42.113+01:00 WARN  c.a.m.o.e.i.q.QuickPulsePingSender - In the last 5 minutes, the following operation has failed 2 times (out of 57): Pinging live metrics endpoint:
 * java.net.SocketException: Connection reset (https://eastus.livediagnostics.monitor.azure.com/QuickPulseService.svc) (2 times)
2024-09-14 20:36:50.078+01:00 WARN  c.a.m.o.e.i.p.TelemetryPipeline - In the last 5 minutes, the following operation has failed 1 times (out of 5): Sending telemetry to the ingestion service:
 * Connection reset (https://eastus-8.in.applicationinsights.azure.com/v2.1/track) (telemetry will be stored to disk and retried) (1 times)
2024-09-14 21:10:56.173+01:00 WARN  c.a.m.o.e.i.p.TelemetryPipeline - In the last 5 minutes, the following operation has failed 1 times (out of 4): Sending telemetry to the ingestion service (retry from disk):
 * Connection reset (https://eastus-8.in.applicationinsights.azure.com/v2.1/track) (will be retried again) (1 times)
2024-09-14 21:11:45.986+01:00 WARN  c.a.m.o.e.i.q.QuickPulsePingSender - In the last 5 minutes, the following operation has failed 3 times (out of 57): Pinging live metrics endpoint:
 * java.net.SocketException: Connection reset (https://eastus.livediagnostics.monitor.azure.com/QuickPulseService.svc) (3 times)
2024-09-14 21:12:21.884+01:00 WARN  c.a.m.o.e.i.p.TelemetryPipeline - In the last 5 minutes, the following operation has failed 2 times (out of 6): Sending telemetry to the ingestion service:
 * Connection reset (https://eastus-8.in.applicationinsights.azure.com/v2.1/track) (telemetry will be stored to disk and retried) (2 times)
2024-09-14 21:37:46.757+01:00 WARN  c.a.m.o.e.i.q.QuickPulsePingSender - In the last 5 minutes, the following operation has failed 1 times (out of 57): Pinging live metrics endpoint:
 * java.net.SocketException: Connection reset (https://eastus.livediagnostics.monitor.azure.com/QuickPulseService.svc) (1 times)
2024-09-14 21:38:22.661+01:00 WARN  c.a.m.o.e.i.p.TelemetryPipeline - In the last 5 minutes, the following operation has failed 1 times (out of 5): Sending telemetry to the ingestion service:
 * Connection reset (https://eastus-8.in.applicationinsights.azure.com/v2.1/track) (telemetry will be stored to disk and retried) (1 times)
2024-09-14 21:58:28.028+01:00 WARN  c.a.m.o.e.i.p.TelemetryPipeline - In the last 5 minutes, the following operation has failed 1 times (out of 2): Sending telemetry to the ingestion service (retry from disk):
 * Connection reset (https://eastus-8.in.applicationinsights.azure.com/v2.1/track) (will be retried again) (1 times)
2024-09-14 22:16:19.534+01:00 WARN  c.a.m.o.e.i.q.QuickPulsePingSender - In the last 5 minutes, the following operation has failed 2 times (out of 55): Pinging live metrics endpoint:
 * java.net.SocketException: Connection reset (https://eastus.livediagnostics.monitor.azure.com/QuickPulseService.svc) (2 times)
2024-09-14 22:16:55.443+01:00 WARN  c.a.m.o.e.i.p.TelemetryPipeline - In the last 5 minutes, the following operation has failed 2 times (out of 6): Sending telemetry to the ingestion service:
 * Connection reset (https://eastus-8.in.applicationinsights.azure.com/v2.1/track) (telemetry will be stored to disk and retried) (2 times)
2024-09-14 22:55:13.159+01:00 WARN  c.a.m.o.e.i.q.QuickPulsePingSender - In the last 5 minutes, the following operation has failed 3 times (out of 58): Pinging live metrics endpoint:
 * java.net.SocketException: Connection reset (https://eastus.livediagnostics.monitor.azure.com/QuickPulseService.svc) (3 times)
2024-09-14 22:55:49.059+01:00 WARN  c.a.m.o.e.i.p.TelemetryPipeline - In the last 5 minutes, the following operation has failed 3 times (out of 5): Sending telemetry to the ingestion service:
 * Connection reset (https://eastus-8.in.applicationinsights.azure.com/v2.1/track) (telemetry will be stored to disk and retried) (3 times)
2024-09-14 23:39:35.594+01:00 WARN  c.a.m.o.e.i.q.QuickPulsePingSender - In the last 5 minutes, the following operation has failed 3 times (out of 57): Pinging live metrics endpoint:
 * java.net.SocketException: Connection reset (https://eastus.livediagnostics.monitor.azure.com/QuickPulseService.svc) (3 times)
2024-09-14 23:40:11.496+01:00 WARN  c.a.m.o.e.i.p.TelemetryPipeline - In the last 5 minutes, the following operation has failed 3 times (out of 5): Sending telemetry to the ingestion service:
 * Connection reset (https://eastus-8.in.applicationinsights.azure.com/v2.1/track) (telemetry will be stored to disk and retried) (3 times)
2024-09-15 00:00:29.246+01:00 WARN  c.a.m.o.e.i.q.QuickPulsePingSender - In the last 5 minutes, the following operation has failed 1 times (out of 57): Pinging live metrics endpoint:
 * java.net.SocketException: Connection reset (https://eastus.livediagnostics.monitor.azure.com/QuickPulseService.svc) (1 times)
2024-09-15 00:17:41.697+01:00 WARN  c.a.m.o.e.i.p.TelemetryPipeline - In the last 5 minutes, the following operation has failed 1 times (out of 6): Sending telemetry to the ingestion service:
 * Connection reset (https://eastus-8.in.applicationinsights.azure.com/v2.1/track) (telemetry will be stored to disk and retried) (1 times)
2024-09-15 00:38:38.096+01:00 WARN  c.a.m.o.e.i.p.TelemetryPipeline - In the last 5 minutes, the following operation has failed 1 times (out of 3): Sending telemetry to the ingestion service (retry from disk):
 * Connection reset (https://eastus-8.in.applicationinsights.azure.com/v2.1/track) (will be retried again) (1 times)
2024-09-15 00:39:27.913+01:00 WARN  c.a.m.o.e.i.q.QuickPulsePingSender - In the last 5 minutes, the following operation has failed 2 times (out of 58): Pinging live metrics endpoint:
 * java.net.SocketException: Connection reset (https://eastus.livediagnostics.monitor.azure.com/QuickPulseService.svc) (2 times)
2024-09-15 00:55:45.165+01:00 WARN  c.a.m.o.e.i.p.TelemetryPipeline - In the last 5 minutes, the following operation has failed 3 times (out of 5): Sending telemetry to the ingestion service:
 * Connection reset (https://eastus-8.in.applicationinsights.azure.com/v2.1/track) (telemetry will be stored to disk and retried) (3 times)
2024-09-15 01:31:57.151+01:00 WARN  c.a.m.o.e.i.q.QuickPulsePingSender - In the last 5 minutes, the following operation has failed 3 times (out of 57): Pinging live metrics endpoint:
 * java.net.SocketException: Connection reset (https://eastus.livediagnostics.monitor.azure.com/QuickPulseService.svc) (3 times)
2024-09-15 01:32:33.078+01:00 WARN  c.a.m.o.e.i.p.TelemetryPipeline - In the last 5 minutes, the following operation has failed 2 times (out of 5): Sending telemetry to the ingestion service:
 * Connection reset (https://eastus-8.in.applicationinsights.azure.com/v2.1/track) (telemetry will be stored to disk and retried) (2 times)
2024-09-15 01:42:27.083+01:00 WARN  c.a.m.o.e.i.q.QuickPulsePingSender - In the last 5 minutes, the following operation has failed 2 times (out of 54): Pinging live metrics endpoint:
 * java.net.SocketException: Connection reset (https://eastus.livediagnostics.monitor.azure.com/QuickPulseService.svc) (2 times)
2024-09-15 01:43:02.991+01:00 WARN  c.a.m.o.e.i.p.TelemetryPipeline - In the last 5 minutes, the following operation has failed 1 times (out of 6): Sending telemetry to the ingestion service:
 * Connection reset (https://eastus-8.in.applicationinsights.azure.com/v2.1/track) (telemetry will be stored to disk and retried) (1 times)
2024-09-15 07:57:52.931+01:00 WARN  c.a.m.o.e.i.p.TelemetryPipeline - In the last 5 minutes, the following operation has failed 1 times (out of 4): Sending telemetry to the ingestion service (retry from disk):
 * Connection reset (https://eastus-8.in.applicationinsights.azure.com/v2.1/track) (will be retried again) (1 times)
2024-09-15 07:58:42.748+01:00 WARN  c.a.m.o.e.i.q.QuickPulsePingSender - In the last 5 minutes, the following operation has failed 9 times (out of 55): Pinging live metrics endpoint:
 * java.net.SocketException: Connection reset (https://eastus.livediagnostics.monitor.azure.com/QuickPulseService.svc) (9 times)
2024-09-15 07:59:18.652+01:00 WARN  c.a.m.o.e.i.p.TelemetryPipeline - In the last 5 minutes, the following operation has failed 3 times (out of 5): Sending telemetry to the ingestion service:
 * Connection reset (https://eastus-8.in.applicationinsights.azure.com/v2.1/track) (telemetry will be stored to disk and retried) (3 times)
2024-09-15 09:05:32.193+01:00 WARN  c.a.m.o.e.i.p.TelemetryPipeline - In the last 5 minutes, the following operation has failed 1 times (out of 2): Sending telemetry to the ingestion service (retry from disk):
 * Connection reset (https://eastus-8.in.applicationinsights.azure.com/v2.1/track) (will be retried again) (1 times)
2024-09-15 09:06:22.007+01:00 WARN  c.a.m.o.e.i.q.QuickPulsePingSender - In the last 5 minutes, the following operation has failed 2 times (out of 57): Pinging live metrics endpoint:
 * java.net.SocketException: Connection reset (https://eastus.livediagnostics.monitor.azure.com/QuickPulseService.svc) (2 times)
2024-09-15 09:06:57.911+01:00 WARN  c.a.m.o.e.i.p.TelemetryPipeline - In the last 5 minutes, the following operation has failed 1 times (out of 5): Sending telemetry to the ingestion service:
 * Connection reset (https://eastus-8.in.applicationinsights.azure.com/v2.1/track) (telemetry will be stored to disk and retried) (1 times)
2024-09-15 10:01:46.089+01:00 WARN  c.a.m.o.e.i.q.QuickPulsePingSender - In the last 5 minutes, the following operation has failed 1 times (out of 57): Pinging live metrics endpoint:
 * java.net.SocketException: Connection reset (https://eastus.livediagnostics.monitor.azure.com/QuickPulseService.svc) (1 times)
2024-09-15 10:02:21.992+01:00 WARN  c.a.m.o.e.i.p.TelemetryPipeline - In the last 5 minutes, the following operation has failed 1 times (out of 5): Sending telemetry to the ingestion service:
 * Connection reset (https://eastus-8.in.applicationinsights.azure.com/v2.1/track) (telemetry will be stored to disk and retried) (1 times)
2024-09-15 10:05:56.279+01:00 WARN  c.a.m.o.e.i.p.TelemetryPipeline - In the last 5 minutes, the following operation has failed 1 times (out of 2): Sending telemetry to the ingestion service (retry from disk):
 * Connection reset (https://eastus-8.in.applicationinsights.azure.com/v2.1/track) (will be retried again) (1 times)
2024-09-15 11:05:46.533+01:00 WARN  c.a.m.o.e.i.p.TelemetryPipeline - In the last 5 minutes, the following operation has failed 1 times (out of 2): Sending telemetry to the ingestion service (retry from disk):
 * Connection reset (https://eastus-8.in.applicationinsights.azure.com/v2.1/track) (will be retried again) (1 times)
2024-09-15 11:06:36.327+01:00 WARN  c.a.m.o.e.i.q.QuickPulsePingSender - In the last 5 minutes, the following operation has failed 1 times (out of 58): Pinging live metrics endpoint:
 * java.net.SocketException: Connection reset (https://eastus.livediagnostics.monitor.azure.com/QuickPulseService.svc) (1 times)
2024-09-15 11:07:12.227+01:00 WARN  c.a.m.o.e.i.p.TelemetryPipeline - In the last 5 minutes, the following operation has failed 1 times (out of 6): Sending telemetry to the ingestion service:
 * Connection reset (https://eastus-8.in.applicationinsights.azure.com/v2.1/track) (telemetry will be stored to disk and retried) (1 times)
2024-09-15 13:01:36.311+01:00 WARN  c.a.m.o.e.i.q.QuickPulsePingSender - In the last 5 minutes, the following operation has failed 1 times (out of 57): Pinging live metrics endpoint:
 * java.net.SocketException: Connection reset (https://eastus.livediagnostics.monitor.azure.com/QuickPulseService.svc) (1 times)
2024-09-15 14:02:59.742+01:00 WARN  c.a.m.o.e.i.p.TelemetryPipeline - In the last 5 minutes, the following operation has failed 1 times (out of 2): Sending telemetry to the ingestion service (retry from disk):
 * Connection reset (https://eastus-8.in.applicationinsights.azure.com/v2.1/track) (will be retried again) (1 times)
2024-09-15 14:03:49.558+01:00 WARN  c.a.m.o.e.i.q.QuickPulsePingSender - In the last 5 minutes, the following operation has failed 1 times (out of 58): Pinging live metrics endpoint:
 * java.net.SocketException: Connection reset (https://eastus.livediagnostics.monitor.azure.com/QuickPulseService.svc) (1 times)
2024-09-15 14:04:25.460+01:00 WARN  c.a.m.o.e.i.p.TelemetryPipeline - In the last 5 minutes, the following operation has failed 1 times (out of 5): Sending telemetry to the ingestion service:
 * Connection reset (https://eastus-8.in.applicationinsights.azure.com/v2.1/track) (telemetry will be stored to disk and retried) (1 times)
2024-09-15 15:03:03.142+01:00 WARN  c.a.m.o.e.i.q.QuickPulsePingSender - In the last 5 minutes, the following operation has failed 1 times (out of 57): Pinging live metrics endpoint:
 * java.net.SocketException: Connection reset (https://eastus.livediagnostics.monitor.azure.com/QuickPulseService.svc) (1 times)
2024-09-15 15:03:39.047+01:00 WARN  c.a.m.o.e.i.p.TelemetryPipeline - In the last 5 minutes, the following operation has failed 1 times (out of 5): Sending telemetry to the ingestion service:
 * Connection reset (https://eastus-8.in.applicationinsights.azure.com/v2.1/track) (telemetry will be stored to disk and retried) (1 times)
2024-09-15 16:56:51.463+01:00 WARN  c.a.m.o.e.i.p.TelemetryPipeline - In the last 5 minutes, the following operation has failed 1 times (out of 2): Sending telemetry to the ingestion service (retry from disk):
 * Connection reset (https://eastus-8.in.applicationinsights.azure.com/v2.1/track) (will be retried again) (1 times)
2024-09-15 16:57:41.283+01:00 WARN  c.a.m.o.e.i.q.QuickPulsePingSender - In the last 5 minutes, the following operation has failed 2 times (out of 57): Pinging live metrics endpoint:
 * java.net.SocketException: Connection reset (https://eastus.livediagnostics.monitor.azure.com/QuickPulseService.svc) (2 times)
2024-09-15 16:58:17.188+01:00 WARN  c.a.m.o.e.i.p.TelemetryPipeline - In the last 5 minutes, the following operation has failed 1 times (out of 6): Sending telemetry to the ingestion service:
 * Connection reset (https://eastus-8.in.applicationinsights.azure.com/v2.1/track) (telemetry will be stored to disk and retried) (1 times)
2024-09-15 18:32:42.104+01:00 WARN  c.a.m.o.e.i.q.QuickPulsePingSender - In the last 5 minutes, the following operation has failed 1 times (out of 58): Pinging live metrics endpoint:
 * java.net.SocketException: Connection reset (https://eastus.livediagnostics.monitor.azure.com/QuickPulseService.svc) (1 times)
2024-09-15 18:33:18.011+01:00 WARN  c.a.m.o.e.i.p.TelemetryPipeline - In the last 5 minutes, the following operation has failed 1 times (out of 5): Sending telemetry to the ingestion service:
 * Connection reset (https://eastus-8.in.applicationinsights.azure.com/v2.1/track) (telemetry will be stored to disk and retried) (1 times)
2024-09-15 18:36:52.288+01:00 WARN  c.a.m.o.e.i.p.TelemetryPipeline - In the last 5 minutes, the following operation has failed 1 times (out of 2): Sending telemetry to the ingestion service (retry from disk):
 * Connection reset (https://eastus-8.in.applicationinsights.azure.com/v2.1/track) (will be retried again) (1 times)
2024-09-15 20:52:12.920+01:00 WARN  c.a.m.o.e.i.p.TelemetryPipeline - In the last 5 minutes, the following operation has failed 1 times (out of 2): Sending telemetry to the ingestion service (retry from disk):
 * Connection reset (https://eastus-8.in.applicationinsights.azure.com/v2.1/track) (will be retried again) (1 times)
2024-09-15 20:53:02.738+01:00 WARN  c.a.m.o.e.i.q.QuickPulsePingSender - In the last 5 minutes, the following operation has failed 1 times (out of 57): Pinging live metrics endpoint:
 * java.net.SocketException: Connection reset (https://eastus.livediagnostics.monitor.azure.com/QuickPulseService.svc) (1 times)
2024-09-15 20:53:38.650+01:00 WARN  c.a.m.o.e.i.p.TelemetryPipeline - In the last 5 minutes, the following operation has failed 1 times (out of 5): Sending telemetry to the ingestion service:
 * Connection reset (https://eastus-8.in.applicationinsights.azure.com/v2.1/track) (telemetry will be stored to disk and retried) (1 times)
2024-09-15 21:18:43.606+01:00 WARN  c.a.m.o.e.i.q.QuickPulsePingSender - In the last 5 minutes, the following operation has failed 1 times (out of 57): Pinging live metrics endpoint:
 * java.net.SocketException: Connection reset (https://eastus.livediagnostics.monitor.azure.com/QuickPulseService.svc) (1 times)
2024-09-15 21:35:44.373+01:00 WARN  c.a.m.o.e.i.p.TelemetryPipeline - In the last 5 minutes, the following operation has failed 1 times (out of 5): Sending telemetry to the ingestion service:
 * Connection reset (https://eastus-8.in.applicationinsights.azure.com/v2.1/track) (telemetry will be stored to disk and retried) (1 times)
2024-09-15 21:40:08.468+01:00 WARN  c.a.m.o.e.i.q.QuickPulsePingSender - In the last 5 minutes, the following operation has failed 1 times (out of 58): Pinging live metrics endpoint:
 * java.net.SocketException: Connection reset (https://eastus.livediagnostics.monitor.azure.com/QuickPulseService.svc) (1 times)
2024-09-15 21:50:08.476+01:00 WARN  c.a.m.o.e.i.q.QuickPulsePingSender - In the last 5 minutes, the following operation has failed 1 times (out of 58): Pinging live metrics endpoint:
 * java.net.SocketException: Connection reset (https://eastus.livediagnostics.monitor.azure.com/QuickPulseService.svc) (1 times)
2024-09-15 23:35:09.961+01:00 WARN  c.a.m.o.e.i.p.TelemetryPipeline - In the last 5 minutes, the following operation has failed 1 times (out of 3): Sending telemetry to the ingestion service (retry from disk):
 * Connection reset (https://eastus-8.in.applicationinsights.azure.com/v2.1/track) (will be retried again) (1 times)
2024-09-15 23:35:59.783+01:00 WARN  c.a.m.o.e.i.q.QuickPulsePingSender - In the last 5 minutes, the following operation has failed 4 times (out of 57): Pinging live metrics endpoint:
 * java.net.SocketException: Connection reset (https://eastus.livediagnostics.monitor.azure.com/QuickPulseService.svc) (4 times)
2024-09-15 23:52:54.069+01:00 WARN  c.a.m.o.e.i.p.TelemetryPipeline - In the last 5 minutes, the following operation has failed 3 times (out of 5): Sending telemetry to the ingestion service:
 * Connection reset (https://eastus-8.in.applicationinsights.azure.com/v2.1/track) (telemetry will be stored to disk and retried) (3 times)
2024-09-16 00:30:03.870+01:00 WARN  c.a.m.o.e.i.q.QuickPulsePingSender - In the last 5 minutes, the following operation has failed 3 times (out of 57): Pinging live metrics endpoint:
 * java.net.SocketException: Connection reset (https://eastus.livediagnostics.monitor.azure.com/QuickPulseService.svc) (3 times)
2024-09-16 00:36:07.677+01:00 WARN  c.a.m.o.e.i.p.TelemetryPipeline - In the last 5 minutes, the following operation has failed 2 times (out of 6): Sending telemetry to the ingestion service:
 * Connection reset (https://eastus-8.in.applicationinsights.azure.com/v2.1/track) (telemetry will be stored to disk and retried) (2 times)
2024-09-16 00:56:15.274+01:00 WARN  c.a.m.o.e.i.q.QuickPulsePingSender - In the last 5 minutes, the following operation has failed 2 times (out of 58): Pinging live metrics endpoint:
 * java.net.SocketException: Connection reset (https://eastus.livediagnostics.monitor.azure.com/QuickPulseService.svc) (2 times)
2024-09-16 01:12:50.838+01:00 WARN  c.a.m.o.e.i.p.TelemetryPipeline - In the last 5 minutes, the following operation has failed 2 times (out of 5): Sending telemetry to the ingestion service:
 * Connection reset (https://eastus-8.in.applicationinsights.azure.com/v2.1/track) (telemetry will be stored to disk and retried) (2 times)
2024-09-16 01:32:23.816+01:00 WARN  c.a.m.o.e.i.q.QuickPulsePingSender - In the last 5 minutes, the following operation has failed 2 times (out of 57): Pinging live metrics endpoint:
 * java.net.SocketException: Connection reset (https://eastus.livediagnostics.monitor.azure.com/QuickPulseService.svc) (2 times)
2024-09-16 01:32:59.718+01:00 WARN  c.a.m.o.e.i.p.TelemetryPipeline - In the last 5 minutes, the following operation has failed 1 times (out of 5): Sending telemetry to the ingestion service:
 * Connection reset (https://eastus-8.in.applicationinsights.azure.com/v2.1/track) (telemetry will be stored to disk and retried) (1 times)
2024-09-16 01:40:38.579+01:00 WARN  c.a.m.o.e.i.q.QuickPulsePingSender - In the last 5 minutes, the following operation has failed 1 times (out of 57): Pinging live metrics endpoint:
 * java.net.SocketException: Connection reset (https://eastus.livediagnostics.monitor.azure.com/QuickPulseService.svc) (1 times)
2024-09-16 01:41:14.479+01:00 WARN  c.a.m.o.e.i.p.TelemetryPipeline - In the last 5 minutes, the following operation has failed 1 times (out of 6): Sending telemetry to the ingestion service:
 * Connection reset (https://eastus-8.in.applicationinsights.azure.com/v2.1/track) (telemetry will be stored to disk and retried) (1 times)
2024-09-16 02:16:38.636+01:00 WARN  c.a.m.o.e.i.p.TelemetryPipeline - In the last 5 minutes, the following operation has failed 1 times (out of 2): Sending telemetry to the ingestion service (retry from disk):
 * Connection reset (https://eastus-8.in.applicationinsights.azure.com/v2.1/track) (will be retried again) (1 times)
2024-09-16 02:32:32.240+01:00 WARN  c.a.m.o.e.i.q.QuickPulsePingSender - In the last 5 minutes, the following operation has failed 3 times (out of 58): Pinging live metrics endpoint:
 * java.net.SocketException: Connection reset (https://eastus.livediagnostics.monitor.azure.com/QuickPulseService.svc) (3 times)
2024-09-16 02:33:08.142+01:00 WARN  c.a.m.o.e.i.p.TelemetryPipeline - In the last 5 minutes, the following operation has failed 2 times (out of 5): Sending telemetry to the ingestion service:
 * Connection reset (https://eastus-8.in.applicationinsights.azure.com/v2.1/track) (telemetry will be stored to disk and retried) (2 times)
2024-09-16 02:57:49.686+01:00 WARN  c.a.m.o.e.i.q.QuickPulsePingSender - In the last 5 minutes, the following operation has failed 2 times (out of 57): Pinging live metrics endpoint:
 * java.net.SocketException: Connection reset (https://eastus.livediagnostics.monitor.azure.com/QuickPulseService.svc) (2 times)
2024-09-16 02:58:25.588+01:00 WARN  c.a.m.o.e.i.p.TelemetryPipeline - In the last 5 minutes, the following operation has failed 2 times (out of 5): Sending telemetry to the ingestion service:
 * Connection reset (https://eastus-8.in.applicationinsights.azure.com/v2.1/track) (telemetry will be stored to disk and retried) (2 times)
2024-09-16 03:30:17.225+01:00 WARN  c.a.m.o.e.i.q.QuickPulsePingSender - In the last 5 minutes, the following operation has failed 2 times (out of 57): Pinging live metrics endpoint:
 * java.net.SocketException: Connection reset (https://eastus.livediagnostics.monitor.azure.com/QuickPulseService.svc) (2 times)
2024-09-16 03:30:53.122+01:00 WARN  c.a.m.o.e.i.p.TelemetryPipeline - In the last 5 minutes, the following operation has failed 2 times (out of 6): Sending telemetry to the ingestion service:
 * Connection reset (https://eastus-8.in.applicationinsights.azure.com/v2.1/track) (telemetry will be stored to disk and retried) (2 times)
2024-09-16 04:30:53.144+01:00 WARN  c.a.m.o.e.i.p.TelemetryPipeline - In the last 5 minutes, the following operation has failed 1 times (out of 6): Sending telemetry to the ingestion service:
 * Connection reset (https://eastus-8.in.applicationinsights.azure.com/v2.1/track) (telemetry will be stored to disk and retried) (1 times)
2024-09-16 05:05:53.182+01:00 WARN  c.a.m.o.e.i.p.TelemetryPipeline - In the last 5 minutes, the following operation has failed 1 times (out of 5): Sending telemetry to the ingestion service:
 * Connection reset (https://eastus-8.in.applicationinsights.azure.com/v2.1/track) (telemetry will be stored to disk and retried) (1 times)
2024-09-16 06:05:53.730+01:00 WARN  c.a.m.o.e.i.q.QuickPulsePingSender - In the last 5 minutes, the following operation has failed 1 times (out of 57): Pinging live metrics endpoint:
 * java.net.SocketException: Connection reset (https://eastus.livediagnostics.monitor.azure.com/QuickPulseService.svc) (1 times)
2024-09-16 06:06:29.632+01:00 WARN  c.a.m.o.e.i.p.TelemetryPipeline - In the last 5 minutes, the following operation has failed 1 times (out of 5): Sending telemetry to the ingestion service:
 * Connection reset (https://eastus-8.in.applicationinsights.azure.com/v2.1/track) (telemetry will be stored to disk and retried) (1 times)
2024-09-16 06:55:35.688+01:00 WARN  c.a.m.o.e.i.p.TelemetryPipeline - In the last 5 minutes, the following operation has failed 1 times (out of 3): Sending telemetry to the ingestion service (retry from disk):
 * Connection reset (https://eastus-8.in.applicationinsights.azure.com/v2.1/track) (will be retried again) (1 times)
2024-09-16 06:56:55.642+01:00 WARN  c.a.m.o.e.i.q.QuickPulsePingSender - In the last 5 minutes, the following operation has failed 2 times (out of 34): Pinging live metrics endpoint:
 * java.net.SocketException: Connection reset (https://eastus.livediagnostics.monitor.azure.com/QuickPulseService.svc) (1 times)
 * java.util.concurrent.TimeoutException: Channel response timed out after 60000 milliseconds. (https://eastus.livediagnostics.monitor.azure.com/QuickPulseService.svc) (1 times)
2024-09-16 06:57:31.545+01:00 WARN  c.a.m.o.e.i.p.TelemetryPipeline - In the last 5 minutes, the following operation has failed 1 times (out of 4): Sending telemetry to the ingestion service:
 * Channel response timed out after 60000 milliseconds. (https://eastus-8.in.applicationinsights.azure.com/v2.1/track) (telemetry will be stored to disk and retried) (1 times)
2024-09-16 07:30:44.166+01:00 WARN  c.a.m.o.e.i.p.TelemetryPipeline - In the last 5 minutes, the following operation has failed 1 times (out of 1): Sending telemetry to the ingestion service (retry from disk):
 * Connection reset (https://eastus-8.in.applicationinsights.azure.com/v2.1/track) (will be retried again) (1 times)
2024-09-16 07:31:33.995+01:00 WARN  c.a.m.o.e.i.q.QuickPulsePingSender - In the last 5 minutes, the following operation has failed 2 times (out of 57): Pinging live metrics endpoint:
 * java.net.SocketException: Connection reset (https://eastus.livediagnostics.monitor.azure.com/QuickPulseService.svc) (2 times)
2024-09-16 07:32:09.897+01:00 WARN  c.a.m.o.e.i.p.TelemetryPipeline - In the last 5 minutes, the following operation has failed 1 times (out of 5): Sending telemetry to the ingestion service:
 * Connection reset (https://eastus-8.in.applicationinsights.azure.com/v2.1/track) (telemetry will be stored to disk and retried) (1 times)
2024-09-16 10:11:33.947+01:00 WARN  c.a.m.o.e.i.q.QuickPulsePingSender - In the last 5 minutes, the following operation has failed 1 times (out of 58): Pinging live metrics endpoint:
 * java.net.SocketException: Connection reset (https://eastus.livediagnostics.monitor.azure.com/QuickPulseService.svc) (1 times)
2024-09-16 13:02:23.947+01:00 WARN  c.a.m.o.e.i.p.TelemetryPipeline - In the last 5 minutes, the following operation has failed 1 times (out of 1): Sending telemetry to the ingestion service (retry from disk):
 * Connection reset (https://eastus-8.in.applicationinsights.azure.com/v2.1/track) (will be retried again) (1 times)
2024-09-16 13:03:13.779+01:00 WARN  c.a.m.o.e.i.q.QuickPulsePingSender - In the last 5 minutes, the following operation has failed 1 times (out of 57): Pinging live metrics endpoint:
 * java.net.SocketException: Connection reset (https://eastus.livediagnostics.monitor.azure.com/QuickPulseService.svc) (1 times)
2024-09-16 13:20:01.714+01:00 WARN  c.a.m.o.e.i.p.TelemetryPipeline - In the last 5 minutes, the following operation has failed 1 times (out of 5): Sending telemetry to the ingestion service:
 * Connection reset (https://eastus-8.in.applicationinsights.azure.com/v2.1/track) (telemetry will be stored to disk and retried) (1 times)
2024-09-16 13:29:41.812+01:00 WARN  c.a.m.o.e.i.q.QuickPulsePingSender - In the last 5 minutes, the following operation has failed 2 times (out of 57): Pinging live metrics endpoint:
 * java.net.SocketException: Connection reset (https://eastus.livediagnostics.monitor.azure.com/QuickPulseService.svc) (2 times)
2024-09-16 13:30:17.711+01:00 WARN  c.a.m.o.e.i.p.TelemetryPipeline - In the last 5 minutes, the following operation has failed 2 times (out of 6): Sending telemetry to the ingestion service:
 * Connection reset (https://eastus-8.in.applicationinsights.azure.com/v2.1/track) (telemetry will be stored to disk and retried) (2 times)
2024-09-16 15:30:55.571+01:00 WARN  c.a.m.o.e.i.q.QuickPulsePingSender - In the last 5 minutes, the following operation has failed 1 times (out of 57): Pinging live metrics endpoint:
 * java.net.SocketException: Connection reset (https://eastus.livediagnostics.monitor.azure.com/QuickPulseService.svc) (1 times)
2024-09-16 15:31:31.472+01:00 WARN  c.a.m.o.e.i.p.TelemetryPipeline - In the last 5 minutes, the following operation has failed 2 times (out of 6): Sending telemetry to the ingestion service:
 * Connection reset (https://eastus-8.in.applicationinsights.azure.com/v2.1/track) (telemetry will be stored to disk and retried) (2 times)
2024-09-16 16:15:09.311+01:00 WARN  c.a.m.o.e.i.q.QuickPulsePingSender - In the last 5 minutes, the following operation has failed 3 times (out of 58): Pinging live metrics endpoint:
 * java.net.SocketException: Connection reset (https://eastus.livediagnostics.monitor.azure.com/QuickPulseService.svc) (3 times)
2024-09-16 16:15:45.209+01:00 WARN  c.a.m.o.e.i.p.TelemetryPipeline - In the last 5 minutes, the following operation has failed 2 times (out of 5): Sending telemetry to the ingestion service:
 * Connection reset (https://eastus-8.in.applicationinsights.azure.com/v2.1/track) (telemetry will be stored to disk and retried) (2 times)
2024-09-16 16:35:17.955+01:00 WARN  c.a.m.o.e.i.q.QuickPulsePingSender - In the last 5 minutes, the following operation has failed 1 times (out of 57): Pinging live metrics endpoint:
 * java.net.SocketException: Connection reset (https://eastus.livediagnostics.monitor.azure.com/QuickPulseService.svc) (1 times)
2024-09-16 16:35:53.855+01:00 WARN  c.a.m.o.e.i.p.TelemetryPipeline - In the last 5 minutes, the following operation has failed 1 times (out of 5): Sending telemetry to the ingestion service:
 * Connection reset (https://eastus-8.in.applicationinsights.azure.com/v2.1/track) (telemetry will be stored to disk and retried) (1 times)
2024-09-16 16:56:42.839+01:00 WARN  c.a.m.o.e.i.q.QuickPulsePingSender - In the last 5 minutes, the following operation has failed 2 times (out of 58): Pinging live metrics endpoint:
 * java.net.SocketException: Connection reset (https://eastus.livediagnostics.monitor.azure.com/QuickPulseService.svc) (2 times)
2024-09-16 16:57:18.736+01:00 WARN  c.a.m.o.e.i.p.TelemetryPipeline - In the last 5 minutes, the following operation has failed 1 times (out of 6): Sending telemetry to the ingestion service:
 * Connection reset (https://eastus-8.in.applicationinsights.azure.com/v2.1/track) (telemetry will be stored to disk and retried) (1 times)
2024-09-16 17:57:29.285+01:00 WARN  c.a.m.o.e.i.q.QuickPulsePingSender - In the last 5 minutes, the following operation has failed 2 times (out of 57): Pinging live metrics endpoint:
 * java.net.SocketException: Connection reset (https://eastus.livediagnostics.monitor.azure.com/QuickPulseService.svc) (2 times)
2024-09-16 17:58:05.180+01:00 WARN  c.a.m.o.e.i.p.TelemetryPipeline - In the last 5 minutes, the following operation has failed 1 times (out of 5): Sending telemetry to the ingestion service:
 * Connection reset (https://eastus-8.in.applicationinsights.azure.com/v2.1/track) (telemetry will be stored to disk and retried) (1 times)
2024-09-16 18:01:39.449+01:00 WARN  c.a.m.o.e.i.p.TelemetryPipeline - In the last 5 minutes, the following operation has failed 1 times (out of 2): Sending telemetry to the ingestion service (retry from disk):
 * Connection reset (https://eastus-8.in.applicationinsights.azure.com/v2.1/track) (will be retried again) (1 times)
2024-09-16 22:43:02.571+01:00 WARN  c.a.m.o.e.i.p.TelemetryPipeline - In the last 5 minutes, the following operation has failed 1 times (out of 3): Sending telemetry to the ingestion service (retry from disk):
 * Connection reset (https://eastus-8.in.applicationinsights.azure.com/v2.1/track) (will be retried again) (1 times)
2024-09-16 23:26:07.971+01:00 WARN  c.a.m.o.e.i.q.QuickPulsePingSender - In the last 5 minutes, the following operation has failed 9 times (out of 40): Pinging live metrics endpoint:
 * java.net.SocketException: Connection reset (https://eastus.livediagnostics.monitor.azure.com/QuickPulseService.svc) (9 times)
2024-09-16 23:42:33.637+01:00 WARN  c.a.m.o.e.i.p.TelemetryPipeline - In the last 5 minutes, the following operation has failed 2 times (out of 4): Sending telemetry to the ingestion service:
 * Connection reset (https://eastus-8.in.applicationinsights.azure.com/v2.1/track) (telemetry will be stored to disk and retried) (2 times)
2024-09-17 02:55:55.589+01:00 WARN  c.a.m.o.e.i.p.TelemetryPipeline - In the last 5 minutes, the following operation has failed 1 times (out of 2): Sending telemetry to the ingestion service (retry from disk):
 * Operation timed out (https://eastus-8.in.applicationinsights.azure.com/v2.1/track) (will be retried again) (1 times)
2024-09-17 04:57:51.998+01:00 WARN  c.a.m.o.e.i.p.TelemetryPipeline - In the last 5 minutes, the following operation has failed 1 times (out of 2): Sending telemetry to the ingestion service:
 * Channel response timed out after 60000 milliseconds. (https://eastus-8.in.applicationinsights.azure.com/v2.1/track) (telemetry will be stored to disk and retried) (1 times)
2024-09-17 06:27:06.723+01:00 WARN  c.a.m.o.e.i.q.QuickPulsePingSender - In the last 5 minutes, the following operation has failed 1 times (out of 21): Pinging live metrics endpoint:
 * java.io.IOException: Operation timed out (https://eastus.livediagnostics.monitor.azure.com/QuickPulseService.svc) (1 times)
2024-09-17 06:31:16.888+01:00 WARN  c.a.m.o.e.i.p.TelemetryPipeline - In the last 5 minutes, the following operation has failed 1 times (out of 3): Sending telemetry to the ingestion service (retry from disk):
 * Channel response timed out after 60000 milliseconds. (https://eastus-8.in.applicationinsights.azure.com/v2.1/track) (will be retried again) (1 times)
2024-09-17 08:36:31.192+01:00 WARN  c.a.m.o.e.i.q.QuickPulsePingSender - In the last 5 minutes, the following operation has failed 1 times (out of 50): Pinging live metrics endpoint:
 * java.io.IOException: Operation timed out (https://eastus.livediagnostics.monitor.azure.com/QuickPulseService.svc) (1 times)
2024-09-17 08:37:42.400+01:00 WARN  c.a.m.o.e.i.p.TelemetryPipeline - In the last 5 minutes, the following operation has failed 2 times (out of 5): Sending telemetry to the ingestion service:
 * Channel response timed out after 60000 milliseconds. (https://eastus-8.in.applicationinsights.azure.com/v2.1/track) (telemetry will be stored to disk and retried) (2 times)
2024-09-17 10:23:40.621+01:00 WARN  c.a.m.o.e.i.q.QuickPulsePingSender - In the last 5 minutes, the following operation has failed 1 times (out of 57): Pinging live metrics endpoint:
 * java.util.concurrent.TimeoutException: Channel response timed out after 60000 milliseconds. (https://eastus.livediagnostics.monitor.azure.com/QuickPulseService.svc) (1 times)
2024-09-17 10:24:16.517+01:00 WARN  c.a.m.o.e.i.p.TelemetryPipeline - In the last 5 minutes, the following operation has failed 1 times (out of 7): Sending telemetry to the ingestion service:
 * Channel response timed out after 60000 milliseconds. (https://eastus-8.in.applicationinsights.azure.com/v2.1/track) (telemetry will be stored to disk and retried) (1 times)
2024-09-17 14:09:16.557+01:00 WARN  c.a.m.o.e.i.p.TelemetryPipeline - In the last 5 minutes, the following operation has failed 1 times (out of 6): Sending telemetry to the ingestion service:
 * Connection reset (https://eastus-8.in.applicationinsights.azure.com/v2.1/track) (telemetry will be stored to disk and retried) (1 times)
2024-09-17 14:14:16.525+01:00 WARN  c.a.m.o.e.i.p.TelemetryPipeline - In the last 5 minutes, the following operation has failed 1 times (out of 5): Sending telemetry to the ingestion service:
 * Connection reset (https://eastus-8.in.applicationinsights.azure.com/v2.1/track) (telemetry will be stored to disk and retried) (1 times)
2024-09-17 15:31:33.276+01:00 WARN  c.a.m.o.e.i.q.QuickPulsePingSender - In the last 5 minutes, the following operation has failed 2 times (out of 41): Pinging live metrics endpoint:
 * java.io.IOException: Operation timed out (https://eastus.livediagnostics.monitor.azure.com/QuickPulseService.svc) (2 times)
2024-09-17 15:32:09.172+01:00 WARN  c.a.m.o.e.i.p.TelemetryPipeline - In the last 5 minutes, the following operation has failed 2 times (out of 4): Sending telemetry to the ingestion service:
 * Operation timed out (https://eastus-8.in.applicationinsights.azure.com/v2.1/track) (telemetry will be stored to disk and retried) (2 times)
2024-09-17 15:37:09.170+01:00 WARN  c.a.m.o.e.i.p.TelemetryPipeline - In the last 5 minutes, the following operation has failed 1 times (out of 7): Sending telemetry to the ingestion service:
 * Channel response timed out after 60000 milliseconds. (https://eastus-8.in.applicationinsights.azure.com/v2.1/track) (telemetry will be stored to disk and retried) (1 times)
2024-09-17 16:07:03.360+01:00 WARN  c.a.m.o.e.i.q.QuickPulsePingSender - In the last 5 minutes, the following operation has failed 1 times (out of 48): Pinging live metrics endpoint:
 * java.io.IOException: Operation timed out (https://eastus.livediagnostics.monitor.azure.com/QuickPulseService.svc) (1 times)
2024-09-17 16:07:39.258+01:00 WARN  c.a.m.o.e.i.p.TelemetryPipeline - In the last 5 minutes, the following operation has failed 1 times (out of 5): Sending telemetry to the ingestion service:
 * Operation timed out (https://eastus-8.in.applicationinsights.azure.com/v2.1/track) (telemetry will be stored to disk and retried) (1 times)
2024-09-17 18:20:12.194+01:00 WARN  c.a.m.o.e.i.q.QuickPulsePingSender - In the last 5 minutes, the following operation has failed 1 times (out of 22): Pinging live metrics endpoint:
 * java.io.IOException: Operation timed out (https://eastus.livediagnostics.monitor.azure.com/QuickPulseService.svc) (1 times)
2024-09-17 18:20:48.089+01:00 WARN  c.a.m.o.e.i.p.TelemetryPipeline - In the last 5 minutes, the following operation has failed 1 times (out of 5): Sending telemetry to the ingestion service:
 * Channel response timed out after 60000 milliseconds. (https://eastus-8.in.applicationinsights.azure.com/v2.1/track) (telemetry will be stored to disk and retried) (1 times)
2024-09-17 21:20:54.314+01:00 WARN  c.a.m.o.e.i.q.QuickPulsePingSender - In the last 5 minutes, the following operation has failed 3 times (out of 56): Pinging live metrics endpoint:
 * java.net.SocketException: Connection reset (https://eastus.livediagnostics.monitor.azure.com/QuickPulseService.svc) (3 times)
2024-09-17 22:15:55.491+01:00 WARN  c.a.m.o.e.i.p.TelemetryPipeline - In the last 5 minutes, the following operation has failed 2 times (out of 6): Sending telemetry to the ingestion service:
 * Connection reset (https://eastus-8.in.applicationinsights.azure.com/v2.1/track) (telemetry will be stored to disk and retried) (2 times)
2024-09-18 02:54:06.086+01:00 WARN  c.a.m.o.e.i.p.TelemetryPipeline - In the last 5 minutes, the following operation has failed 4 times (out of 7): Sending telemetry to the ingestion service (retry from disk):
 * Connection reset (https://eastus-8.in.applicationinsights.azure.com/v2.1/track) (will be retried again) (4 times)
2024-09-18 03:57:01.411+01:00 WARN  c.a.m.o.e.i.q.QuickPulsePingSender - In the last 5 minutes, the following operation has failed 14 times (out of 55): Pinging live metrics endpoint:
 * java.net.SocketException: Connection reset (https://eastus.livediagnostics.monitor.azure.com/QuickPulseService.svc) (14 times)
2024-09-18 04:21:45.235+01:00 WARN  c.a.m.o.e.i.p.TelemetryPipeline - In the last 5 minutes, the following operation has failed 3 times (out of 5): Sending telemetry to the ingestion service:
 * Connection reset (https://eastus-8.in.applicationinsights.azure.com/v2.1/track) (telemetry will be stored to disk and retried) (3 times)
2024-09-18 06:01:16.002+01:00 WARN  c.a.m.o.e.i.q.QuickPulsePingSender - In the last 5 minutes, the following operation has failed 5 times (out of 56): Pinging live metrics endpoint:
 * java.net.SocketException: Connection reset (https://eastus.livediagnostics.monitor.azure.com/QuickPulseService.svc) (5 times)
2024-09-18 06:01:51.898+01:00 WARN  c.a.m.o.e.i.p.TelemetryPipeline - In the last 5 minutes, the following operation has failed 2 times (out of 5): Sending telemetry to the ingestion service:
 * Connection reset (https://eastus-8.in.applicationinsights.azure.com/v2.1/track) (telemetry will be stored to disk and retried) (2 times)
2024-09-18 07:11:15.950+01:00 WARN  c.a.m.o.e.i.q.QuickPulsePingSender - In the last 5 minutes, the following operation has failed 1 times (out of 52): Pinging live metrics endpoint:
 * java.util.concurrent.TimeoutException: Channel response timed out after 60000 milliseconds. (https://eastus.livediagnostics.monitor.azure.com/QuickPulseService.svc) (1 times)
2024-09-18 07:11:51.843+01:00 WARN  c.a.m.o.e.i.p.TelemetryPipeline - In the last 5 minutes, the following operation has failed 2 times (out of 7): Sending telemetry to the ingestion service:
 * Channel response timed out after 60000 milliseconds. (https://eastus-8.in.applicationinsights.azure.com/v2.1/track) (telemetry will be stored to disk and retried) (2 times)
2024-09-18 10:11:16.096+01:00 WARN  c.a.m.o.e.i.q.QuickPulsePingSender - In the last 5 minutes, the following operation has failed 1 times (out of 57): Pinging live metrics endpoint:
 * java.net.SocketException: Connection reset (https://eastus.livediagnostics.monitor.azure.com/QuickPulseService.svc) (1 times)
2024-09-18 10:16:16.103+01:00 WARN  c.a.m.o.e.i.q.QuickPulsePingSender - In the last 5 minutes, the following operation has failed 1 times (out of 57): Pinging live metrics endpoint:
 * java.net.SocketException: Connection reset (https://eastus.livediagnostics.monitor.azure.com/QuickPulseService.svc) (1 times)
2024-09-18 15:10:53.384+01:00 WARN  c.a.m.o.e.i.q.QuickPulsePingSender - In the last 5 minutes, the following operation has failed 2 times (out of 42): Pinging live metrics endpoint:
 * java.io.IOException: Operation timed out (https://eastus.livediagnostics.monitor.azure.com/QuickPulseService.svc) (2 times)
2024-09-18 15:30:28.744+01:00 WARN  c.a.m.o.e.i.p.TelemetryPipeline - In the last 5 minutes, the following operation has failed 1 times (out of 5): Sending telemetry to the ingestion service:
 * Operation timed out (https://eastus-8.in.applicationinsights.azure.com/v2.1/track) (telemetry will be stored to disk and retried) (1 times)
2024-09-18 19:14:41.445+01:00 WARN  c.a.m.o.e.i.p.TelemetryPipeline - In the last 5 minutes, the following operation has failed 2 times (out of 2): Sending telemetry to the ingestion service (retry from disk):
 * Channel response timed out after 60000 milliseconds. (https://eastus-8.in.applicationinsights.azure.com/v2.1/track) (will be retried again) (1 times)
 * Operation timed out (https://eastus-8.in.applicationinsights.azure.com/v2.1/track) (will be retried again) (1 times)
2024-09-18 19:57:47.038+01:00 WARN  c.a.m.o.e.i.q.QuickPulsePingSender - In the last 5 minutes, the following operation has failed 2 times (out of 3): Pinging live metrics endpoint:
 * java.io.IOException: Operation timed out (https://eastus.livediagnostics.monitor.azure.com/QuickPulseService.svc) (2 times)
2024-09-18 22:03:22.898+01:00 WARN  c.a.m.o.e.i.p.TelemetryPipeline - In the last 5 minutes, the following operation has failed 1 times (out of 7): Sending telemetry to the ingestion service:
 * Channel response timed out after 60000 milliseconds. (https://eastus-8.in.applicationinsights.azure.com/v2.1/track) (telemetry will be stored to disk and retried) (1 times)
2024-09-18 23:02:47.034+01:00 WARN  c.a.m.o.e.i.q.QuickPulsePingSender - In the last 5 minutes, the following operation has failed 1 times (out of 1): Pinging live metrics endpoint:
 * java.util.concurrent.TimeoutException: Channel response timed out after 60000 milliseconds. (https://eastus.livediagnostics.monitor.azure.com/QuickPulseService.svc) (1 times)
2024-09-18 23:03:22.917+01:00 WARN  c.a.m.o.e.i.p.TelemetryPipeline - In the last 5 minutes, the following operation has failed 1 times (out of 1): Sending telemetry to the ingestion service:
 * Channel write operation timed out after 60000 milliseconds. (https://eastus-8.in.applicationinsights.azure.com/v2.1/track) (telemetry will be stored to disk and retried) (1 times)
2024-09-19 00:20:41.898+01:00 WARN  c.a.m.o.e.i.q.QuickPulsePingSender - In the last 5 minutes, the following operation has failed 1 times (out of 5): Pinging live metrics endpoint:
 * java.net.SocketException: Connection reset (https://eastus.livediagnostics.monitor.azure.com/QuickPulseService.svc) (1 times)
2024-09-19 02:33:50.288+01:00 WARN  c.a.m.o.e.i.p.TelemetryPipeline - In the last 5 minutes, the following operation has failed 5 times (out of 9): Sending telemetry to the ingestion service (retry from disk):
 * Connection reset (https://eastus-8.in.applicationinsights.azure.com/v2.1/track) (will be retried again) (5 times)
2024-09-19 03:05:20.161+01:00 WARN  c.a.m.o.e.i.q.QuickPulsePingSender - In the last 5 minutes, the following operation has failed 11 times (out of 55): Pinging live metrics endpoint:
 * java.net.SocketException: Connection reset (https://eastus.livediagnostics.monitor.azure.com/QuickPulseService.svc) (11 times)
2024-09-19 03:23:52.981+01:00 WARN  c.a.m.o.e.i.p.TelemetryPipeline - In the last 5 minutes, the following operation has failed 1 times (out of 5): Sending telemetry to the ingestion service:
 * Connection reset (https://eastus-8.in.applicationinsights.azure.com/v2.1/track) (telemetry will be stored to disk and retried) (1 times)
2024-09-19 03:49:32.127+01:00 WARN  c.a.m.o.e.i.p.TelemetryPipeline - In the last 5 minutes, the following operation has failed 3 times (out of 10): Sending telemetry to the ingestion service (retry from disk):
 * Connection reset (https://eastus-8.in.applicationinsights.azure.com/v2.1/track) (will be retried again) (3 times)
2024-09-19 03:50:21.995+01:00 WARN  c.a.m.o.e.i.q.QuickPulsePingSender - In the last 5 minutes, the following operation has failed 3 times (out of 55): Pinging live metrics endpoint:
 * java.net.SocketException: Connection reset (https://eastus.livediagnostics.monitor.azure.com/QuickPulseService.svc) (3 times)
2024-09-19 04:49:44.489+01:00 WARN  c.a.m.o.e.i.q.QuickPulsePingSender - In the last 5 minutes, the following operation has failed 2 times (out of 56): Pinging live metrics endpoint:
 * java.net.SocketException: Connection reset (https://eastus.livediagnostics.monitor.azure.com/QuickPulseService.svc) (2 times)
2024-09-19 04:50:20.372+01:00 WARN  c.a.m.o.e.i.p.TelemetryPipeline - In the last 5 minutes, the following operation has failed 1 times (out of 5): Sending telemetry to the ingestion service:
 * Connection reset (https://eastus-8.in.applicationinsights.azure.com/v2.1/track) (telemetry will be stored to disk and retried) (1 times)
2024-09-19 04:53:54.621+01:00 WARN  c.a.m.o.e.i.p.TelemetryPipeline - In the last 5 minutes, the following operation has failed 1 times (out of 2): Sending telemetry to the ingestion service (retry from disk):
 * Connection reset (https://eastus-8.in.applicationinsights.azure.com/v2.1/track) (will be retried again) (1 times)
2024-09-19 06:23:31.372+01:00 WARN  c.a.m.o.e.i.q.QuickPulsePingSender - In the last 5 minutes, the following operation has failed 5 times (out of 56): Pinging live metrics endpoint:
 * java.net.SocketException: Connection reset (https://eastus.livediagnostics.monitor.azure.com/QuickPulseService.svc) (5 times)
2024-09-19 06:24:07.254+01:00 WARN  c.a.m.o.e.i.p.TelemetryPipeline - In the last 5 minutes, the following operation has failed 3 times (out of 5): Sending telemetry to the ingestion service:
 * Connection reset (https://eastus-8.in.applicationinsights.azure.com/v2.1/track) (telemetry will be stored to disk and retried) (3 times)
2024-09-19 07:28:31.404+01:00 WARN  c.a.m.o.e.i.q.QuickPulsePingSender - In the last 5 minutes, the following operation has failed 2 times (out of 34): Pinging live metrics endpoint:
 * java.net.SocketException: Connection reset (https://eastus.livediagnostics.monitor.azure.com/QuickPulseService.svc) (1 times)
 * java.util.concurrent.TimeoutException: Channel response timed out after 60000 milliseconds. (https://eastus.livediagnostics.monitor.azure.com/QuickPulseService.svc) (1 times)
2024-09-19 07:33:31.408+01:00 WARN  c.a.m.o.e.i.q.QuickPulsePingSender - In the last 5 minutes, the following operation has failed 1 times (out of 44): Pinging live metrics endpoint:
 * java.util.concurrent.TimeoutException: Channel response timed out after 60000 milliseconds. (https://eastus.livediagnostics.monitor.azure.com/QuickPulseService.svc) (1 times)
2024-09-19 07:34:07.289+01:00 WARN  c.a.m.o.e.i.p.TelemetryPipeline - In the last 5 minutes, the following operation has failed 2 times (out of 5): Sending telemetry to the ingestion service:
 * Channel response timed out after 60000 milliseconds. (https://eastus-8.in.applicationinsights.azure.com/v2.1/track) (telemetry will be stored to disk and retried) (2 times)
2024-09-19 09:48:31.358+01:00 WARN  c.a.m.o.e.i.q.QuickPulsePingSender - In the last 5 minutes, the following operation has failed 1 times (out of 56): Pinging live metrics endpoint:
 * java.net.SocketException: Connection reset (https://eastus.livediagnostics.monitor.azure.com/QuickPulseService.svc) (1 times)
2024-09-19 10:14:07.188+01:00 WARN  c.a.m.o.e.i.p.TelemetryPipeline - In the last 5 minutes, the following operation has failed 1 times (out of 6): Sending telemetry to the ingestion service:
 * Connection has been closed BEFORE response, while sending request body (https://eastus-8.in.applicationinsights.azure.com/v2.1/track) (telemetry will be stored to disk and retried) (1 times)
2024-09-19 13:43:31.585+01:00 WARN  c.a.m.o.e.i.q.QuickPulsePingSender - In the last 5 minutes, the following operation has failed 1 times (out of 57): Pinging live metrics endpoint:
 * java.net.SocketException: Connection reset (https://eastus.livediagnostics.monitor.azure.com/QuickPulseService.svc) (1 times)
2024-09-19 17:19:32.840+01:00 WARN  c.a.m.o.e.i.q.QuickPulsePingSender - In the last 5 minutes, the following operation has failed 2 times (out of 40): Pinging live metrics endpoint:
 * java.io.IOException: Operation timed out (https://eastus.livediagnostics.monitor.azure.com/QuickPulseService.svc) (2 times)
2024-09-19 17:20:08.723+01:00 WARN  c.a.m.o.e.i.p.TelemetryPipeline - In the last 5 minutes, the following operation has failed 1 times (out of 5): Sending telemetry to the ingestion service:
 * Operation timed out (https://eastus-8.in.applicationinsights.azure.com/v2.1/track) (telemetry will be stored to disk and retried) (1 times)
2024-09-19 19:39:16.795+01:00 WARN  c.a.m.o.e.i.p.TelemetryPipeline - In the last 5 minutes, the following operation has failed 1 times (out of 2): Sending telemetry to the ingestion service (retry from disk):
 * Connection reset (https://eastus-8.in.applicationinsights.azure.com/v2.1/track) (will be retried again) (1 times)
2024-09-19 20:02:49.656+01:00 WARN  c.a.m.o.e.i.q.QuickPulsePingSender - In the last 5 minutes, the following operation has failed 7 times (out of 47): Pinging live metrics endpoint:
 * java.net.SocketException: Connection reset (https://eastus.livediagnostics.monitor.azure.com/QuickPulseService.svc) (7 times)
2024-09-19 20:18:50.477+01:00 WARN  c.a.m.o.e.i.p.TelemetryPipeline - In the last 5 minutes, the following operation has failed 2 times (out of 5): Sending telemetry to the ingestion service:
 * Connection reset (https://eastus-8.in.applicationinsights.azure.com/v2.1/track) (telemetry will be stored to disk and retried) (2 times)
2024-09-19 21:06:16.649+01:00 WARN  c.a.m.o.e.i.p.TelemetryPipeline - In the last 5 minutes, the following operation has failed 1 times (out of 4): Sending telemetry to the ingestion service (retry from disk):
 * handshake timed out after 10000ms (https://eastus-8.in.applicationinsights.azure.com/v2.1/track) (will be retried again) (1 times)
2024-09-19 21:23:19.484+01:00 WARN  c.a.m.o.e.i.q.QuickPulsePingSender - In the last 5 minutes, the following operation has failed 4 times (out of 15): Pinging live metrics endpoint:
 * java.io.IOException: Operation timed out (https://eastus.livediagnostics.monitor.azure.com/QuickPulseService.svc) (2 times)
 * java.util.concurrent.TimeoutException: Channel response timed out after 60000 milliseconds. (https://eastus.livediagnostics.monitor.azure.com/QuickPulseService.svc) (2 times)
2024-09-19 21:40:00.355+01:00 WARN  c.a.m.o.e.i.p.TelemetryPipeline - In the last 5 minutes, the following operation has failed 3 times (out of 6): Sending telemetry to the ingestion service:
 * Operation timed out (https://eastus-8.in.applicationinsights.azure.com/v2.1/track) (telemetry will be stored to disk and retried) (3 times)
2024-09-19 22:40:13.811+01:00 WARN  c.a.m.o.e.i.p.TelemetryPipeline - In the last 5 minutes, the following operation has failed 5 times (out of 5): Sending telemetry to the ingestion service (retry from disk):
 * Operation timed out (https://eastus-8.in.applicationinsights.azure.com/v2.1/track) (will be retried again) (4 times)
 * Channel response timed out after 60000 milliseconds. (https://eastus-8.in.applicationinsights.azure.com/v2.1/track) (will be retried again) (1 times)
2024-09-19 22:49:46.891+01:00 WARN  c.a.m.o.e.i.q.QuickPulsePingSender - In the last 5 minutes, the following operation has failed 4 times (out of 20): Pinging live metrics endpoint:
 * java.util.concurrent.TimeoutException: Channel response timed out after 60000 milliseconds. (https://eastus.livediagnostics.monitor.azure.com/QuickPulseService.svc) (3 times)
 * java.io.IOException: Operation timed out (https://eastus.livediagnostics.monitor.azure.com/QuickPulseService.svc) (1 times)
2024-09-20 00:32:57.013+01:00 WARN  c.a.m.o.e.i.p.TelemetryPipeline - In the last 5 minutes, the following operation has failed 3 times (out of 6): Sending telemetry to the ingestion service (retry from disk):
 * Connection reset (https://eastus-8.in.applicationinsights.azure.com/v2.1/track) (will be retried again) (2 times)
 * Channel response timed out after 60000 milliseconds. (https://eastus-8.in.applicationinsights.azure.com/v2.1/track) (will be retried again) (1 times)
2024-09-20 00:51:57.799+01:00 WARN  c.a.m.o.e.i.q.QuickPulsePingSender - In the last 5 minutes, the following operation has failed 9 times (out of 45): Pinging live metrics endpoint:
 * java.net.SocketException: Connection reset (https://eastus.livediagnostics.monitor.azure.com/QuickPulseService.svc) (8 times)
 * java.io.IOException: Operation timed out (https://eastus.livediagnostics.monitor.azure.com/QuickPulseService.svc) (1 times)
2024-09-20 01:02:35.450+01:00 WARN  c.a.m.o.e.i.p.TelemetryPipeline - In the last 5 minutes, the following operation has failed 4 times (out of 7): Sending telemetry to the ingestion service:
 * Connection reset (https://eastus-8.in.applicationinsights.azure.com/v2.1/track) (telemetry will be stored to disk and retried) (3 times)
 * Operation timed out (https://eastus-8.in.applicationinsights.azure.com/v2.1/track) (telemetry will be stored to disk and retried) (1 times)
2024-09-20 04:56:05.087+01:00 WARN  c.a.m.o.e.i.q.QuickPulsePingSender - In the last 5 minutes, the following operation has failed 9 times (out of 40): Pinging live metrics endpoint:
 * java.net.SocketException: Connection reset (https://eastus.livediagnostics.monitor.azure.com/QuickPulseService.svc) (7 times)
 * java.io.IOException: Operation timed out (https://eastus.livediagnostics.monitor.azure.com/QuickPulseService.svc) (1 times)
 * java.util.concurrent.TimeoutException: Channel response timed out after 60000 milliseconds. (https://eastus.livediagnostics.monitor.azure.com/QuickPulseService.svc) (1 times)
2024-09-20 05:56:58.701+01:00 WARN  c.a.m.o.e.i.p.TelemetryPipeline - In the last 5 minutes, the following operation has failed 5 times (out of 5): Sending telemetry to the ingestion service:
 * Connection reset (https://eastus-8.in.applicationinsights.azure.com/v2.1/track) (telemetry will be stored to disk and retried) (4 times)
 * Operation timed out (https://eastus-8.in.applicationinsights.azure.com/v2.1/track) (telemetry will be stored to disk and retried) (1 times)
2024-09-20 07:22:07.943+01:00 WARN  c.a.m.o.e.i.q.QuickPulsePingSender - In the last 5 minutes, the following operation has failed 5 times (out of 57): Pinging live metrics endpoint:
 * java.net.SocketException: Connection reset (https://eastus.livediagnostics.monitor.azure.com/QuickPulseService.svc) (5 times)
2024-09-20 07:22:43.828+01:00 WARN  c.a.m.o.e.i.p.TelemetryPipeline - In the last 5 minutes, the following operation has failed 3 times (out of 5): Sending telemetry to the ingestion service:
 * Connection reset (https://eastus-8.in.applicationinsights.azure.com/v2.1/track) (telemetry will be stored to disk and retried) (3 times)
2024-09-20 14:07:44.053+01:00 WARN  c.a.m.o.e.i.p.TelemetryPipeline - In the last 5 minutes, the following operation has failed 1 times (out of 5): Sending telemetry to the ingestion service:
 * Operation timed out (https://eastus-8.in.applicationinsights.azure.com/v2.1/track) (telemetry will be stored to disk and retried) (1 times)
2024-09-20 23:47:04.331+01:00 WARN  c.a.m.o.e.i.p.TelemetryPipeline - In the last 5 minutes, the following operation has failed 1 times (out of 3): Sending telemetry to the ingestion service (retry from disk):
 * Connection reset (https://eastus-8.in.applicationinsights.azure.com/v2.1/track) (will be retried again) (1 times)
2024-09-21 00:47:58.787+01:00 WARN  c.a.m.o.e.i.q.QuickPulsePingSender - In the last 5 minutes, the following operation has failed 8 times (out of 57): Pinging live metrics endpoint:
 * java.net.SocketException: Connection reset (https://eastus.livediagnostics.monitor.azure.com/QuickPulseService.svc) (8 times)
2024-09-21 01:35:30.312+01:00 WARN  c.a.m.o.e.i.p.TelemetryPipeline - In the last 5 minutes, the following operation has failed 3 times (out of 5): Sending telemetry to the ingestion service:
 * Connection reset (https://eastus-8.in.applicationinsights.azure.com/v2.1/track) (telemetry will be stored to disk and retried) (3 times)
2024-09-21 03:45:27.389+01:00 WARN  c.a.m.o.e.i.q.QuickPulsePingSender - In the last 5 minutes, the following operation has failed 7 times (out of 57): Pinging live metrics endpoint:
 * java.net.SocketException: Connection reset (https://eastus.livediagnostics.monitor.azure.com/QuickPulseService.svc) (7 times)
2024-09-21 03:46:03.276+01:00 WARN  c.a.m.o.e.i.p.TelemetryPipeline - In the last 5 minutes, the following operation has failed 3 times (out of 5): Sending telemetry to the ingestion service:
 * Connection reset (https://eastus-8.in.applicationinsights.azure.com/v2.1/track) (telemetry will be stored to disk and retried) (3 times)
2024-09-21 05:46:58.945+01:00 WARN  c.a.m.o.e.i.q.QuickPulsePingSender - In the last 5 minutes, the following operation has failed 2 times (out of 57): Pinging live metrics endpoint:
 * java.net.SocketException: Connection reset (https://eastus.livediagnostics.monitor.azure.com/QuickPulseService.svc) (2 times)
2024-09-21 06:57:01.672+01:00 WARN  c.a.m.o.e.i.p.TelemetryPipeline - In the last 5 minutes, the following operation has failed 1 times (out of 5): Sending telemetry to the ingestion service:
 * Connection reset (https://eastus-8.in.applicationinsights.azure.com/v2.1/track) (telemetry will be stored to disk and retried) (1 times)
2024-09-21 08:15:27.517+01:00 WARN  c.a.m.o.e.i.p.TelemetryPipeline - In the last 5 minutes, the following operation has failed 1 times (out of 4): Sending telemetry to the ingestion service (retry from disk):
 * Connection reset (https://eastus-8.in.applicationinsights.azure.com/v2.1/track) (will be retried again) (1 times)
2024-09-21 08:16:17.402+01:00 WARN  c.a.m.o.e.i.q.QuickPulsePingSender - In the last 5 minutes, the following operation has failed 5 times (out of 57): Pinging live metrics endpoint:
 * java.net.SocketException: Connection reset (https://eastus.livediagnostics.monitor.azure.com/QuickPulseService.svc) (5 times)
2024-09-21 08:16:53.286+01:00 WARN  c.a.m.o.e.i.p.TelemetryPipeline - In the last 5 minutes, the following operation has failed 2 times (out of 5): Sending telemetry to the ingestion service:
 * Connection reset (https://eastus-8.in.applicationinsights.azure.com/v2.1/track) (telemetry will be stored to disk and retried) (2 times)
2024-09-21 11:07:22.425+01:00 WARN  c.a.m.o.e.i.p.TelemetryPipeline - In the last 5 minutes, the following operation has failed 1 times (out of 2): Sending telemetry to the ingestion service (retry from disk):
 * Connection reset (https://eastus-8.in.applicationinsights.azure.com/v2.1/track) (will be retried again) (1 times)
2024-09-21 11:23:33.756+01:00 WARN  c.a.m.o.e.i.q.QuickPulsePingSender - In the last 5 minutes, the following operation has failed 3 times (out of 57): Pinging live metrics endpoint:
 * java.net.SocketException: Connection reset (https://eastus.livediagnostics.monitor.azure.com/QuickPulseService.svc) (3 times)
2024-09-21 11:24:09.641+01:00 WARN  c.a.m.o.e.i.p.TelemetryPipeline - In the last 5 minutes, the following operation has failed 2 times (out of 6): Sending telemetry to the ingestion service:
 * Connection reset (https://eastus-8.in.applicationinsights.azure.com/v2.1/track) (telemetry will be stored to disk and retried) (2 times)
2024-09-21 11:44:31.199+01:00 WARN  c.a.m.o.e.i.q.QuickPulsePingSender - In the last 5 minutes, the following operation has failed 1 times (out of 58): Pinging live metrics endpoint:
 * java.net.SocketException: Connection reset (https://eastus.livediagnostics.monitor.azure.com/QuickPulseService.svc) (1 times)
2024-09-21 11:45:07.085+01:00 WARN  c.a.m.o.e.i.p.TelemetryPipeline - In the last 5 minutes, the following operation has failed 1 times (out of 5): Sending telemetry to the ingestion service:
 * Connection reset (https://eastus-8.in.applicationinsights.azure.com/v2.1/track) (telemetry will be stored to disk and retried) (1 times)
2024-09-21 12:26:10.709+01:00 WARN  c.a.m.o.e.i.p.TelemetryPipeline - In the last 5 minutes, the following operation has failed 1 times (out of 2): Sending telemetry to the ingestion service (retry from disk):
 * Connection reset (https://eastus-8.in.applicationinsights.azure.com/v2.1/track) (will be retried again) (1 times)
2024-09-21 12:27:00.592+01:00 WARN  c.a.m.o.e.i.q.QuickPulsePingSender - In the last 5 minutes, the following operation has failed 1 times (out of 57): Pinging live metrics endpoint:
 * java.net.SocketException: Connection reset (https://eastus.livediagnostics.monitor.azure.com/QuickPulseService.svc) (1 times)
2024-09-21 12:27:36.475+01:00 WARN  c.a.m.o.e.i.p.TelemetryPipeline - In the last 5 minutes, the following operation has failed 1 times (out of 6): Sending telemetry to the ingestion service:
 * Connection reset (https://eastus-8.in.applicationinsights.azure.com/v2.1/track) (telemetry will be stored to disk and retried) (1 times)
2024-09-21 17:12:46.391+01:00 WARN  c.a.m.o.e.i.p.TelemetryPipeline - In the last 5 minutes, the following operation has failed 2 times (out of 4): Sending telemetry to the ingestion service (retry from disk):
 * Connection reset (https://eastus-8.in.applicationinsights.azure.com/v2.1/track) (will be retried again) (2 times)
2024-09-21 17:13:36.255+01:00 WARN  c.a.m.o.e.i.q.QuickPulsePingSender - In the last 5 minutes, the following operation has failed 7 times (out of 57): Pinging live metrics endpoint:
 * java.net.SocketException: Connection reset (https://eastus.livediagnostics.monitor.azure.com/QuickPulseService.svc) (7 times)
2024-09-21 17:14:12.134+01:00 WARN  c.a.m.o.e.i.p.TelemetryPipeline - In the last 5 minutes, the following operation has failed 3 times (out of 6): Sending telemetry to the ingestion service:
 * Connection reset (https://eastus-8.in.applicationinsights.azure.com/v2.1/track) (telemetry will be stored to disk and retried) (3 times)
2024-09-22 05:09:12.407+01:00 WARN  c.a.m.o.e.i.p.TelemetryPipeline - In the last 5 minutes, the following operation has failed 1 times (out of 5): Sending telemetry to the ingestion service:
 * Connection has been closed BEFORE response, while sending request body (https://eastus-8.in.applicationinsights.azure.com/v2.1/track) (telemetry will be stored to disk and retried) (1 times)
2024-09-22 05:44:12.403+01:00 WARN  c.a.m.o.e.i.p.TelemetryPipeline - In the last 5 minutes, the following operation has failed 1 times (out of 1): Sending telemetry to the ingestion service:
 * Channel write operation timed out after 60000 milliseconds. (https://eastus-8.in.applicationinsights.azure.com/v2.1/track) (telemetry will be stored to disk and retried) (1 times)
2024-09-22 08:47:46.889+01:00 WARN  c.a.m.o.e.i.p.TelemetryPipeline - In the last 5 minutes, the following operation has failed 1 times (out of 2): Sending telemetry to the ingestion service (retry from disk):
 * Operation timed out (https://eastus-8.in.applicationinsights.azure.com/v2.1/track) (will be retried again) (1 times)
2024-09-22 08:48:36.775+01:00 WARN  c.a.m.o.e.i.q.QuickPulsePingSender - In the last 5 minutes, the following operation has failed 3 times (out of 35): Pinging live metrics endpoint:
 * io.netty.channel.ConnectTimeoutException: connection timed out after 10000 ms: eastus.livediagnostics.monitor.azure.com/10.0.0.1:443 (https://eastus.livediagnostics.monitor.azure.com/QuickPulseService.svc) (2 times)
 * java.io.IOException: Operation timed out (https://eastus.livediagnostics.monitor.azure.com/QuickPulseService.svc) (1 times)
2024-09-22 08:49:12.666+01:00 WARN  c.a.m.o.e.i.p.TelemetryPipeline - In the last 5 minutes, the following operation has failed 2 times (out of 5): Sending telemetry to the ingestion service:
 * Operation timed out (https://eastus-8.in.applicationinsights.azure.com/v2.1/track) (telemetry will be stored to disk and retried) (1 times)
 * connection timed out after 10000 ms: eastus-8.in.applicationinsights.azure.com/10.0.0.1:443 (https://eastus-8.in.applicationinsights.azure.com/v2.1/track) (telemetry will be stored to disk and retried) (1 times)
2024-09-22 12:54:06.543+01:00 WARN  c.a.m.o.e.i.q.QuickPulsePingSender - In the last 5 minutes, the following operation has failed 6 times (out of 57): Pinging live metrics endpoint:
 * java.net.SocketException: Connection reset (https://eastus.livediagnostics.monitor.azure.com/QuickPulseService.svc) (6 times)
2024-09-22 13:27:22.658+01:00 WARN  c.a.m.o.e.i.p.TelemetryPipeline - In the last 5 minutes, the following operation has failed 1 times (out of 5): Sending telemetry to the ingestion service:
 * Connection reset (https://eastus-8.in.applicationinsights.azure.com/v2.1/track) (telemetry will be stored to disk and retried) (1 times)
2024-09-22 13:52:08.450+01:00 WARN  c.a.m.o.e.i.p.TelemetryPipeline - In the last 5 minutes, the following operation has failed 1 times (out of 3): Sending telemetry to the ingestion service (retry from disk):
 * Connection reset (https://eastus-8.in.applicationinsights.azure.com/v2.1/track) (will be retried again) (1 times)
2024-09-22 13:52:58.335+01:00 WARN  c.a.m.o.e.i.q.QuickPulsePingSender - In the last 5 minutes, the following operation has failed 3 times (out of 56): Pinging live metrics endpoint:
 * java.net.SocketException: Connection reset (https://eastus.livediagnostics.monitor.azure.com/QuickPulseService.svc) (3 times)
2024-09-22 13:53:34.225+01:00 WARN  c.a.m.o.e.i.p.TelemetryPipeline - In the last 5 minutes, the following operation has failed 1 times (out of 6): Sending telemetry to the ingestion service:
 * Connection reset (https://eastus-8.in.applicationinsights.azure.com/v2.1/track) (telemetry will be stored to disk and retried) (1 times)
2024-09-22 18:22:58.481+01:00 WARN  c.a.m.o.e.i.q.QuickPulsePingSender - In the last 5 minutes, the following operation has failed 1 times (out of 44): Pinging live metrics endpoint:
 * java.util.concurrent.TimeoutException: Channel response timed out after 60000 milliseconds. (https://eastus.livediagnostics.monitor.azure.com/QuickPulseService.svc) (1 times)
2024-09-22 18:23:34.366+01:00 WARN  c.a.m.o.e.i.p.TelemetryPipeline - In the last 5 minutes, the following operation has failed 1 times (out of 6): Sending telemetry to the ingestion service:
 * Operation timed out (https://eastus-8.in.applicationinsights.azure.com/v2.1/track) (telemetry will be stored to disk and retried) (1 times)
2024-09-22 18:27:08.600+01:00 WARN  c.a.m.o.e.i.p.TelemetryPipeline - In the last 5 minutes, the following operation has failed 1 times (out of 2): Sending telemetry to the ingestion service (retry from disk):
 * Operation timed out (https://eastus-8.in.applicationinsights.azure.com/v2.1/track) (will be retried again) (1 times)
2024-09-22 18:50:52.353+01:00 WARN  c.a.m.o.e.i.q.QuickPulsePingSender - In the last 5 minutes, the following operation has failed 1 times (out of 57): Pinging live metrics endpoint:
 * java.net.SocketException: Connection reset (https://eastus.livediagnostics.monitor.azure.com/QuickPulseService.svc) (1 times)
2024-09-22 18:51:28.238+01:00 WARN  c.a.m.o.e.i.p.TelemetryPipeline - In the last 5 minutes, the following operation has failed 1 times (out of 5): Sending telemetry to the ingestion service:
 * Connection reset (https://eastus-8.in.applicationinsights.azure.com/v2.1/track) (telemetry will be stored to disk and retried) (1 times)
2024-09-23 00:49:43.482+01:00 WARN  c.a.m.o.e.i.p.TelemetryPipeline - In the last 5 minutes, the following operation has failed 1 times (out of 5): Sending telemetry to the ingestion service (retry from disk):
 * Connection reset (https://eastus-8.in.applicationinsights.azure.com/v2.1/track) (will be retried again) (1 times)
2024-09-23 01:50:56.631+01:00 WARN  c.a.m.o.e.i.q.QuickPulsePingSender - In the last 5 minutes, the following operation has failed 10 times (out of 47): Pinging live metrics endpoint:
 * java.net.SocketException: Connection reset (https://eastus.livediagnostics.monitor.azure.com/QuickPulseService.svc) (9 times)
 * java.io.IOException: Operation timed out (https://eastus.livediagnostics.monitor.azure.com/QuickPulseService.svc) (1 times)
2024-09-23 03:25:10.949+01:00 WARN  c.a.m.o.e.i.p.TelemetryPipeline - In the last 5 minutes, the following operation has failed 5 times (out of 5): Sending telemetry to the ingestion service:
 * Connection reset (https://eastus-8.in.applicationinsights.azure.com/v2.1/track) (telemetry will be stored to disk and retried) (3 times)
 * Operation timed out (https://eastus-8.in.applicationinsights.azure.com/v2.1/track) (telemetry will be stored to disk and retried) (2 times)
2024-09-23 05:45:54.317+01:00 WARN  c.a.m.o.e.i.q.QuickPulsePingSender - In the last 5 minutes, the following operation has failed 9 times (out of 57): Pinging live metrics endpoint:
 * java.net.SocketException: Connection reset (https://eastus.livediagnostics.monitor.azure.com/QuickPulseService.svc) (9 times)
2024-09-23 05:46:30.202+01:00 WARN  c.a.m.o.e.i.p.TelemetryPipeline - In the last 5 minutes, the following operation has failed 4 times (out of 6): Sending telemetry to the ingestion service:
 * Connection reset (https://eastus-8.in.applicationinsights.azure.com/v2.1/track) (telemetry will be stored to disk and retried) (4 times)
2024-09-23 10:50:54.494+01:00 WARN  c.a.m.o.e.i.q.QuickPulsePingSender - In the last 5 minutes, the following operation has failed 1 times (out of 55): Pinging live metrics endpoint:
 * java.net.SocketException: Connection reset (https://eastus.livediagnostics.monitor.azure.com/QuickPulseService.svc) (1 times)
2024-09-23 10:51:30.373+01:00 WARN  c.a.m.o.e.i.p.TelemetryPipeline - In the last 5 minutes, the following operation has failed 1 times (out of 5): Sending telemetry to the ingestion service:
 * Connection reset (https://eastus-8.in.applicationinsights.azure.com/v2.1/track) (telemetry will be stored to disk and retried) (1 times)
2024-09-23 10:55:04.616+01:00 WARN  c.a.m.o.e.i.p.TelemetryPipeline - In the last 5 minutes, the following operation has failed 1 times (out of 2): Sending telemetry to the ingestion service (retry from disk):
 * Connection reset (https://eastus-8.in.applicationinsights.azure.com/v2.1/track) (will be retried again) (1 times)
2024-09-23 11:20:54.494+01:00 WARN  c.a.m.o.e.i.q.QuickPulsePingSender - In the last 5 minutes, the following operation has failed 1 times (out of 57): Pinging live metrics endpoint:
 * java.net.SocketException: Connection reset (https://eastus.livediagnostics.monitor.azure.com/QuickPulseService.svc) (1 times)
2024-09-23 14:04:54.487+01:00 WARN  c.a.m.o.e.i.q.QuickPulsePingSender - In the last 5 minutes, the following operation has failed 2 times (out of 57): Pinging live metrics endpoint:
 * java.net.SocketException: Connection reset (https://eastus.livediagnostics.monitor.azure.com/QuickPulseService.svc) (2 times)
2024-09-23 14:21:14.656+01:00 WARN  c.a.m.o.e.i.q.QuickPulsePingSender - In the last 5 minutes, the following operation has failed 1 times (out of 57): Pinging live metrics endpoint:
 * java.net.SocketException: Connection reset (https://eastus.livediagnostics.monitor.azure.com/QuickPulseService.svc) (1 times)
2024-09-23 14:21:50.294+01:00 WARN  c.a.m.o.e.i.p.TelemetryPipeline - In the last 5 minutes, the following operation has failed 1 times (out of 5): Sending telemetry to the ingestion service:
 * Connection reset (https://eastus-8.in.applicationinsights.azure.com/v2.1/track) (telemetry will be stored to disk and retried) (1 times)
2024-09-23 16:50:24.467+01:00 WARN  c.a.m.o.e.i.p.TelemetryPipeline - In the last 5 minutes, the following operation has failed 1 times (out of 1): Sending telemetry to the ingestion service (retry from disk):
 * Channel write operation timed out after 60000 milliseconds. (https://eastus-8.in.applicationinsights.azure.com/v2.1/track) (will be retried again) (1 times)
2024-09-23 16:51:14.579+01:00 WARN  c.a.m.o.e.i.q.QuickPulsePingSender - In the last 5 minutes, the following operation has failed 1 times (out of 1): Pinging live metrics endpoint:
 * reactor.netty.http.client.PrematureCloseException: Connection prematurely closed BEFORE response (https://eastus.livediagnostics.monitor.azure.com/QuickPulseService.svc) (1 times)
2024-09-23 18:51:06.826+01:00 WARN  c.a.m.o.e.i.q.QuickPulsePingSender - In the last 5 minutes, the following operation has failed 3 times (out of 57): Pinging live metrics endpoint:
 * java.net.SocketException: Connection reset (https://eastus.livediagnostics.monitor.azure.com/QuickPulseService.svc) (3 times)
2024-09-23 18:51:42.457+01:00 WARN  c.a.m.o.e.i.p.TelemetryPipeline - In the last 5 minutes, the following operation has failed 1 times (out of 5): Sending telemetry to the ingestion service:
 * Connection reset (https://eastus-8.in.applicationinsights.azure.com/v2.1/track) (telemetry will be stored to disk and retried) (1 times)
2024-09-23 18:55:16.702+01:00 WARN  c.a.m.o.e.i.p.TelemetryPipeline - In the last 5 minutes, the following operation has failed 1 times (out of 2): Sending telemetry to the ingestion service (retry from disk):
 * Connection reset (https://eastus-8.in.applicationinsights.azure.com/v2.1/track) (will be retried again) (1 times)
2024-09-23 20:52:29.700+01:00 WARN  c.a.m.o.e.i.q.QuickPulsePingSender - In the last 5 minutes, the following operation has failed 3 times (out of 58): Pinging live metrics endpoint:
 * java.net.SocketException: Connection reset (https://eastus.livediagnostics.monitor.azure.com/QuickPulseService.svc) (3 times)
2024-09-23 21:07:02.949+01:00 WARN  c.a.m.o.e.i.p.TelemetryPipeline - In the last 5 minutes, the following operation has failed 1 times (out of 5): Sending telemetry to the ingestion service:
 * Connection reset (https://eastus-8.in.applicationinsights.azure.com/v2.1/track) (telemetry will be stored to disk and retried) (1 times)
2024-09-24 00:10:04.774+01:00 WARN  c.a.m.o.e.i.p.TelemetryPipeline - In the last 5 minutes, the following operation has failed 1 times (out of 4): Sending telemetry to the ingestion service (retry from disk):
 * Connection reset (https://eastus-8.in.applicationinsights.azure.com/v2.1/track) (will be retried again) (1 times)
2024-09-24 00:41:57.736+01:00 WARN  c.a.m.o.e.i.q.QuickPulsePingSender - In the last 5 minutes, the following operation has failed 6 times (out of 28): Pinging live metrics endpoint:
 * java.net.SocketException: Connection reset (https://eastus.livediagnostics.monitor.azure.com/QuickPulseService.svc) (5 times)
 * java.io.IOException: Operation timed out (https://eastus.livediagnostics.monitor.azure.com/QuickPulseService.svc) (1 times)
2024-09-24 00:50:09.404+01:00 WARN  c.a.m.o.e.i.p.TelemetryPipeline - In the last 5 minutes, the following operation has failed 3 times (out of 3): Sending telemetry to the ingestion service:
 * Connection reset (https://eastus-8.in.applicationinsights.azure.com/v2.1/track) (telemetry will be stored to disk and retried) (2 times)
 * Operation timed out (https://eastus-8.in.applicationinsights.azure.com/v2.1/track) (telemetry will be stored to disk and retried) (1 times)
2024-09-24 06:15:32.145+01:00 WARN  c.a.m.o.e.i.p.TelemetryPipeline - In the last 5 minutes, the following operation has failed 1 times (out of 7): Sending telemetry to the ingestion service (retry from disk):
 * Channel response timed out after 60000 milliseconds. (https://eastus-8.in.applicationinsights.azure.com/v2.1/track) (will be retried again) (1 times)
2024-09-24 14:06:58.066+01:00 WARN  c.a.m.o.e.i.p.TelemetryPipeline - In the last 5 minutes, the following operation has failed 1 times (out of 6): Sending telemetry to the ingestion service:
 * Connection reset (https://eastus-8.in.applicationinsights.azure.com/v2.1/track) (telemetry will be stored to disk and retried) (1 times)
2024-09-24 15:11:22.487+01:00 WARN  c.a.m.o.e.i.q.QuickPulsePingSender - In the last 5 minutes, the following operation has failed 1 times (out of 57): Pinging live metrics endpoint:
 * java.net.SocketException: Connection reset (https://eastus.livediagnostics.monitor.azure.com/QuickPulseService.svc) (1 times)
2024-09-24 15:26:22.493+01:00 WARN  c.a.m.o.e.i.q.QuickPulsePingSender - In the last 5 minutes, the following operation has failed 1 times (out of 57): Pinging live metrics endpoint:
 * java.net.SocketException: Connection reset (https://eastus.livediagnostics.monitor.azure.com/QuickPulseService.svc) (1 times)
2024-09-24 18:49:47.038+01:00 WARN  c.a.m.o.e.i.p.TelemetryPipeline - In the last 5 minutes, the following operation has failed 1 times (out of 2): Sending telemetry to the ingestion service (retry from disk):
 * Operation timed out (https://eastus-8.in.applicationinsights.azure.com/v2.1/track) (will be retried again) (1 times)
2024-09-24 18:50:37.153+01:00 WARN  c.a.m.o.e.i.q.QuickPulsePingSender - In the last 5 minutes, the following operation has failed 1 times (out of 22): Pinging live metrics endpoint:
 * java.util.concurrent.TimeoutException: Channel response timed out after 60000 milliseconds. (https://eastus.livediagnostics.monitor.azure.com/QuickPulseService.svc) (1 times)
2024-09-24 18:51:12.787+01:00 WARN  c.a.m.o.e.i.p.TelemetryPipeline - In the last 5 minutes, the following operation has failed 1 times (out of 3): Sending telemetry to the ingestion service:
 * Operation timed out (https://eastus-8.in.applicationinsights.azure.com/v2.1/track) (telemetry will be stored to disk and retried) (1 times)
2024-09-24 21:08:45.175+01:00 WARN  c.a.m.o.e.i.p.TelemetryPipeline - In the last 5 minutes, the following operation has failed 1 times (out of 2): Sending telemetry to the ingestion service (retry from disk):
 * Connection reset (https://eastus-8.in.applicationinsights.azure.com/v2.1/track) (will be retried again) (1 times)
2024-09-24 21:30:21.893+01:00 WARN  c.a.m.o.e.i.q.QuickPulsePingSender - In the last 5 minutes, the following operation has failed 9 times (out of 54): Pinging live metrics endpoint:
 * java.net.SocketException: Connection reset (https://eastus.livediagnostics.monitor.azure.com/QuickPulseService.svc) (9 times)
2024-09-24 21:30:57.527+01:00 WARN  c.a.m.o.e.i.p.TelemetryPipeline - In the last 5 minutes, the following operation has failed 3 times (out of 6): Sending telemetry to the ingestion service:
 * Connection reset (https://eastus-8.in.applicationinsights.azure.com/v2.1/track) (telemetry will be stored to disk and retried) (2 times)
 * Connection has been closed BEFORE response, while sending request body (https://eastus-8.in.applicationinsights.azure.com/v2.1/track) (telemetry will be stored to disk and retried) (1 times)
2024-09-25 00:04:43.181+01:00 WARN  c.a.m.o.e.i.q.QuickPulsePingSender - In the last 5 minutes, the following operation has failed 10 times (out of 55): Pinging live metrics endpoint:
 * java.net.SocketException: Connection reset (https://eastus.livediagnostics.monitor.azure.com/QuickPulseService.svc) (10 times)
2024-09-25 00:20:54.147+01:00 WARN  c.a.m.o.e.i.p.TelemetryPipeline - In the last 5 minutes, the following operation has failed 5 times (out of 5): Sending telemetry to the ingestion service:
 * Connection reset (https://eastus-8.in.applicationinsights.azure.com/v2.1/track) (telemetry will be stored to disk and retried) (5 times)
2024-09-25 02:23:06.205+01:00 WARN  c.a.m.o.e.i.q.QuickPulsePingSender - In the last 5 minutes, the following operation has failed 8 times (out of 54): Pinging live metrics endpoint:
 * java.net.SocketException: Connection reset (https://eastus.livediagnostics.monitor.azure.com/QuickPulseService.svc) (8 times)
2024-09-25 02:35:47.843+01:00 WARN  c.a.m.o.e.i.p.TelemetryPipeline - In the last 5 minutes, the following operation has failed 5 times (out of 5): Sending telemetry to the ingestion service:
 * Connection reset (https://eastus-8.in.applicationinsights.azure.com/v2.1/track) (telemetry will be stored to disk and retried) (5 times)
2024-09-25 04:37:29.823+01:00 WARN  c.a.m.o.e.i.q.QuickPulsePingSender - In the last 5 minutes, the following operation has failed 10 times (out of 55): Pinging live metrics endpoint:
 * java.net.SocketException: Connection reset (https://eastus.livediagnostics.monitor.azure.com/QuickPulseService.svc) (10 times)
2024-09-25 04:53:05.579+01:00 WARN  c.a.m.o.e.i.p.TelemetryPipeline - In the last 5 minutes, the following operation has failed 4 times (out of 6): Sending telemetry to the ingestion service:
 * Connection reset (https://eastus-8.in.applicationinsights.azure.com/v2.1/track) (telemetry will be stored to disk and retried) (4 times)
2024-09-25 05:51:56.014+01:00 WARN  c.a.m.o.e.i.q.QuickPulsePingSender - In the last 5 minutes, the following operation has failed 5 times (out of 55): Pinging live metrics endpoint:
 * java.net.SocketException: Connection reset (https://eastus.livediagnostics.monitor.azure.com/QuickPulseService.svc) (5 times)
2024-09-25 05:52:31.648+01:00 WARN  c.a.m.o.e.i.p.TelemetryPipeline - In the last 5 minutes, the following operation has failed 3 times (out of 5): Sending telemetry to the ingestion service:
 * Connection reset (https://eastus-8.in.applicationinsights.azure.com/v2.1/track) (telemetry will be stored to disk and retried) (3 times)
2024-09-25 07:04:12.397+01:00 WARN  c.a.m.o.e.i.q.QuickPulsePingSender - In the last 5 minutes, the following operation has failed 3 times (out of 35): Pinging live metrics endpoint:
 * java.io.IOException: Operation timed out (https://eastus.livediagnostics.monitor.azure.com/QuickPulseService.svc) (1 times)
 * java.net.SocketException: Connection reset (https://eastus.livediagnostics.monitor.azure.com/QuickPulseService.svc) (1 times)
 * java.util.concurrent.TimeoutException: Channel response timed out after 60000 milliseconds. (https://eastus.livediagnostics.monitor.azure.com/QuickPulseService.svc) (1 times)
2024-09-25 07:04:48.029+01:00 WARN  c.a.m.o.e.i.p.TelemetryPipeline - In the last 5 minutes, the following operation has failed 1 times (out of 5): Sending telemetry to the ingestion service:
 * Connection reset (https://eastus-8.in.applicationinsights.azure.com/v2.1/track) (telemetry will be stored to disk and retried) (1 times)
2024-09-25 07:08:22.274+01:00 WARN  c.a.m.o.e.i.p.TelemetryPipeline - In the last 5 minutes, the following operation has failed 1 times (out of 2): Sending telemetry to the ingestion service (retry from disk):
 * Operation timed out (https://eastus-8.in.applicationinsights.azure.com/v2.1/track) (will be retried again) (1 times)
2024-09-25 08:10:22.136+01:00 WARN  c.a.m.o.e.i.q.QuickPulsePingSender - In the last 5 minutes, the following operation has failed 1 times (out of 58): Pinging live metrics endpoint:
 * java.io.IOException: Operation timed out (https://eastus.livediagnostics.monitor.azure.com/QuickPulseService.svc) (1 times)
2024-09-25 08:10:57.771+01:00 WARN  c.a.m.o.e.i.p.TelemetryPipeline - In the last 5 minutes, the following operation has failed 2 times (out of 7): Sending telemetry to the ingestion service:
 * Operation timed out (https://eastus-8.in.applicationinsights.azure.com/v2.1/track) (telemetry will be stored to disk and retried) (2 times)
2024-09-25 10:45:28.871+01:00 WARN  c.a.m.o.e.i.p.TelemetryPipeline - In the last 5 minutes, the following operation has failed 1 times (out of 2): Sending telemetry to the ingestion service (retry from disk):
 * Operation timed out (https://eastus-8.in.applicationinsights.azure.com/v2.1/track) (will be retried again) (1 times)
2024-09-25 10:46:18.988+01:00 WARN  c.a.m.o.e.i.q.QuickPulsePingSender - In the last 5 minutes, the following operation has failed 2 times (out of 44): Pinging live metrics endpoint:
 * java.io.IOException: Operation timed out (https://eastus.livediagnostics.monitor.azure.com/QuickPulseService.svc) (1 times)
 * java.util.concurrent.TimeoutException: Channel response timed out after 60000 milliseconds. (https://eastus.livediagnostics.monitor.azure.com/QuickPulseService.svc) (1 times)
2024-09-25 10:46:54.623+01:00 WARN  c.a.m.o.e.i.p.TelemetryPipeline - In the last 5 minutes, the following operation has failed 1 times (out of 6): Sending telemetry to the ingestion service:
 * Operation timed out (https://eastus-8.in.applicationinsights.azure.com/v2.1/track) (telemetry will be stored to disk and retried) (1 times)
2024-09-25 12:46:54.683+01:00 WARN  c.a.m.o.e.i.p.TelemetryPipeline - In the last 5 minutes, the following operation has failed 1 times (out of 6): Sending telemetry to the ingestion service:
 * Connection has been closed BEFORE response, while sending request body (https://eastus-8.in.applicationinsights.azure.com/v2.1/track) (telemetry will be stored to disk and retried) (1 times)
2024-09-25 18:29:23.065+01:00 WARN  c.a.m.o.e.i.q.QuickPulsePingSender - In the last 5 minutes, the following operation has failed 1 times (out of 36): Pinging live metrics endpoint:
 * java.util.concurrent.TimeoutException: Channel response timed out after 60000 milliseconds. (https://eastus.livediagnostics.monitor.azure.com/QuickPulseService.svc) (1 times)
2024-09-25 18:29:58.706+01:00 WARN  c.a.m.o.e.i.p.TelemetryPipeline - In the last 5 minutes, the following operation has failed 1 times (out of 4): Sending telemetry to the ingestion service:
 * Operation timed out (https://eastus-8.in.applicationinsights.azure.com/v2.1/track) (telemetry will be stored to disk and retried) (1 times)
2024-09-25 18:33:32.958+01:00 WARN  c.a.m.o.e.i.p.TelemetryPipeline - In the last 5 minutes, the following operation has failed 1 times (out of 4): Sending telemetry to the ingestion service (retry from disk):
 * Channel response timed out after 60000 milliseconds. (https://eastus-8.in.applicationinsights.azure.com/v2.1/track) (will be retried again) (1 times)
2024-09-25 19:20:21.846+01:00 WARN  c.a.m.o.e.i.q.QuickPulsePingSender - In the last 5 minutes, the following operation has failed 1 times (out of 56): Pinging live metrics endpoint:
 * java.net.SocketException: Connection reset (https://eastus.livediagnostics.monitor.azure.com/QuickPulseService.svc) (1 times)
2024-09-25 19:20:57.482+01:00 WARN  c.a.m.o.e.i.p.TelemetryPipeline - In the last 5 minutes, the following operation has failed 1 times (out of 5): Sending telemetry to the ingestion service:
 * Connection reset (https://eastus-8.in.applicationinsights.azure.com/v2.1/track) (telemetry will be stored to disk and retried) (1 times)
2024-09-25 19:24:31.739+01:00 WARN  c.a.m.o.e.i.p.TelemetryPipeline - In the last 5 minutes, the following operation has failed 1 times (out of 2): Sending telemetry to the ingestion service (retry from disk):
 * Connection reset (https://eastus-8.in.applicationinsights.azure.com/v2.1/track) (will be retried again) (1 times)
2024-09-25 20:56:17.940+01:00 WARN  c.a.m.o.e.i.p.TelemetryPipeline - In the last 5 minutes, the following operation has failed 1 times (out of 3): Sending telemetry to the ingestion service (retry from disk):
 * Connection reset (https://eastus-8.in.applicationinsights.azure.com/v2.1/track) (will be retried again) (1 times)
2024-09-25 21:30:51.480+01:00 WARN  c.a.m.o.e.i.q.QuickPulsePingSender - In the last 5 minutes, the following operation has failed 6 times (out of 55): Pinging live metrics endpoint:
 * java.net.SocketException: Connection reset (https://eastus.livediagnostics.monitor.azure.com/QuickPulseService.svc) (6 times)
2024-09-25 21:46:12.329+01:00 WARN  c.a.m.o.e.i.p.TelemetryPipeline - In the last 5 minutes, the following operation has failed 4 times (out of 6): Sending telemetry to the ingestion service:
 * Connection reset (https://eastus-8.in.applicationinsights.azure.com/v2.1/track) (telemetry will be stored to disk and retried) (4 times)
2024-09-26 00:05:10.684+01:00 WARN  c.a.m.o.e.i.p.TelemetryPipeline - In the last 5 minutes, the following operation has failed 1 times (out of 5): Sending telemetry to the ingestion service (retry from disk):
 * Connection reset (https://eastus-8.in.applicationinsights.azure.com/v2.1/track) (will be retried again) (1 times)
2024-09-26 00:37:40.708+01:00 WARN  c.a.m.o.e.i.q.QuickPulsePingSender - In the last 5 minutes, the following operation has failed 11 times (out of 54): Pinging live metrics endpoint:
 * java.net.SocketException: Connection reset (https://eastus.livediagnostics.monitor.azure.com/QuickPulseService.svc) (11 times)
2024-09-26 00:49:17.342+01:00 WARN  c.a.m.o.e.i.p.TelemetryPipeline - In the last 5 minutes, the following operation has failed 3 times (out of 5): Sending telemetry to the ingestion service:
 * Connection reset (https://eastus-8.in.applicationinsights.azure.com/v2.1/track) (telemetry will be stored to disk and retried) (3 times)
2024-09-26 03:19:04.125+01:00 WARN  c.a.m.o.e.i.q.QuickPulsePingSender - In the last 5 minutes, the following operation has failed 10 times (out of 54): Pinging live metrics endpoint:
 * java.net.SocketException: Connection reset (https://eastus.livediagnostics.monitor.azure.com/QuickPulseService.svc) (10 times)
2024-09-26 03:35:12.045+01:00 WARN  c.a.m.o.e.i.p.TelemetryPipeline - In the last 5 minutes, the following operation has failed 5 times (out of 5): Sending telemetry to the ingestion service:
 * Connection reset (https://eastus-8.in.applicationinsights.azure.com/v2.1/track) (telemetry will be stored to disk and retried) (5 times)
2024-09-26 04:33:07.557+01:00 WARN  c.a.m.o.e.i.q.QuickPulsePingSender - In the last 5 minutes, the following operation has failed 6 times (out of 56): Pinging live metrics endpoint:
 * java.net.SocketException: Connection reset (https://eastus.livediagnostics.monitor.azure.com/QuickPulseService.svc) (6 times)
2024-09-26 04:33:43.190+01:00 WARN  c.a.m.o.e.i.p.TelemetryPipeline - In the last 5 minutes, the following operation has failed 3 times (out of 6): Sending telemetry to the ingestion service:
 * Connection reset (https://eastus-8.in.applicationinsights.azure.com/v2.1/track) (telemetry will be stored to disk and retried) (3 times)
2024-09-26 04:53:07.567+01:00 WARN  c.a.m.o.e.i.q.QuickPulsePingSender - In the last 5 minutes, the following operation has failed 1 times (out of 49): Pinging live metrics endpoint:
 * io.netty.handler.ssl.SslHandshakeTimeoutException: handshake timed out after 10000ms (https://eastus.livediagnostics.monitor.azure.com/QuickPulseService.svc) (1 times)
2024-09-26 04:53:43.198+01:00 WARN  c.a.m.o.e.i.p.TelemetryPipeline - In the last 5 minutes, the following operation has failed 1 times (out of 5): Sending telemetry to the ingestion service:
 * Connection reset (https://eastus-8.in.applicationinsights.azure.com/v2.1/track) (telemetry will be stored to disk and retried) (1 times)
2024-09-26 06:40:51.227+01:00 WARN  c.a.m.o.e.i.q.QuickPulsePingSender - In the last 5 minutes, the following operation has failed 1 times (out of 38): Pinging live metrics endpoint:
 * java.util.concurrent.TimeoutException: Channel response timed out after 60000 milliseconds. (https://eastus.livediagnostics.monitor.azure.com/QuickPulseService.svc) (1 times)
2024-09-26 06:41:26.856+01:00 WARN  c.a.m.o.e.i.p.TelemetryPipeline - In the last 5 minutes, the following operation has failed 3 times (out of 7): Sending telemetry to the ingestion service:
 * Channel response timed out after 60000 milliseconds. (https://eastus-8.in.applicationinsights.azure.com/v2.1/track) (telemetry will be stored to disk and retried) (2 times)
 * Operation timed out (https://eastus-8.in.applicationinsights.azure.com/v2.1/track) (telemetry will be stored to disk and retried) (1 times)
2024-09-26 15:53:15.756+01:00 WARN  c.a.m.o.e.i.q.QuickPulsePingSender - In the last 5 minutes, the following operation has failed 1 times (out of 50): Pinging live metrics endpoint:
 * java.io.IOException: Operation timed out (https://eastus.livediagnostics.monitor.azure.com/QuickPulseService.svc) (1 times)
2024-09-26 17:16:11.756+01:00 WARN  c.a.m.o.e.i.p.TelemetryPipeline - In the last 5 minutes, the following operation has failed 1 times (out of 5): Sending telemetry to the ingestion service:
 * Operation timed out (https://eastus-8.in.applicationinsights.azure.com/v2.1/track) (telemetry will be stored to disk and retried) (1 times)
2024-09-26 19:18:06.360+01:00 WARN  c.a.m.o.e.i.p.TelemetryPipeline - In the last 5 minutes, the following operation has failed 3 times (out of 5): Sending telemetry to the ingestion service (retry from disk):
 * Connection reset (https://eastus-8.in.applicationinsights.azure.com/v2.1/track) (will be retried again) (2 times)
 * Operation timed out (https://eastus-8.in.applicationinsights.azure.com/v2.1/track) (will be retried again) (1 times)
2024-09-26 19:35:26.867+01:00 WARN  c.a.m.o.e.i.q.QuickPulsePingSender - In the last 5 minutes, the following operation has failed 7 times (out of 41): Pinging live metrics endpoint:
 * java.net.SocketException: Connection reset (https://eastus.livediagnostics.monitor.azure.com/QuickPulseService.svc) (7 times)
2024-09-26 20:06:03.360+01:00 WARN  c.a.m.o.e.i.p.TelemetryPipeline - In the last 5 minutes, the following operation has failed 2 times (out of 4): Sending telemetry to the ingestion service:
 * Connection reset (https://eastus-8.in.applicationinsights.azure.com/v2.1/track) (telemetry will be stored to disk and retried) (2 times)
2024-09-26 22:37:46.899+01:00 WARN  c.a.m.o.e.i.q.QuickPulsePingSender - In the last 5 minutes, the following operation has failed 11 times (out of 54): Pinging live metrics endpoint:
 * java.net.SocketException: Connection reset (https://eastus.livediagnostics.monitor.azure.com/QuickPulseService.svc) (11 times)
2024-09-26 23:09:07.005+01:00 WARN  c.a.m.o.e.i.p.TelemetryPipeline - In the last 5 minutes, the following operation has failed 5 times (out of 6): Sending telemetry to the ingestion service:
 * Connection reset (https://eastus-8.in.applicationinsights.azure.com/v2.1/track) (telemetry will be stored to disk and retried) (5 times)
2024-09-27 00:25:43.287+01:00 WARN  c.a.m.o.e.i.p.TelemetryPipeline - In the last 5 minutes, the following operation has failed 1 times (out of 5): Sending telemetry to the ingestion service (retry from disk):
 * Connection reset (https://eastus-8.in.applicationinsights.azure.com/v2.1/track) (will be retried again) (1 times)
2024-09-27 00:41:58.593+01:00 WARN  c.a.m.o.e.i.q.QuickPulsePingSender - In the last 5 minutes, the following operation has failed 7 times (out of 37): Pinging live metrics endpoint:
 * java.net.SocketException: Connection reset (https://eastus.livediagnostics.monitor.azure.com/QuickPulseService.svc) (6 times)
 * java.util.concurrent.TimeoutException: Channel response timed out after 60000 milliseconds. (https://eastus.livediagnostics.monitor.azure.com/QuickPulseService.svc) (1 times)
2024-09-27 00:58:23.855+01:00 WARN  c.a.m.o.e.i.p.TelemetryPipeline - In the last 5 minutes, the following operation has failed 3 times (out of 4): Sending telemetry to the ingestion service:
 * Connection reset (https://eastus-8.in.applicationinsights.azure.com/v2.1/track) (telemetry will be stored to disk and retried) (2 times)
 * Channel response timed out after 60000 milliseconds. (https://eastus-8.in.applicationinsights.azure.com/v2.1/track) (telemetry will be stored to disk and retried) (1 times)
2024-09-27 01:58:32.047+01:00 WARN  c.a.m.o.e.i.q.QuickPulsePingSender - In the last 5 minutes, the following operation has failed 2 times (out of 33): Pinging live metrics endpoint:
 * java.io.IOException: Operation timed out (https://eastus.livediagnostics.monitor.azure.com/QuickPulseService.svc) (1 times)
 * java.util.concurrent.TimeoutException: Channel response timed out after 60000 milliseconds. (https://eastus.livediagnostics.monitor.azure.com/QuickPulseService.svc) (1 times)
2024-09-27 01:59:07.431+01:00 WARN  c.a.m.o.e.i.p.TelemetryPipeline - In the last 5 minutes, the following operation has failed 4 times (out of 6): Sending telemetry to the ingestion service:
 * Channel response timed out after 60000 milliseconds. (https://eastus-8.in.applicationinsights.azure.com/v2.1/track) (telemetry will be stored to disk and retried) (2 times)
 * handshake timed out after 10000ms (https://eastus-8.in.applicationinsights.azure.com/v2.1/track) (telemetry will be stored to disk and retried) (1 times)
 * Operation timed out (https://eastus-8.in.applicationinsights.azure.com/v2.1/track) (telemetry will be stored to disk and retried) (1 times)
2024-09-27 03:14:25.825+01:00 WARN  c.a.m.o.e.i.p.TelemetryPipeline - In the last 5 minutes, the following operation has failed 2 times (out of 5): Sending telemetry to the ingestion service (retry from disk):
 * Channel response timed out after 60000 milliseconds. (https://eastus-8.in.applicationinsights.azure.com/v2.1/track) (will be retried again) (2 times)
2024-09-27 03:27:24.336+01:00 WARN  c.a.m.o.e.i.q.QuickPulsePingSender - In the last 5 minutes, the following operation has failed 4 times (out of 31): Pinging live metrics endpoint:
 * java.io.IOException: Operation timed out (https://eastus.livediagnostics.monitor.azure.com/QuickPulseService.svc) (2 times)
 * java.util.concurrent.TimeoutException: Channel response timed out after 60000 milliseconds. (https://eastus.livediagnostics.monitor.azure.com/QuickPulseService.svc) (2 times)
2024-09-27 03:43:48.862+01:00 WARN  c.a.m.o.e.i.p.TelemetryPipeline - In the last 5 minutes, the following operation has failed 3 times (out of 6): Sending telemetry to the ingestion service:
 * Operation timed out (https://eastus-8.in.applicationinsights.azure.com/v2.1/track) (telemetry will be stored to disk and retried) (2 times)
 * Channel response timed out after 60000 milliseconds. (https://eastus-8.in.applicationinsights.azure.com/v2.1/track) (telemetry will be stored to disk and retried) (1 times)
2024-09-27 06:13:09.309+01:00 WARN  c.a.m.o.e.i.p.TelemetryPipeline - In the last 5 minutes, the following operation has failed 2 times (out of 6): Sending telemetry to the ingestion service (retry from disk):
 * Connection reset (https://eastus-8.in.applicationinsights.azure.com/v2.1/track) (will be retried again) (2 times)
2024-09-27 06:13:59.745+01:00 WARN  c.a.m.o.e.i.q.QuickPulsePingSender - In the last 5 minutes, the following operation has failed 7 times (out of 46): Pinging live metrics endpoint:
 * java.net.SocketException: Connection reset (https://eastus.livediagnostics.monitor.azure.com/QuickPulseService.svc) (6 times)
 * java.util.concurrent.TimeoutException: Channel response timed out after 60000 milliseconds. (https://eastus.livediagnostics.monitor.azure.com/QuickPulseService.svc) (1 times)
2024-09-27 06:14:35.055+01:00 WARN  c.a.m.o.e.i.p.TelemetryPipeline - In the last 5 minutes, the following operation has failed 2 times (out of 5): Sending telemetry to the ingestion service:
 * Operation timed out (https://eastus-8.in.applicationinsights.azure.com/v2.1/track) (telemetry will be stored to disk and retried) (2 times)
2024-09-27 13:32:40.860+01:00 WARN  c.a.m.o.e.i.p.TelemetryPipeline - In the last 5 minutes, the following operation has failed 1 times (out of 2): Sending telemetry to the ingestion service (retry from disk):
 * Connection reset (https://eastus-8.in.applicationinsights.azure.com/v2.1/track) (will be retried again) (1 times)
2024-09-27 14:31:12.703+01:00 WARN  c.a.m.o.e.i.q.QuickPulsePingSender - In the last 5 minutes, the following operation has failed 9 times (out of 57): Pinging live metrics endpoint:
 * java.net.SocketException: Connection reset (https://eastus.livediagnostics.monitor.azure.com/QuickPulseService.svc) (9 times)
2024-09-27 14:31:48.007+01:00 WARN  c.a.m.o.e.i.p.TelemetryPipeline - In the last 5 minutes, the following operation has failed 3 times (out of 5): Sending telemetry to the ingestion service:
 * Connection reset (https://eastus-8.in.applicationinsights.azure.com/v2.1/track) (telemetry will be stored to disk and retried) (3 times)
2024-09-27 15:41:48.071+01:00 WARN  c.a.m.o.e.i.p.TelemetryPipeline - In the last 5 minutes, the following operation has failed 1 times (out of 7): Sending telemetry to the ingestion service:
 * Operation timed out (https://eastus-8.in.applicationinsights.azure.com/v2.1/track) (telemetry will be stored to disk and retried) (1 times)
2024-09-27 17:07:01.001+01:00 WARN  c.a.m.o.e.i.p.TelemetryPipeline - In the last 5 minutes, the following operation has failed 1 times (out of 2): Sending telemetry to the ingestion service (retry from disk):
 * Connection reset (https://eastus-8.in.applicationinsights.azure.com/v2.1/track) (will be retried again) (1 times)
2024-09-27 17:07:51.428+01:00 WARN  c.a.m.o.e.i.q.QuickPulsePingSender - In the last 5 minutes, the following operation has failed 2 times (out of 57): Pinging live metrics endpoint:
 * java.net.SocketException: Connection reset (https://eastus.livediagnostics.monitor.azure.com/QuickPulseService.svc) (2 times)
2024-09-27 17:08:26.741+01:00 WARN  c.a.m.o.e.i.p.TelemetryPipeline - In the last 5 minutes, the following operation has failed 1 times (out of 6): Sending telemetry to the ingestion service:
 * Connection reset (https://eastus-8.in.applicationinsights.azure.com/v2.1/track) (telemetry will be stored to disk and retried) (1 times)
2024-09-27 18:26:52.304+01:00 WARN  c.a.m.o.e.i.q.QuickPulsePingSender - In the last 5 minutes, the following operation has failed 1 times (out of 58): Pinging live metrics endpoint:
 * java.net.SocketException: Connection reset (https://eastus.livediagnostics.monitor.azure.com/QuickPulseService.svc) (1 times)
2024-09-27 18:27:27.613+01:00 WARN  c.a.m.o.e.i.p.TelemetryPipeline - In the last 5 minutes, the following operation has failed 1 times (out of 5): Sending telemetry to the ingestion service:
 * Connection reset (https://eastus-8.in.applicationinsights.azure.com/v2.1/track) (telemetry will be stored to disk and retried) (1 times)
2024-09-27 21:31:17.894+01:00 WARN  c.a.m.o.e.i.p.TelemetryPipeline - In the last 5 minutes, the following operation has failed 1 times (out of 2): Sending telemetry to the ingestion service (retry from disk):
 * Connection reset (https://eastus-8.in.applicationinsights.azure.com/v2.1/track) (will be retried again) (1 times)
2024-09-27 22:48:00.061+01:00 WARN  c.a.m.o.e.i.q.QuickPulsePingSender - In the last 5 minutes, the following operation has failed 7 times (out of 57): Pinging live metrics endpoint:
 * java.net.SocketException: Connection reset (https://eastus.livediagnostics.monitor.azure.com/QuickPulseService.svc) (7 times)
2024-09-27 23:48:31.347+01:00 WARN  c.a.m.o.e.i.p.TelemetryPipeline - In the last 5 minutes, the following operation has failed 2 times (out of 5): Sending telemetry to the ingestion service:
 * Connection reset (https://eastus-8.in.applicationinsights.azure.com/v2.1/track) (telemetry will be stored to disk and retried) (2 times)
2024-09-28 03:19:06.847+01:00 WARN  c.a.m.o.e.i.q.QuickPulsePingSender - In the last 5 minutes, the following operation has failed 9 times (out of 57): Pinging live metrics endpoint:
 * java.net.SocketException: Connection reset (https://eastus.livediagnostics.monitor.azure.com/QuickPulseService.svc) (9 times)
2024-09-28 03:19:42.148+01:00 WARN  c.a.m.o.e.i.p.TelemetryPipeline - In the last 5 minutes, the following operation has failed 4 times (out of 6): Sending telemetry to the ingestion service:
 * Connection reset (https://eastus-8.in.applicationinsights.azure.com/v2.1/track) (telemetry will be stored to disk and retried) (4 times)
2024-09-28 05:50:35.961+01:00 WARN  c.a.m.o.e.i.p.TelemetryPipeline - In the last 5 minutes, the following operation has failed 1 times (out of 2): Sending telemetry to the ingestion service (retry from disk):
 * Connection reset (https://eastus-8.in.applicationinsights.azure.com/v2.1/track) (will be retried again) (1 times)
2024-09-28 06:49:36.799+01:00 WARN  c.a.m.o.e.i.q.QuickPulsePingSender - In the last 5 minutes, the following operation has failed 7 times (out of 57): Pinging live metrics endpoint:
 * java.net.SocketException: Connection reset (https://eastus.livediagnostics.monitor.azure.com/QuickPulseService.svc) (7 times)
2024-09-28 06:50:12.100+01:00 WARN  c.a.m.o.e.i.p.TelemetryPipeline - In the last 5 minutes, the following operation has failed 3 times (out of 6): Sending telemetry to the ingestion service:
 * Connection reset (https://eastus-8.in.applicationinsights.azure.com/v2.1/track) (telemetry will be stored to disk and retried) (3 times)
2024-09-28 10:07:40.590+01:00 WARN  c.a.m.o.e.i.q.QuickPulsePingSender - In the last 5 minutes, the following operation has failed 7 times (out of 56): Pinging live metrics endpoint:
 * java.net.SocketException: Connection reset (https://eastus.livediagnostics.monitor.azure.com/QuickPulseService.svc) (7 times)
2024-09-28 10:24:29.655+01:00 WARN  c.a.m.o.e.i.p.TelemetryPipeline - In the last 5 minutes, the following operation has failed 3 times (out of 5): Sending telemetry to the ingestion service:
 * Connection reset (https://eastus-8.in.applicationinsights.azure.com/v2.1/track) (telemetry will be stored to disk and retried) (3 times)
2024-09-28 10:28:54.343+01:00 WARN  c.a.m.o.e.i.q.QuickPulsePingSender - In the last 5 minutes, the following operation has failed 1 times (out of 58): Pinging live metrics endpoint:
 * java.net.SocketException: Connection reset (https://eastus.livediagnostics.monitor.azure.com/QuickPulseService.svc) (1 times)
2024-09-28 10:29:29.643+01:00 WARN  c.a.m.o.e.i.p.TelemetryPipeline - In the last 5 minutes, the following operation has failed 1 times (out of 5): Sending telemetry to the ingestion service:
 * Connection reset (https://eastus-8.in.applicationinsights.azure.com/v2.1/track) (telemetry will be stored to disk and retried) (1 times)
2024-09-28 12:17:09.574+01:00 WARN  c.a.m.o.e.i.q.QuickPulsePingSender - In the last 5 minutes, the following operation has failed 2 times (out of 58): Pinging live metrics endpoint:
 * java.net.SocketException: Connection reset (https://eastus.livediagnostics.monitor.azure.com/QuickPulseService.svc) (2 times)
2024-09-28 14:14:42.121+01:00 WARN  c.a.m.o.e.i.p.TelemetryPipeline - In the last 5 minutes, the following operation has failed 1 times (out of 5): Sending telemetry to the ingestion service:
 * Connection reset (https://eastus-8.in.applicationinsights.azure.com/v2.1/track) (telemetry will be stored to disk and retried) (1 times)
2024-09-28 16:29:42.873+01:00 WARN  c.a.m.o.e.i.p.TelemetryPipeline - In the last 5 minutes, the following operation has failed 1 times (out of 5): Sending telemetry to the ingestion service (retry from disk):
 * Connection reset (https://eastus-8.in.applicationinsights.azure.com/v2.1/track) (will be retried again) (1 times)
2024-09-28 16:30:33.309+01:00 WARN  c.a.m.o.e.i.q.QuickPulsePingSender - In the last 5 minutes, the following operation has failed 7 times (out of 56): Pinging live metrics endpoint:
 * java.net.SocketException: Connection reset (https://eastus.livediagnostics.monitor.azure.com/QuickPulseService.svc) (7 times)
2024-09-28 16:31:08.609+01:00 WARN  c.a.m.o.e.i.p.TelemetryPipeline - In the last 5 minutes, the following operation has failed 3 times (out of 5): Sending telemetry to the ingestion service:
 * Connection reset (https://eastus-8.in.applicationinsights.azure.com/v2.1/track) (telemetry will be stored to disk and retried) (3 times)
2024-09-28 16:55:59.542+01:00 WARN  c.a.m.o.e.i.q.QuickPulsePingSender - In the last 5 minutes, the following operation has failed 2 times (out of 54): Pinging live metrics endpoint:
 * java.net.SocketException: Connection reset (https://eastus.livediagnostics.monitor.azure.com/QuickPulseService.svc) (1 times)
 * io.netty.channel.ConnectTimeoutException: connection timed out after 10000 ms: eastus.livediagnostics.monitor.azure.com/20.49.111.33:443 (https://eastus.livediagnostics.monitor.azure.com/QuickPulseService.svc) (1 times)
2024-09-28 17:25:10.942+01:00 WARN  c.a.m.o.e.i.p.TelemetryPipeline - In the last 5 minutes, the following operation has failed 1 times (out of 4): Sending telemetry to the ingestion service (retry from disk):
 * Connection reset (https://eastus-8.in.applicationinsights.azure.com/v2.1/track) (will be retried again) (1 times)
2024-09-28 17:49:02.667+01:00 WARN  c.a.m.o.e.i.q.QuickPulsePingSender - In the last 5 minutes, the following operation has failed 4 times (out of 30): Pinging live metrics endpoint:
 * java.net.SocketException: Connection reset (https://eastus.livediagnostics.monitor.azure.com/QuickPulseService.svc) (3 times)
 * java.util.concurrent.TimeoutException: Channel response timed out after 60000 milliseconds. (https://eastus.livediagnostics.monitor.azure.com/QuickPulseService.svc) (1 times)
2024-09-28 18:38:54.091+01:00 WARN  c.a.m.o.e.i.p.TelemetryPipeline - In the last 5 minutes, the following operation has failed 3 times (out of 5): Sending telemetry to the ingestion service:
 * Connection reset (https://eastus-8.in.applicationinsights.azure.com/v2.1/track) (telemetry will be stored to disk and retried) (2 times)
 * Channel response timed out after 60000 milliseconds. (https://eastus-8.in.applicationinsights.azure.com/v2.1/track) (telemetry will be stored to disk and retried) (1 times)
2024-09-28 18:44:37.355+01:00 WARN  c.a.m.o.e.i.q.QuickPulsePingSender - In the last 5 minutes, the following operation has failed 3 times (out of 54): Pinging live metrics endpoint:
 * java.net.SocketException: Connection reset (https://eastus.livediagnostics.monitor.azure.com/QuickPulseService.svc) (3 times)
2024-09-28 18:45:12.652+01:00 WARN  c.a.m.o.e.i.p.TelemetryPipeline - In the last 5 minutes, the following operation has failed 2 times (out of 6): Sending telemetry to the ingestion service:
 * Connection reset (https://eastus-8.in.applicationinsights.azure.com/v2.1/track) (telemetry will be stored to disk and retried) (2 times)
2024-09-28 22:36:49.312+01:00 WARN  c.a.m.o.e.i.q.QuickPulsePingSender - In the last 5 minutes, the following operation has failed 3 times (out of 58): Pinging live metrics endpoint:
 * java.net.SocketException: Connection reset (https://eastus.livediagnostics.monitor.azure.com/QuickPulseService.svc) (3 times)
2024-09-28 23:55:16.613+01:00 WARN  c.a.m.o.e.i.p.TelemetryPipeline - In the last 5 minutes, the following operation has failed 1 times (out of 5): Sending telemetry to the ingestion service:
 * Connection reset (https://eastus-8.in.applicationinsights.azure.com/v2.1/track) (telemetry will be stored to disk and retried) (1 times)
2024-09-29 03:48:19.377+01:00 WARN  c.a.m.o.e.i.p.TelemetryPipeline - In the last 5 minutes, the following operation has failed 1 times (out of 5): Sending telemetry to the ingestion service (retry from disk):
 * Connection reset (https://eastus-8.in.applicationinsights.azure.com/v2.1/track) (will be retried again) (1 times)
2024-09-29 03:49:09.818+01:00 WARN  c.a.m.o.e.i.q.QuickPulsePingSender - In the last 5 minutes, the following operation has failed 11 times (out of 57): Pinging live metrics endpoint:
 * java.net.SocketException: Connection reset (https://eastus.livediagnostics.monitor.azure.com/QuickPulseService.svc) (11 times)
2024-09-29 03:49:45.114+01:00 WARN  c.a.m.o.e.i.p.TelemetryPipeline - In the last 5 minutes, the following operation has failed 3 times (out of 6): Sending telemetry to the ingestion service:
 * Connection reset (https://eastus-8.in.applicationinsights.azure.com/v2.1/track) (telemetry will be stored to disk and retried) (3 times)
2024-09-29 04:48:13.312+01:00 WARN  c.a.m.o.e.i.p.TelemetryPipeline - In the last 5 minutes, the following operation has failed 1 times (out of 2): Sending telemetry to the ingestion service (retry from disk):
 * Connection reset (https://eastus-8.in.applicationinsights.azure.com/v2.1/track) (will be retried again) (1 times)
2024-09-29 04:49:03.689+01:00 WARN  c.a.m.o.e.i.q.QuickPulsePingSender - In the last 5 minutes, the following operation has failed 3 times (out of 57): Pinging live metrics endpoint:
 * java.net.SocketException: Connection reset (https://eastus.livediagnostics.monitor.azure.com/QuickPulseService.svc) (3 times)
2024-09-29 04:49:38.985+01:00 WARN  c.a.m.o.e.i.p.TelemetryPipeline - In the last 5 minutes, the following operation has failed 2 times (out of 5): Sending telemetry to the ingestion service:
 * Connection reset (https://eastus-8.in.applicationinsights.azure.com/v2.1/track) (telemetry will be stored to disk and retried) (2 times)
2024-09-29 05:10:06.394+01:00 WARN  c.a.m.o.e.i.q.QuickPulsePingSender - In the last 5 minutes, the following operation has failed 1 times (out of 58): Pinging live metrics endpoint:
 * java.net.SocketException: Connection reset (https://eastus.livediagnostics.monitor.azure.com/QuickPulseService.svc) (1 times)
2024-09-29 05:13:22.516+01:00 WARN  c.a.m.o.e.i.p.TelemetryPipeline - In the last 5 minutes, the following operation has failed 1 times (out of 5): Sending telemetry to the ingestion service:
 * Connection reset (https://eastus-8.in.applicationinsights.azure.com/v2.1/track) (telemetry will be stored to disk and retried) (1 times)
2024-09-29 06:00:04.609+01:00 WARN  c.a.m.o.e.i.q.QuickPulsePingSender - In the last 5 minutes, the following operation has failed 2 times (out of 35): Pinging live metrics endpoint:
 * java.net.SocketException: Connection reset (https://eastus.livediagnostics.monitor.azure.com/QuickPulseService.svc) (1 times)
 * java.io.IOException: Operation timed out (https://eastus.livediagnostics.monitor.azure.com/QuickPulseService.svc) (1 times)
2024-09-29 06:00:39.906+01:00 WARN  c.a.m.o.e.i.p.TelemetryPipeline - In the last 5 minutes, the following operation has failed 2 times (out of 6): Sending telemetry to the ingestion service:
 * Connection reset (https://eastus-8.in.applicationinsights.azure.com/v2.1/track) (telemetry will be stored to disk and retried) (1 times)
 * Operation timed out (https://eastus-8.in.applicationinsights.azure.com/v2.1/track) (telemetry will be stored to disk and retried) (1 times)
2024-09-29 07:27:53.252+01:00 WARN  c.a.m.o.e.i.p.TelemetryPipeline - In the last 5 minutes, the following operation has failed 1 times (out of 4): Sending telemetry to the ingestion service (retry from disk):
 * Connection reset (https://eastus-8.in.applicationinsights.azure.com/v2.1/track) (will be retried again) (1 times)
2024-09-29 07:43:56.482+01:00 WARN  c.a.m.o.e.i.q.QuickPulsePingSender - In the last 5 minutes, the following operation has failed 6 times (out of 57): Pinging live metrics endpoint:
 * java.net.SocketException: Connection reset (https://eastus.livediagnostics.monitor.azure.com/QuickPulseService.svc) (6 times)
2024-09-29 07:55:22.751+01:00 WARN  c.a.m.o.e.i.p.TelemetryPipeline - In the last 5 minutes, the following operation has failed 4 times (out of 6): Sending telemetry to the ingestion service:
 * Connection reset (https://eastus-8.in.applicationinsights.azure.com/v2.1/track) (telemetry will be stored to disk and retried) (4 times)
2024-09-29 07:59:47.454+01:00 WARN  c.a.m.o.e.i.q.QuickPulsePingSender - In the last 5 minutes, the following operation has failed 1 times (out of 58): Pinging live metrics endpoint:
 * java.net.SocketException: Connection reset (https://eastus.livediagnostics.monitor.azure.com/QuickPulseService.svc) (1 times)
2024-09-29 08:00:22.751+01:00 WARN  c.a.m.o.e.i.p.TelemetryPipeline - In the last 5 minutes, the following operation has failed 1 times (out of 5): Sending telemetry to the ingestion service:
 * Connection reset (https://eastus-8.in.applicationinsights.azure.com/v2.1/track) (telemetry will be stored to disk and retried) (1 times)
2024-09-29 15:16:17.143+01:00 WARN  c.a.m.o.e.i.p.TelemetryPipeline - In the last 5 minutes, the following operation has failed 1 times (out of 2): Sending telemetry to the ingestion service (retry from disk):
 * Connection reset (https://eastus-8.in.applicationinsights.azure.com/v2.1/track) (will be retried again) (1 times)
2024-09-29 15:17:07.450+01:00 WARN  c.a.m.o.e.i.q.QuickPulsePingSender - In the last 5 minutes, the following operation has failed 2 times (out of 58): Pinging live metrics endpoint:
 * java.net.SocketException: Connection reset (https://eastus.livediagnostics.monitor.azure.com/QuickPulseService.svc) (2 times)
2024-09-29 15:17:42.764+01:00 WARN  c.a.m.o.e.i.p.TelemetryPipeline - In the last 5 minutes, the following operation has failed 1 times (out of 5): Sending telemetry to the ingestion service:
 * Connection reset (https://eastus-8.in.applicationinsights.azure.com/v2.1/track) (telemetry will be stored to disk and retried) (1 times)
2024-09-29 15:43:38.377+01:00 WARN  c.a.m.o.e.i.p.TelemetryPipeline - In the last 5 minutes, the following operation has failed 1 times (out of 2): Sending telemetry to the ingestion service (retry from disk):
 * Connection reset (https://eastus-8.in.applicationinsights.azure.com/v2.1/track) (will be retried again) (1 times)
2024-09-29 15:44:28.683+01:00 WARN  c.a.m.o.e.i.q.QuickPulsePingSender - In the last 5 minutes, the following operation has failed 1 times (out of 57): Pinging live metrics endpoint:
 * java.net.SocketException: Connection reset (https://eastus.livediagnostics.monitor.azure.com/QuickPulseService.svc) (1 times)
2024-09-29 15:45:03.999+01:00 WARN  c.a.m.o.e.i.p.TelemetryPipeline - In the last 5 minutes, the following operation has failed 1 times (out of 5): Sending telemetry to the ingestion service:
 * Connection reset (https://eastus-8.in.applicationinsights.azure.com/v2.1/track) (telemetry will be stored to disk and retried) (1 times)
2024-09-29 17:39:31.959+01:00 WARN  c.a.m.o.e.i.q.QuickPulsePingSender - In the last 5 minutes, the following operation has failed 1 times (out of 57): Pinging live metrics endpoint:
 * java.net.SocketException: Connection reset (https://eastus.livediagnostics.monitor.azure.com/QuickPulseService.svc) (1 times)
2024-09-29 17:47:07.110+01:00 WARN  c.a.m.o.e.i.p.TelemetryPipeline - In the last 5 minutes, the following operation has failed 2 times (out of 6): Sending telemetry to the ingestion service:
 * Connection reset (https://eastus-8.in.applicationinsights.azure.com/v2.1/track) (telemetry will be stored to disk and retried) (2 times)
2024-09-29 17:51:31.801+01:00 WARN  c.a.m.o.e.i.q.QuickPulsePingSender - In the last 5 minutes, the following operation has failed 1 times (out of 58): Pinging live metrics endpoint:
 * java.net.SocketException: Connection reset (https://eastus.livediagnostics.monitor.azure.com/QuickPulseService.svc) (1 times)
2024-09-29 18:38:53.135+01:00 WARN  c.a.m.o.e.i.q.QuickPulsePingSender - In the last 5 minutes, the following operation has failed 1 times (out of 47): Pinging live metrics endpoint:
 * java.io.IOException: Operation timed out (https://eastus.livediagnostics.monitor.azure.com/QuickPulseService.svc) (1 times)
2024-09-29 18:39:28.447+01:00 WARN  c.a.m.o.e.i.p.TelemetryPipeline - In the last 5 minutes, the following operation has failed 1 times (out of 5): Sending telemetry to the ingestion service:
 * Operation timed out (https://eastus-8.in.applicationinsights.azure.com/v2.1/track) (telemetry will be stored to disk and retried) (1 times)
2024-09-29 18:46:31.721+01:00 WARN  c.a.m.o.e.i.p.TelemetryPipeline - In the last 5 minutes, the following operation has failed 1 times (out of 3): Sending telemetry to the ingestion service (retry from disk):
 * Operation timed out (https://eastus-8.in.applicationinsights.azure.com/v2.1/track) (will be retried again) (1 times)
2024-09-29 18:47:22.033+01:00 WARN  c.a.m.o.e.i.q.QuickPulsePingSender - In the last 5 minutes, the following operation has failed 1 times (out of 55): Pinging live metrics endpoint:
 * java.net.SocketException: Connection reset (https://eastus.livediagnostics.monitor.azure.com/QuickPulseService.svc) (1 times)
2024-09-29 18:47:57.346+01:00 WARN  c.a.m.o.e.i.p.TelemetryPipeline - In the last 5 minutes, the following operation has failed 1 times (out of 6): Sending telemetry to the ingestion service:
 * Connection reset (https://eastus-8.in.applicationinsights.azure.com/v2.1/track) (telemetry will be stored to disk and retried) (1 times)
2024-09-29 18:59:38.185+01:00 WARN  c.a.m.o.e.i.p.TelemetryPipeline - In the last 5 minutes, the following operation has failed 1 times (out of 2): Sending telemetry to the ingestion service (retry from disk):
 * Connection reset (https://eastus-8.in.applicationinsights.azure.com/v2.1/track) (will be retried again) (1 times)
2024-09-29 19:00:28.497+01:00 WARN  c.a.m.o.e.i.q.QuickPulsePingSender - In the last 5 minutes, the following operation has failed 1 times (out of 58): Pinging live metrics endpoint:
 * java.net.SocketException: Connection reset (https://eastus.livediagnostics.monitor.azure.com/QuickPulseService.svc) (1 times)
2024-09-29 19:01:03.811+01:00 WARN  c.a.m.o.e.i.p.TelemetryPipeline - In the last 5 minutes, the following operation has failed 1 times (out of 5): Sending telemetry to the ingestion service:
 * Connection reset (https://eastus-8.in.applicationinsights.azure.com/v2.1/track) (telemetry will be stored to disk and retried) (1 times)
2024-09-29 19:57:15.108+01:00 WARN  c.a.m.o.e.i.p.TelemetryPipeline - In the last 5 minutes, the following operation has failed 1 times (out of 5): Sending telemetry to the ingestion service:
 * Connection reset (https://eastus-8.in.applicationinsights.azure.com/v2.1/track) (telemetry will be stored to disk and retried) (1 times)
2024-09-29 21:05:24.476+01:00 WARN  c.a.m.o.e.i.p.TelemetryPipeline - In the last 5 minutes, the following operation has failed 3 times (out of 4): Sending telemetry to the ingestion service (retry from disk):
 * Connection reset (https://eastus-8.in.applicationinsights.azure.com/v2.1/track) (will be retried again) (2 times)
 * Channel response timed out after 60000 milliseconds. (https://eastus-8.in.applicationinsights.azure.com/v2.1/track) (will be retried again) (1 times)
2024-09-29 21:23:02.659+01:00 WARN  c.a.m.o.e.i.q.QuickPulsePingSender - In the last 5 minutes, the following operation has failed 6 times (out of 52): Pinging live metrics endpoint:
 * java.net.SocketException: Connection reset (https://eastus.livediagnostics.monitor.azure.com/QuickPulseService.svc) (6 times)
2024-09-29 21:23:37.982+01:00 WARN  c.a.m.o.e.i.p.TelemetryPipeline - In the last 5 minutes, the following operation has failed 2 times (out of 5): Sending telemetry to the ingestion service:
 * Connection reset (https://eastus-8.in.applicationinsights.azure.com/v2.1/track) (telemetry will be stored to disk and retried) (2 times)
2024-09-29 22:13:47.728+01:00 WARN  c.a.m.o.e.i.q.QuickPulsePingSender - In the last 5 minutes, the following operation has failed 3 times (out of 58): Pinging live metrics endpoint:
 * java.net.SocketException: Connection reset (https://eastus.livediagnostics.monitor.azure.com/QuickPulseService.svc) (3 times)
2024-09-29 22:14:23.041+01:00 WARN  c.a.m.o.e.i.p.TelemetryPipeline - In the last 5 minutes, the following operation has failed 3 times (out of 6): Sending telemetry to the ingestion service:
 * Connection reset (https://eastus-8.in.applicationinsights.azure.com/v2.1/track) (telemetry will be stored to disk and retried) (3 times)
2024-09-29 23:05:07.398+01:00 WARN  c.a.m.o.e.i.p.TelemetryPipeline - In the last 5 minutes, the following operation has failed 1 times (out of 3): Sending telemetry to the ingestion service (retry from disk):
 * Connection reset (https://eastus-8.in.applicationinsights.azure.com/v2.1/track) (will be retried again) (1 times)
2024-09-29 23:21:36.476+01:00 WARN  c.a.m.o.e.i.q.QuickPulsePingSender - In the last 5 minutes, the following operation has failed 4 times (out of 57): Pinging live metrics endpoint:
 * java.net.SocketException: Connection reset (https://eastus.livediagnostics.monitor.azure.com/QuickPulseService.svc) (4 times)
2024-09-29 23:22:11.782+01:00 WARN  c.a.m.o.e.i.p.TelemetryPipeline - In the last 5 minutes, the following operation has failed 3 times (out of 5): Sending telemetry to the ingestion service:
 * Connection reset (https://eastus-8.in.applicationinsights.azure.com/v2.1/track) (telemetry will be stored to disk and retried) (3 times)
2024-09-29 23:59:30.151+01:00 WARN  c.a.m.o.e.i.q.QuickPulsePingSender - In the last 5 minutes, the following operation has failed 2 times (out of 57): Pinging live metrics endpoint:
 * java.net.SocketException: Connection reset (https://eastus.livediagnostics.monitor.azure.com/QuickPulseService.svc) (2 times)
2024-09-30 00:00:05.463+01:00 WARN  c.a.m.o.e.i.p.TelemetryPipeline - In the last 5 minutes, the following operation has failed 1 times (out of 5): Sending telemetry to the ingestion service:
 * Operation timed out (https://eastus-8.in.applicationinsights.azure.com/v2.1/track) (telemetry will be stored to disk and retried) (1 times)
2024-09-30 00:45:41.646+01:00 WARN  c.a.m.o.e.i.p.TelemetryPipeline - In the last 5 minutes, the following operation has failed 1 times (out of 2): Sending telemetry to the ingestion service (retry from disk):
 * Connection reset (https://eastus-8.in.applicationinsights.azure.com/v2.1/track) (will be retried again) (1 times)
2024-09-30 00:46:31.953+01:00 WARN  c.a.m.o.e.i.q.QuickPulsePingSender - In the last 5 minutes, the following operation has failed 2 times (out of 57): Pinging live metrics endpoint:
 * java.net.SocketException: Connection reset (https://eastus.livediagnostics.monitor.azure.com/QuickPulseService.svc) (2 times)
2024-09-30 00:47:07.267+01:00 WARN  c.a.m.o.e.i.p.TelemetryPipeline - In the last 5 minutes, the following operation has failed 1 times (out of 5): Sending telemetry to the ingestion service:
 * Connection reset (https://eastus-8.in.applicationinsights.azure.com/v2.1/track) (telemetry will be stored to disk and retried) (1 times)
2024-09-30 01:22:24.607+01:00 WARN  c.a.m.o.e.i.q.QuickPulsePingSender - In the last 5 minutes, the following operation has failed 2 times (out of 58): Pinging live metrics endpoint:
 * java.net.SocketException: Connection reset (https://eastus.livediagnostics.monitor.azure.com/QuickPulseService.svc) (2 times)
2024-09-30 01:38:31.989+01:00 WARN  c.a.m.o.e.i.p.TelemetryPipeline - In the last 5 minutes, the following operation has failed 2 times (out of 6): Sending telemetry to the ingestion service:
 * Connection reset (https://eastus-8.in.applicationinsights.azure.com/v2.1/track) (telemetry will be stored to disk and retried) (2 times)
2024-09-30 01:58:06.258+01:00 WARN  c.a.m.o.e.i.p.TelemetryPipeline - In the last 5 minutes, the following operation has failed 1 times (out of 2): Sending telemetry to the ingestion service (retry from disk):
 * Connection reset (https://eastus-8.in.applicationinsights.azure.com/v2.1/track) (will be retried again) (1 times)
2024-09-30 01:58:56.565+01:00 WARN  c.a.m.o.e.i.q.QuickPulsePingSender - In the last 5 minutes, the following operation has failed 2 times (out of 57): Pinging live metrics endpoint:
 * java.net.SocketException: Connection reset (https://eastus.livediagnostics.monitor.azure.com/QuickPulseService.svc) (2 times)
2024-09-30 01:59:31.880+01:00 WARN  c.a.m.o.e.i.p.TelemetryPipeline - In the last 5 minutes, the following operation has failed 1 times (out of 5): Sending telemetry to the ingestion service:
 * Connection reset (https://eastus-8.in.applicationinsights.azure.com/v2.1/track) (telemetry will be stored to disk and retried) (1 times)
2024-09-30 03:08:43.091+01:00 WARN  c.a.m.o.e.i.p.TelemetryPipeline - In the last 5 minutes, the following operation has failed 1 times (out of 2): Sending telemetry to the ingestion service (retry from disk):
 * Connection reset (https://eastus-8.in.applicationinsights.azure.com/v2.1/track) (will be retried again) (1 times)
2024-09-30 03:09:33.397+01:00 WARN  c.a.m.o.e.i.q.QuickPulsePingSender - In the last 5 minutes, the following operation has failed 3 times (out of 36): Pinging live metrics endpoint:
 * io.netty.channel.ConnectTimeoutException: connection timed out after 10000 ms: eastus.livediagnostics.monitor.azure.com/10.0.0.1:443 (https://eastus.livediagnostics.monitor.azure.com/QuickPulseService.svc) (2 times)
 * java.io.IOException: Operation timed out (https://eastus.livediagnostics.monitor.azure.com/QuickPulseService.svc) (1 times)
2024-09-30 03:10:08.714+01:00 WARN  c.a.m.o.e.i.p.TelemetryPipeline - In the last 5 minutes, the following operation has failed 2 times (out of 5): Sending telemetry to the ingestion service:
 * Operation timed out (https://eastus-8.in.applicationinsights.azure.com/v2.1/track) (telemetry will be stored to disk and retried) (1 times)
 * connection timed out after 10000 ms: eastus-8.in.applicationinsights.azure.com/10.0.0.1:443 (https://eastus-8.in.applicationinsights.azure.com/v2.1/track) (telemetry will be stored to disk and retried) (1 times)
2024-09-30 04:19:33.417+01:00 WARN  c.a.m.o.e.i.q.QuickPulsePingSender - In the last 5 minutes, the following operation has failed 1 times (out of 58): Pinging live metrics endpoint:
 * java.net.SocketException: Connection reset (https://eastus.livediagnostics.monitor.azure.com/QuickPulseService.svc) (1 times)
2024-09-30 14:14:01.833+01:00 WARN  c.a.m.o.e.i.p.TelemetryPipeline - In the last 5 minutes, the following operation has failed 1 times (out of 1): Sending telemetry to the ingestion service (retry from disk):
 * Connection reset (https://eastus-8.in.applicationinsights.azure.com/v2.1/track) (will be retried again) (1 times)
2024-09-30 14:14:52.135+01:00 WARN  c.a.m.o.e.i.q.QuickPulsePingSender - In the last 5 minutes, the following operation has failed 1 times (out of 58): Pinging live metrics endpoint:
 * java.net.SocketException: Connection reset (https://eastus.livediagnostics.monitor.azure.com/QuickPulseService.svc) (1 times)
2024-09-30 14:21:15.934+01:00 WARN  c.a.m.o.e.i.p.TelemetryPipeline - In the last 5 minutes, the following operation has failed 1 times (out of 5): Sending telemetry to the ingestion service:
 * Connection reset (https://eastus-8.in.applicationinsights.azure.com/v2.1/track) (telemetry will be stored to disk and retried) (1 times)
2024-09-30 14:25:40.636+01:00 WARN  c.a.m.o.e.i.q.QuickPulsePingSender - In the last 5 minutes, the following operation has failed 1 times (out of 56): Pinging live metrics endpoint:
 * java.net.SocketException: Connection reset (https://eastus.livediagnostics.monitor.azure.com/QuickPulseService.svc) (1 times)
2024-09-30 14:26:15.937+01:00 WARN  c.a.m.o.e.i.p.TelemetryPipeline - In the last 5 minutes, the following operation has failed 1 times (out of 6): Sending telemetry to the ingestion service:
 * Connection reset (https://eastus-8.in.applicationinsights.azure.com/v2.1/track) (telemetry will be stored to disk and retried) (1 times)
2024-09-30 17:41:15.347+01:00 WARN  c.a.m.o.e.i.p.TelemetryPipeline - In the last 5 minutes, the following operation has failed 1 times (out of 2): Sending telemetry to the ingestion service (retry from disk):
 * Connection reset (https://eastus-8.in.applicationinsights.azure.com/v2.1/track) (will be retried again) (1 times)
2024-09-30 18:59:49.837+01:00 WARN  c.a.m.o.e.i.q.QuickPulsePingSender - In the last 5 minutes, the following operation has failed 5 times (out of 57): Pinging live metrics endpoint:
 * java.net.SocketException: Connection reset (https://eastus.livediagnostics.monitor.azure.com/QuickPulseService.svc) (5 times)
2024-09-30 19:48:53.581+01:00 WARN  c.a.m.o.e.i.p.TelemetryPipeline - In the last 5 minutes, the following operation has failed 2 times (out of 5): Sending telemetry to the ingestion service:
 * Connection reset (https://eastus-8.in.applicationinsights.azure.com/v2.1/track) (telemetry will be stored to disk and retried) (2 times)
2024-10-01 00:04:59.601+01:00 WARN  c.a.m.o.e.i.p.TelemetryPipeline - In the last 5 minutes, the following operation has failed 1 times (out of 6): Sending telemetry to the ingestion service (retry from disk):
 * Connection reset (https://eastus-8.in.applicationinsights.azure.com/v2.1/track) (will be retried again) (1 times)
2024-10-01 00:53:22.042+01:00 WARN  c.a.m.o.e.i.q.QuickPulsePingSender - In the last 5 minutes, the following operation has failed 11 times (out of 52): Pinging live metrics endpoint:
 * java.net.SocketException: Connection reset (https://eastus.livediagnostics.monitor.azure.com/QuickPulseService.svc) (11 times)
2024-10-01 01:05:41.411+01:00 WARN  c.a.m.o.e.i.p.TelemetryPipeline - In the last 5 minutes, the following operation has failed 4 times (out of 4): Sending telemetry to the ingestion service:
 * Connection reset (https://eastus-8.in.applicationinsights.azure.com/v2.1/track) (telemetry will be stored to disk and retried) (4 times)
2024-10-01 06:08:45.399+01:00 WARN  c.a.m.o.e.i.q.QuickPulsePingSender - In the last 5 minutes, the following operation has failed 1 times (out of 4): Pinging live metrics endpoint:
 * java.io.IOException: Operation timed out (https://eastus.livediagnostics.monitor.azure.com/QuickPulseService.svc) (1 times)
2024-10-01 06:09:20.707+01:00 WARN  c.a.m.o.e.i.p.TelemetryPipeline - In the last 5 minutes, the following operation has failed 1 times (out of 4): Sending telemetry to the ingestion service:
 * Operation timed out (https://eastus-8.in.applicationinsights.azure.com/v2.1/track) (telemetry will be stored to disk and retried) (1 times)
2024-10-01 17:02:18.724+01:00 WARN  c.a.m.o.e.i.p.TelemetryPipeline - In the last 5 minutes, the following operation has failed 1 times (out of 2): Sending telemetry to the ingestion service (retry from disk):
 * Operation timed out (https://eastus-8.in.applicationinsights.azure.com/v2.1/track) (will be retried again) (1 times)
2024-10-01 17:03:09.020+01:00 WARN  c.a.m.o.e.i.q.QuickPulsePingSender - In the last 5 minutes, the following operation has failed 2 times (out of 7): Pinging live metrics endpoint:
 * java.io.IOException: Operation timed out (https://eastus.livediagnostics.monitor.azure.com/QuickPulseService.svc) (1 times)
 * java.util.concurrent.TimeoutException: Channel response timed out after 60000 milliseconds. (https://eastus.livediagnostics.monitor.azure.com/QuickPulseService.svc) (1 times)
2024-10-01 17:03:44.321+01:00 WARN  c.a.m.o.e.i.p.TelemetryPipeline - In the last 5 minutes, the following operation has failed 1 times (out of 4): Sending telemetry to the ingestion service:
 * Operation timed out (https://eastus-8.in.applicationinsights.azure.com/v2.1/track) (telemetry will be stored to disk and retried) (1 times)
2024-10-01 20:34:56.821+01:00 WARN  c.a.m.o.e.i.q.QuickPulsePingSender - In the last 5 minutes, the following operation has failed 2 times (out of 56): Pinging live metrics endpoint:
 * java.net.SocketException: Connection reset (https://eastus.livediagnostics.monitor.azure.com/QuickPulseService.svc) (2 times)
2024-10-01 20:50:32.672+01:00 WARN  c.a.m.o.e.i.p.TelemetryPipeline - In the last 5 minutes, the following operation has failed 2 times (out of 5): Sending telemetry to the ingestion service:
 * Connection reset (https://eastus-8.in.applicationinsights.azure.com/v2.1/track) (telemetry will be stored to disk and retried) (2 times)
2024-10-01 23:00:33.243+01:00 WARN  c.a.m.o.e.i.p.TelemetryPipeline - In the last 5 minutes, the following operation has failed 1 times (out of 6): Sending telemetry to the ingestion service (retry from disk):
 * Connection reset (https://eastus-8.in.applicationinsights.azure.com/v2.1/track) (will be retried again) (1 times)
2024-10-01 23:32:23.657+01:00 WARN  c.a.m.o.e.i.q.QuickPulsePingSender - In the last 5 minutes, the following operation has failed 11 times (out of 55): Pinging live metrics endpoint:
 * java.net.SocketException: Connection reset (https://eastus.livediagnostics.monitor.azure.com/QuickPulseService.svc) (11 times)
2024-10-01 23:43:44.497+01:00 WARN  c.a.m.o.e.i.p.TelemetryPipeline - In the last 5 minutes, the following operation has failed 5 times (out of 6): Sending telemetry to the ingestion service:
 * Connection reset (https://eastus-8.in.applicationinsights.azure.com/v2.1/track) (telemetry will be stored to disk and retried) (5 times)
2024-10-02 01:45:41.153+01:00 WARN  c.a.m.o.e.i.q.QuickPulsePingSender - In the last 5 minutes, the following operation has failed 9 times (out of 55): Pinging live metrics endpoint:
 * java.net.SocketException: Connection reset (https://eastus.livediagnostics.monitor.azure.com/QuickPulseService.svc) (9 times)
2024-10-02 02:01:17.040+01:00 WARN  c.a.m.o.e.i.p.TelemetryPipeline - In the last 5 minutes, the following operation has failed 5 times (out of 5): Sending telemetry to the ingestion service:
 * Connection reset (https://eastus-8.in.applicationinsights.azure.com/v2.1/track) (telemetry will be stored to disk and retried) (5 times)
2024-10-02 03:43:42.002+01:00 WARN  c.a.m.o.e.i.q.QuickPulsePingSender - In the last 5 minutes, the following operation has failed 8 times (out of 55): Pinging live metrics endpoint:
 * java.net.SocketException: Connection reset (https://eastus.livediagnostics.monitor.azure.com/QuickPulseService.svc) (8 times)
2024-10-02 03:44:17.299+01:00 WARN  c.a.m.o.e.i.p.TelemetryPipeline - In the last 5 minutes, the following operation has failed 4 times (out of 5): Sending telemetry to the ingestion service:
 * Connection reset (https://eastus-8.in.applicationinsights.azure.com/v2.1/track) (telemetry will be stored to disk and retried) (4 times)
2024-10-02 05:27:27.079+01:00 WARN  c.a.m.o.e.i.q.QuickPulsePingSender - In the last 5 minutes, the following operation has failed 2 times (out of 55): Pinging live metrics endpoint:
 * java.net.SocketException: Connection reset (https://eastus.livediagnostics.monitor.azure.com/QuickPulseService.svc) (2 times)
2024-10-02 05:38:37.425+01:00 WARN  c.a.m.o.e.i.p.TelemetryPipeline - In the last 5 minutes, the following operation has failed 1 times (out of 5): Sending telemetry to the ingestion service:
 * Connection reset (https://eastus-8.in.applicationinsights.azure.com/v2.1/track) (telemetry will be stored to disk and retried) (1 times)
2024-10-02 05:42:11.832+01:00 WARN  c.a.m.o.e.i.p.TelemetryPipeline - In the last 5 minutes, the following operation has failed 1 times (out of 2): Sending telemetry to the ingestion service (retry from disk):
 * Connection reset (https://eastus-8.in.applicationinsights.azure.com/v2.1/track) (will be retried again) (1 times)
2024-10-02 05:43:02.132+01:00 WARN  c.a.m.o.e.i.q.QuickPulsePingSender - In the last 5 minutes, the following operation has failed 1 times (out of 57): Pinging live metrics endpoint:
 * java.net.SocketException: Connection reset (https://eastus.livediagnostics.monitor.azure.com/QuickPulseService.svc) (1 times)
2024-10-02 06:28:02.160+01:00 WARN  c.a.m.o.e.i.q.QuickPulsePingSender - In the last 5 minutes, the following operation has failed 2 times (out of 51): Pinging live metrics endpoint:
 * java.net.SocketException: Connection reset (https://eastus.livediagnostics.monitor.azure.com/QuickPulseService.svc) (2 times)
2024-10-02 07:33:02.176+01:00 WARN  c.a.m.o.e.i.q.QuickPulsePingSender - In the last 5 minutes, the following operation has failed 1 times (out of 49): Pinging live metrics endpoint:
 * java.util.concurrent.TimeoutException: Channel response timed out after 60000 milliseconds. (https://eastus.livediagnostics.monitor.azure.com/QuickPulseService.svc) (1 times)
2024-10-02 07:33:37.467+01:00 WARN  c.a.m.o.e.i.p.TelemetryPipeline - In the last 5 minutes, the following operation has failed 2 times (out of 7): Sending telemetry to the ingestion service:
 * Channel response timed out after 60000 milliseconds. (https://eastus-8.in.applicationinsights.azure.com/v2.1/track) (telemetry will be stored to disk and retried) (2 times)
2024-10-02 17:38:22.223+01:00 WARN  c.a.m.o.e.i.q.QuickPulsePingSender - In the last 5 minutes, the following operation has failed 1 times (out of 4): Pinging live metrics endpoint:
 * java.io.IOException: Operation timed out (https://eastus.livediagnostics.monitor.azure.com/QuickPulseService.svc) (1 times)
2024-10-02 17:38:57.508+01:00 WARN  c.a.m.o.e.i.p.TelemetryPipeline - In the last 5 minutes, the following operation has failed 2 times (out of 2): Sending telemetry to the ingestion service:
 * Operation timed out (https://eastus-8.in.applicationinsights.azure.com/v2.1/track) (telemetry will be stored to disk and retried) (2 times)
2024-10-02 19:23:22.200+01:00 WARN  c.a.m.o.e.i.q.QuickPulsePingSender - In the last 5 minutes, the following operation has failed 1 times (out of 43): Pinging live metrics endpoint:
 * java.util.concurrent.TimeoutException: Channel response timed out after 60000 milliseconds. (https://eastus.livediagnostics.monitor.azure.com/QuickPulseService.svc) (1 times)
2024-10-02 19:23:57.486+01:00 WARN  c.a.m.o.e.i.p.TelemetryPipeline - In the last 5 minutes, the following operation has failed 2 times (out of 5): Sending telemetry to the ingestion service:
 * Connection has been closed BEFORE response, while sending request body (https://eastus-8.in.applicationinsights.azure.com/v2.1/track) (telemetry will be stored to disk and retried) (1 times)
 * Connection reset (https://eastus-8.in.applicationinsights.azure.com/v2.1/track) (telemetry will be stored to disk and retried) (1 times)
2024-10-02 21:00:01.253+01:00 WARN  c.a.m.o.e.i.q.QuickPulsePingSender - In the last 5 minutes, the following operation has failed 2 times (out of 56): Pinging live metrics endpoint:
 * java.net.SocketException: Connection reset (https://eastus.livediagnostics.monitor.azure.com/QuickPulseService.svc) (2 times)
2024-10-02 21:17:33.466+01:00 WARN  c.a.m.o.e.i.p.TelemetryPipeline - In the last 5 minutes, the following operation has failed 2 times (out of 6): Sending telemetry to the ingestion service:
 * Connection reset (https://eastus-8.in.applicationinsights.azure.com/v2.1/track) (telemetry will be stored to disk and retried) (2 times)
2024-10-02 23:39:08.696+01:00 WARN  c.a.m.o.e.i.p.TelemetryPipeline - In the last 5 minutes, the following operation has failed 3 times (out of 6): Sending telemetry to the ingestion service (retry from disk):
 * Connection reset (https://eastus-8.in.applicationinsights.azure.com/v2.1/track) (will be retried again) (3 times)
2024-10-02 23:57:36.241+01:00 WARN  c.a.m.o.e.i.q.QuickPulsePingSender - In the last 5 minutes, the following operation has failed 12 times (out of 55): Pinging live metrics endpoint:
 * java.net.SocketException: Connection reset (https://eastus.livediagnostics.monitor.azure.com/QuickPulseService.svc) (12 times)
2024-10-03 00:13:11.847+01:00 WARN  c.a.m.o.e.i.p.TelemetryPipeline - In the last 5 minutes, the following operation has failed 3 times (out of 5): Sending telemetry to the ingestion service:
 * Connection reset (https://eastus-8.in.applicationinsights.azure.com/v2.1/track) (telemetry will be stored to disk and retried) (3 times)
2024-10-03 02:06:17.323+01:00 WARN  c.a.m.o.e.i.p.TelemetryPipeline - In the last 5 minutes, the following operation has failed 1 times (out of 5): Sending telemetry to the ingestion service (retry from disk):
 * Connection reset (https://eastus-8.in.applicationinsights.azure.com/v2.1/track) (will be retried again) (1 times)
2024-10-03 02:22:21.590+01:00 WARN  c.a.m.o.e.i.q.QuickPulsePingSender - In the last 5 minutes, the following operation has failed 9 times (out of 55): Pinging live metrics endpoint:
 * java.net.SocketException: Connection reset (https://eastus.livediagnostics.monitor.azure.com/QuickPulseService.svc) (9 times)
2024-10-03 02:57:43.335+01:00 WARN  c.a.m.o.e.i.p.TelemetryPipeline - In the last 5 minutes, the following operation has failed 3 times (out of 5): Sending telemetry to the ingestion service:
 * Connection reset (https://eastus-8.in.applicationinsights.azure.com/v2.1/track) (telemetry will be stored to disk and retried) (3 times)
2024-10-03 04:49:20.415+01:00 WARN  c.a.m.o.e.i.p.TelemetryPipeline - In the last 5 minutes, the following operation has failed 1 times (out of 4): Sending telemetry to the ingestion service (retry from disk):
 * Connection reset (https://eastus-8.in.applicationinsights.azure.com/v2.1/track) (will be retried again) (1 times)
2024-10-03 05:23:46.778+01:00 WARN  c.a.m.o.e.i.q.QuickPulsePingSender - In the last 5 minutes, the following operation has failed 10 times (out of 44): Pinging live metrics endpoint:
 * java.net.SocketException: Connection reset (https://eastus.livediagnostics.monitor.azure.com/QuickPulseService.svc) (9 times)
 * io.netty.channel.ConnectTimeoutException: connection timed out after 10000 ms: eastus.livediagnostics.monitor.azure.com/[64:ff9b:0:0:0:0:1431:6f21]:443 (https://eastus.livediagnostics.monitor.azure.com/QuickPulseService.svc) (1 times)
2024-10-03 05:37:50.202+01:00 WARN  c.a.m.o.e.i.p.TelemetryPipeline - In the last 5 minutes, the following operation has failed 4 times (out of 6): Sending telemetry to the ingestion service:
 * Connection reset (https://eastus-8.in.applicationinsights.azure.com/v2.1/track) (telemetry will be stored to disk and retried) (4 times)
2024-10-03 08:20:30.960+01:00 WARN  c.a.m.o.e.i.q.QuickPulsePingSender - In the last 5 minutes, the following operation has failed 4 times (out of 42): Pinging live metrics endpoint:
 * java.net.SocketException: Connection reset (https://eastus.livediagnostics.monitor.azure.com/QuickPulseService.svc) (2 times)
 * java.io.IOException: Operation timed out (https://eastus.livediagnostics.monitor.azure.com/QuickPulseService.svc) (1 times)
 * java.util.concurrent.TimeoutException: Channel response timed out after 60000 milliseconds. (https://eastus.livediagnostics.monitor.azure.com/QuickPulseService.svc) (1 times)
2024-10-03 08:21:06.245+01:00 WARN  c.a.m.o.e.i.p.TelemetryPipeline - In the last 5 minutes, the following operation has failed 2 times (out of 5): Sending telemetry to the ingestion service:
 * Connection reset (https://eastus-8.in.applicationinsights.azure.com/v2.1/track) (telemetry will be stored to disk and retried) (1 times)
 * Operation timed out (https://eastus-8.in.applicationinsights.azure.com/v2.1/track) (telemetry will be stored to disk and retried) (1 times)
2024-10-03 15:16:06.410+01:00 WARN  c.a.m.o.e.i.p.TelemetryPipeline - In the last 5 minutes, the following operation has failed 1 times (out of 6): Sending telemetry to the ingestion service:
 * Connection has been closed BEFORE response, while sending request body (https://eastus-8.in.applicationinsights.azure.com/v2.1/track) (telemetry will be stored to disk and retried) (1 times)
2024-10-03 16:16:12.247+01:00 WARN  c.a.m.o.e.i.q.QuickPulsePingSender - In the last 5 minutes, the following operation has failed 1 times (out of 35): Pinging live metrics endpoint:
 * java.io.IOException: Operation timed out (https://eastus.livediagnostics.monitor.azure.com/QuickPulseService.svc) (1 times)
2024-10-03 16:16:47.540+01:00 WARN  c.a.m.o.e.i.p.TelemetryPipeline - In the last 5 minutes, the following operation has failed 1 times (out of 6): Sending telemetry to the ingestion service:
 * Operation timed out (https://eastus-8.in.applicationinsights.azure.com/v2.1/track) (telemetry will be stored to disk and retried) (1 times)
2024-10-03 16:20:21.942+01:00 WARN  c.a.m.o.e.i.p.TelemetryPipeline - In the last 5 minutes, the following operation has failed 2 times (out of 3): Sending telemetry to the ingestion service (retry from disk):
 * Channel response timed out after 60000 milliseconds. (https://eastus-8.in.applicationinsights.azure.com/v2.1/track) (will be retried again) (1 times)
 * Operation timed out (https://eastus-8.in.applicationinsights.azure.com/v2.1/track) (will be retried again) (1 times)
2024-10-03 19:58:15.505+01:00 WARN  c.a.m.o.e.i.p.TelemetryPipeline - In the last 5 minutes, the following operation has failed 3 times (out of 4): Sending telemetry to the ingestion service (retry from disk):
 * Connection reset (https://eastus-8.in.applicationinsights.azure.com/v2.1/track) (will be retried again) (3 times)
2024-10-03 20:32:46.211+01:00 WARN  c.a.m.o.e.i.q.QuickPulsePingSender - In the last 5 minutes, the following operation has failed 9 times (out of 53): Pinging live metrics endpoint:
 * java.net.SocketException: Connection reset (https://eastus.livediagnostics.monitor.azure.com/QuickPulseService.svc) (9 times)
2024-10-03 20:59:01.027+01:00 WARN  c.a.m.o.e.i.p.TelemetryPipeline - In the last 5 minutes, the following operation has failed 3 times (out of 6): Sending telemetry to the ingestion service:
 * Connection reset (https://eastus-8.in.applicationinsights.azure.com/v2.1/track) (telemetry will be stored to disk and retried) (3 times)
2024-10-03 22:46:47.709+01:00 WARN  c.a.m.o.e.i.p.TelemetryPipeline - In the last 5 minutes, the following operation has failed 1 times (out of 5): Sending telemetry to the ingestion service (retry from disk):
 * Connection reset (https://eastus-8.in.applicationinsights.azure.com/v2.1/track) (will be retried again) (1 times)
2024-10-03 23:16:27.871+01:00 WARN  c.a.m.o.e.i.q.QuickPulsePingSender - In the last 5 minutes, the following operation has failed 11 times (out of 53): Pinging live metrics endpoint:
 * java.net.SocketException: Connection reset (https://eastus.livediagnostics.monitor.azure.com/QuickPulseService.svc) (11 times)
2024-10-03 23:32:03.878+01:00 WARN  c.a.m.o.e.i.p.TelemetryPipeline - In the last 5 minutes, the following operation has failed 4 times (out of 5): Sending telemetry to the ingestion service:
 * Connection reset (https://eastus-8.in.applicationinsights.azure.com/v2.1/track) (telemetry will be stored to disk and retried) (4 times)
2024-10-04 00:51:29.864+01:00 WARN  c.a.m.o.e.i.p.TelemetryPipeline - In the last 5 minutes, the following operation has failed 1 times (out of 4): Sending telemetry to the ingestion service (retry from disk):
 * Operation timed out (https://eastus-8.in.applicationinsights.azure.com/v2.1/track) (will be retried again) (1 times)
2024-10-04 01:04:03.356+01:00 WARN  c.a.m.o.e.i.q.QuickPulsePingSender - In the last 5 minutes, the following operation has failed 4 times (out of 31): Pinging live metrics endpoint:
 * java.io.IOException: Operation timed out (https://eastus.livediagnostics.monitor.azure.com/QuickPulseService.svc) (2 times)
 * java.net.SocketException: Connection reset (https://eastus.livediagnostics.monitor.azure.com/QuickPulseService.svc) (2 times)
2024-10-04 01:20:03.577+01:00 WARN  c.a.m.o.e.i.p.TelemetryPipeline - In the last 5 minutes, the following operation has failed 2 times (out of 5): Sending telemetry to the ingestion service:
 * Connection reset (https://eastus-8.in.applicationinsights.azure.com/v2.1/track) (telemetry will be stored to disk and retried) (1 times)
 * Channel response timed out after 60000 milliseconds. (https://eastus-8.in.applicationinsights.azure.com/v2.1/track) (telemetry will be stored to disk and retried) (1 times)
2024-10-04 02:16:57.082+01:00 WARN  c.a.m.o.e.i.p.TelemetryPipeline - In the last 5 minutes, the following operation has failed 2 times (out of 5): Sending telemetry to the ingestion service (retry from disk):
 * Operation timed out (https://eastus-8.in.applicationinsights.azure.com/v2.1/track) (will be retried again) (2 times)
2024-10-04 02:17:47.388+01:00 WARN  c.a.m.o.e.i.q.QuickPulsePingSender - In the last 5 minutes, the following operation has failed 5 times (out of 31): Pinging live metrics endpoint:
 * java.net.SocketException: Connection reset (https://eastus.livediagnostics.monitor.azure.com/QuickPulseService.svc) (2 times)
 * java.util.concurrent.TimeoutException: Channel response timed out after 60000 milliseconds. (https://eastus.livediagnostics.monitor.azure.com/QuickPulseService.svc) (2 times)
 * java.io.IOException: Operation timed out (https://eastus.livediagnostics.monitor.azure.com/QuickPulseService.svc) (1 times)
2024-10-04 02:18:22.681+01:00 WARN  c.a.m.o.e.i.p.TelemetryPipeline - In the last 5 minutes, the following operation has failed 2 times (out of 6): Sending telemetry to the ingestion service:
 * Connection reset (https://eastus-8.in.applicationinsights.azure.com/v2.1/track) (telemetry will be stored to disk and retried) (1 times)
 * Operation timed out (https://eastus-8.in.applicationinsights.azure.com/v2.1/track) (telemetry will be stored to disk and retried) (1 times)
2024-10-04 03:17:45.574+01:00 WARN  c.a.m.o.e.i.p.TelemetryPipeline - In the last 5 minutes, the following operation has failed 1 times (out of 2): Sending telemetry to the ingestion service (retry from disk):
 * Connection reset (https://eastus-8.in.applicationinsights.azure.com/v2.1/track) (will be retried again) (1 times)
2024-10-04 03:34:04.287+01:00 WARN  c.a.m.o.e.i.q.QuickPulsePingSender - In the last 5 minutes, the following operation has failed 2 times (out of 57): Pinging live metrics endpoint:
 * java.net.SocketException: Connection reset (https://eastus.livediagnostics.monitor.azure.com/QuickPulseService.svc) (2 times)
2024-10-04 03:34:39.589+01:00 WARN  c.a.m.o.e.i.p.TelemetryPipeline - In the last 5 minutes, the following operation has failed 2 times (out of 5): Sending telemetry to the ingestion service:
 * Connection reset (https://eastus-8.in.applicationinsights.azure.com/v2.1/track) (telemetry will be stored to disk and retried) (2 times)
2024-10-04 04:58:48.139+01:00 WARN  c.a.m.o.e.i.q.QuickPulsePingSender - In the last 5 minutes, the following operation has failed 2 times (out of 47): Pinging live metrics endpoint:
 * java.io.IOException: Operation timed out (https://eastus.livediagnostics.monitor.azure.com/QuickPulseService.svc) (1 times)
 * java.net.SocketException: Connection reset (https://eastus.livediagnostics.monitor.azure.com/QuickPulseService.svc) (1 times)
2024-10-04 04:59:23.441+01:00 WARN  c.a.m.o.e.i.p.TelemetryPipeline - In the last 5 minutes, the following operation has failed 2 times (out of 5): Sending telemetry to the ingestion service:
 * Connection reset (https://eastus-8.in.applicationinsights.azure.com/v2.1/track) (telemetry will be stored to disk and retried) (2 times)
2024-10-04 05:43:12.778+01:00 WARN  c.a.m.o.e.i.q.QuickPulsePingSender - In the last 5 minutes, the following operation has failed 2 times (out of 57): Pinging live metrics endpoint:
 * java.net.SocketException: Connection reset (https://eastus.livediagnostics.monitor.azure.com/QuickPulseService.svc) (2 times)
2024-10-04 05:59:08.999+01:00 WARN  c.a.m.o.e.i.p.TelemetryPipeline - In the last 5 minutes, the following operation has failed 2 times (out of 6): Sending telemetry to the ingestion service:
 * Connection reset (https://eastus-8.in.applicationinsights.azure.com/v2.1/track) (telemetry will be stored to disk and retried) (2 times)
2024-10-04 06:04:53.300+01:00 WARN  c.a.m.o.e.i.q.QuickPulsePingSender - In the last 5 minutes, the following operation has failed 1 times (out of 58): Pinging live metrics endpoint:
 * java.net.SocketException: Connection reset (https://eastus.livediagnostics.monitor.azure.com/QuickPulseService.svc) (1 times)
2024-10-04 06:05:28.599+01:00 WARN  c.a.m.o.e.i.p.TelemetryPipeline - In the last 5 minutes, the following operation has failed 1 times (out of 5): Sending telemetry to the ingestion service:
 * Connection reset (https://eastus-8.in.applicationinsights.azure.com/v2.1/track) (telemetry will be stored to disk and retried) (1 times)
2024-10-04 07:40:53.298+01:00 WARN  c.a.m.o.e.i.q.QuickPulsePingSender - In the last 5 minutes, the following operation has failed 1 times (out of 58): Pinging live metrics endpoint:
 * java.net.SocketException: Connection reset (https://eastus.livediagnostics.monitor.azure.com/QuickPulseService.svc) (1 times)
2024-10-04 07:44:28.432+01:00 WARN  c.a.m.o.e.i.p.TelemetryPipeline - In the last 5 minutes, the following operation has failed 1 times (out of 5): Sending telemetry to the ingestion service:
 * Connection reset (https://eastus-8.in.applicationinsights.azure.com/v2.1/track) (telemetry will be stored to disk and retried) (1 times)
2024-10-04 07:48:02.834+01:00 WARN  c.a.m.o.e.i.p.TelemetryPipeline - In the last 5 minutes, the following operation has failed 1 times (out of 2): Sending telemetry to the ingestion service (retry from disk):
 * Connection reset (https://eastus-8.in.applicationinsights.azure.com/v2.1/track) (will be retried again) (1 times)
2024-10-04 07:48:53.130+01:00 WARN  c.a.m.o.e.i.q.QuickPulsePingSender - In the last 5 minutes, the following operation has failed 1 times (out of 57): Pinging live metrics endpoint:
 * java.net.SocketException: Connection reset (https://eastus.livediagnostics.monitor.azure.com/QuickPulseService.svc) (1 times)
2024-10-04 12:58:32.999+01:00 WARN  c.a.m.o.e.i.p.TelemetryPipeline - In the last 5 minutes, the following operation has failed 1 times (out of 1): Sending telemetry to the ingestion service (retry from disk):
 * Connection reset (https://eastus-8.in.applicationinsights.azure.com/v2.1/track) (will be retried again) (1 times)
2024-10-04 12:59:23.295+01:00 WARN  c.a.m.o.e.i.q.QuickPulsePingSender - In the last 5 minutes, the following operation has failed 4 times (out of 58): Pinging live metrics endpoint:
 * java.net.SocketException: Connection reset (https://eastus.livediagnostics.monitor.azure.com/QuickPulseService.svc) (4 times)
2024-10-04 12:59:58.599+01:00 WARN  c.a.m.o.e.i.p.TelemetryPipeline - In the last 5 minutes, the following operation has failed 1 times (out of 5): Sending telemetry to the ingestion service:
 * Connection reset (https://eastus-8.in.applicationinsights.azure.com/v2.1/track) (telemetry will be stored to disk and retried) (1 times)
2024-10-04 14:18:38.224+01:00 WARN  c.a.m.o.e.i.p.TelemetryPipeline - In the last 5 minutes, the following operation has failed 1 times (out of 1): Sending telemetry to the ingestion service (retry from disk):
 * Connection reset (https://eastus-8.in.applicationinsights.azure.com/v2.1/track) (will be retried again) (1 times)
2024-10-04 14:22:43.045+01:00 WARN  c.a.m.o.e.i.q.QuickPulsePingSender - In the last 5 minutes, the following operation has failed 2 times (out of 58): Pinging live metrics endpoint:
 * java.net.SocketException: Connection reset (https://eastus.livediagnostics.monitor.azure.com/QuickPulseService.svc) (2 times)
2024-10-04 14:23:18.348+01:00 WARN  c.a.m.o.e.i.p.TelemetryPipeline - In the last 5 minutes, the following operation has failed 1 times (out of 6): Sending telemetry to the ingestion service:
 * Connection reset (https://eastus-8.in.applicationinsights.azure.com/v2.1/track) (telemetry will be stored to disk and retried) (1 times)
2024-10-04 14:38:18.361+01:00 WARN  c.a.m.o.e.i.p.TelemetryPipeline - In the last 5 minutes, the following operation has failed 1 times (out of 6): Sending telemetry to the ingestion service:
 * Connection reset (https://eastus-8.in.applicationinsights.azure.com/v2.1/track) (telemetry will be stored to disk and retried) (1 times)
2024-10-04 18:03:18.477+01:00 WARN  c.a.m.o.e.i.p.TelemetryPipeline - In the last 5 minutes, the following operation has failed 1 times (out of 6): Sending telemetry to the ingestion service:
 * Operation timed out (https://eastus-8.in.applicationinsights.azure.com/v2.1/track) (telemetry will be stored to disk and retried) (1 times)
2024-10-04 18:33:18.467+01:00 WARN  c.a.m.o.e.i.p.TelemetryPipeline - In the last 5 minutes, the following operation has failed 1 times (out of 5): Sending telemetry to the ingestion service:
 * Connection reset (https://eastus-8.in.applicationinsights.azure.com/v2.1/track) (telemetry will be stored to disk and retried) (1 times)
2024-10-04 19:57:37.651+01:00 WARN  c.a.m.o.e.i.p.TelemetryPipeline - In the last 5 minutes, the following operation has failed 1 times (out of 1): Sending telemetry to the ingestion service (retry from disk):
 * Connection reset (https://eastus-8.in.applicationinsights.azure.com/v2.1/track) (will be retried again) (1 times)
2024-10-04 19:58:27.949+01:00 WARN  c.a.m.o.e.i.q.QuickPulsePingSender - In the last 5 minutes, the following operation has failed 2 times (out of 57): Pinging live metrics endpoint:
 * java.net.SocketException: Connection reset (https://eastus.livediagnostics.monitor.azure.com/QuickPulseService.svc) (2 times)
2024-10-04 19:59:03.271+01:00 WARN  c.a.m.o.e.i.p.TelemetryPipeline - In the last 5 minutes, the following operation has failed 1 times (out of 6): Sending telemetry to the ingestion service:
 * Connection reset (https://eastus-8.in.applicationinsights.azure.com/v2.1/track) (telemetry will be stored to disk and retried) (1 times)
2024-10-05 01:07:59.677+01:00 WARN  c.a.m.o.e.i.p.TelemetryPipeline - In the last 5 minutes, the following operation has failed 1 times (out of 4): Sending telemetry to the ingestion service (retry from disk):
 * Connection reset (https://eastus-8.in.applicationinsights.azure.com/v2.1/track) (will be retried again) (1 times)
2024-10-05 02:08:47.515+01:00 WARN  c.a.m.o.e.i.q.QuickPulsePingSender - In the last 5 minutes, the following operation has failed 11 times (out of 56): Pinging live metrics endpoint:
 * java.net.SocketException: Connection reset (https://eastus.livediagnostics.monitor.azure.com/QuickPulseService.svc) (11 times)
2024-10-05 03:09:37.253+01:00 WARN  c.a.m.o.e.i.p.TelemetryPipeline - In the last 5 minutes, the following operation has failed 4 times (out of 5): Sending telemetry to the ingestion service:
 * Connection reset (https://eastus-8.in.applicationinsights.azure.com/v2.1/track) (telemetry will be stored to disk and retried) (4 times)
2024-10-05 05:12:04.719+01:00 WARN  c.a.m.o.e.i.p.TelemetryPipeline - In the last 5 minutes, the following operation has failed 1 times (out of 5): Sending telemetry to the ingestion service (retry from disk):
 * Connection reset (https://eastus-8.in.applicationinsights.azure.com/v2.1/track) (will be retried again) (1 times)
2024-10-05 05:46:12.680+01:00 WARN  c.a.m.o.e.i.q.QuickPulsePingSender - In the last 5 minutes, the following operation has failed 9 times (out of 49): Pinging live metrics endpoint:
 * java.net.SocketException: Connection reset (https://eastus.livediagnostics.monitor.azure.com/QuickPulseService.svc) (9 times)
2024-10-05 05:46:48.000+01:00 WARN  c.a.m.o.e.i.p.TelemetryPipeline - In the last 5 minutes, the following operation has failed 5 times (out of 6): Sending telemetry to the ingestion service:
 * Connection reset (https://eastus-8.in.applicationinsights.azure.com/v2.1/track) (telemetry will be stored to disk and retried) (5 times)
2024-10-05 09:31:48.143+01:00 WARN  c.a.m.o.e.i.p.TelemetryPipeline - In the last 5 minutes, the following operation has failed 1 times (out of 6): Sending telemetry to the ingestion service:
 * Connection reset (https://eastus-8.in.applicationinsights.azure.com/v2.1/track) (telemetry will be stored to disk and retried) (1 times)
2024-10-05 11:26:48.211+01:00 WARN  c.a.m.o.e.i.p.TelemetryPipeline - In the last 5 minutes, the following operation has failed 1 times (out of 5): Sending telemetry to the ingestion service:
 * Connection reset (https://eastus-8.in.applicationinsights.azure.com/v2.1/track) (telemetry will be stored to disk and retried) (1 times)
2024-10-05 22:56:27.838+01:00 WARN  c.a.m.o.e.i.q.QuickPulsePingSender - In the last 5 minutes, the following operation has failed 4 times (out of 57): Pinging live metrics endpoint:
 * java.net.SocketException: Connection reset (https://eastus.livediagnostics.monitor.azure.com/QuickPulseService.svc) (4 times)
2024-10-05 23:57:28.479+01:00 WARN  c.a.m.o.e.i.p.TelemetryPipeline - In the last 5 minutes, the following operation has failed 1 times (out of 5): Sending telemetry to the ingestion service:
 * Connection reset (https://eastus-8.in.applicationinsights.azure.com/v2.1/track) (telemetry will be stored to disk and retried) (1 times)
2024-10-06 03:00:27.123+01:00 WARN  c.a.m.o.e.i.p.TelemetryPipeline - In the last 5 minutes, the following operation has failed 1 times (out of 4): Sending telemetry to the ingestion service (retry from disk):
 * Connection reset (https://eastus-8.in.applicationinsights.azure.com/v2.1/track) (will be retried again) (1 times)
2024-10-06 03:17:17.501+01:00 WARN  c.a.m.o.e.i.q.QuickPulsePingSender - In the last 5 minutes, the following operation has failed 10 times (out of 36): Pinging live metrics endpoint:
 * java.net.SocketException: Connection reset (https://eastus.livediagnostics.monitor.azure.com/QuickPulseService.svc) (7 times)
 * java.io.IOException: Operation timed out (https://eastus.livediagnostics.monitor.azure.com/QuickPulseService.svc) (1 times)
 * io.netty.channel.ConnectTimeoutException: connection timed out after 10000 ms: eastus.livediagnostics.monitor.azure.com/10.0.0.1:443 (https://eastus.livediagnostics.monitor.azure.com/QuickPulseService.svc) (1 times)
 * io.netty.channel.AbstractChannel$AnnotatedSocketException: Network is unreachable: eastus.livediagnostics.monitor.azure.com/10.0.0.1:443 (https://eastus.livediagnostics.monitor.azure.com/QuickPulseService.svc) (1 times)
2024-10-06 03:17:52.814+01:00 WARN  c.a.m.o.e.i.p.TelemetryPipeline - In the last 5 minutes, the following operation has failed 3 times (out of 5): Sending telemetry to the ingestion service:
 * Connection reset (https://eastus-8.in.applicationinsights.azure.com/v2.1/track) (telemetry will be stored to disk and retried) (2 times)
 * Channel response timed out after 60000 milliseconds. (https://eastus-8.in.applicationinsights.azure.com/v2.1/track) (telemetry will be stored to disk and retried) (1 times)
2024-10-06 03:21:27.222+01:00 WARN  c.a.m.o.e.i.p.TelemetryPipeline - In the last 5 minutes, the following operation has failed 1 times (out of 3): Sending telemetry to the ingestion service (retry from disk):
 * Connection reset (https://eastus-8.in.applicationinsights.azure.com/v2.1/track) (will be retried again) (1 times)
2024-10-06 04:12:17.567+01:00 WARN  c.a.m.o.e.i.q.QuickPulsePingSender - In the last 5 minutes, the following operation has failed 1 times (out of 30): Pinging live metrics endpoint:
 * java.io.IOException: Operation timed out (https://eastus.livediagnostics.monitor.azure.com/QuickPulseService.svc) (1 times)
2024-10-06 04:12:52.873+01:00 WARN  c.a.m.o.e.i.p.TelemetryPipeline - In the last 5 minutes, the following operation has failed 1 times (out of 3): Sending telemetry to the ingestion service:
 * Operation timed out (https://eastus-8.in.applicationinsights.azure.com/v2.1/track) (telemetry will be stored to disk and retried) (1 times)
2024-10-06 04:16:27.280+01:00 WARN  c.a.m.o.e.i.p.TelemetryPipeline - In the last 5 minutes, the following operation has failed 1 times (out of 1): Sending telemetry to the ingestion service (retry from disk):
 * Operation timed out (https://eastus-8.in.applicationinsights.azure.com/v2.1/track) (will be retried again) (1 times)
2024-10-06 04:17:17.573+01:00 WARN  c.a.m.o.e.i.q.QuickPulsePingSender - In the last 5 minutes, the following operation has failed 1 times (out of 1): Pinging live metrics endpoint:
 * io.netty.channel.AbstractChannel$AnnotatedSocketException: Network is unreachable: eastus.livediagnostics.monitor.azure.com/10.0.0.1:443 (https://eastus.livediagnostics.monitor.azure.com/QuickPulseService.svc) (1 times)
2024-10-06 04:17:52.879+01:00 WARN  c.a.m.o.e.i.p.TelemetryPipeline - In the last 5 minutes, the following operation has failed 2 times (out of 2): Sending telemetry to the ingestion service:
 * Network is unreachable: eastus-8.in.applicationinsights.azure.com/10.0.0.1:443 (https://eastus-8.in.applicationinsights.azure.com/v2.1/track) (telemetry will be stored to disk and retried) (2 times)
2024-10-06 04:21:27.286+01:00 WARN  c.a.m.o.e.i.p.TelemetryPipeline - In the last 5 minutes, the following operation has failed 2 times (out of 9): Sending telemetry to the ingestion service (retry from disk):
 * Network is unreachable: eastus-8.in.applicationinsights.azure.com/10.0.0.1:443 (https://eastus-8.in.applicationinsights.azure.com/v2.1/track) (will be retried again) (2 times)
2024-10-06 07:27:17.671+01:00 WARN  c.a.m.o.e.i.q.QuickPulsePingSender - In the last 5 minutes, the following operation has failed 3 times (out of 17): Pinging live metrics endpoint:
 * io.netty.channel.ConnectTimeoutException: connection timed out after 10000 ms: eastus.livediagnostics.monitor.azure.com/10.0.0.1:443 (https://eastus.livediagnostics.monitor.azure.com/QuickPulseService.svc) (2 times)
 * java.io.IOException: Operation timed out (https://eastus.livediagnostics.monitor.azure.com/QuickPulseService.svc) (1 times)
2024-10-06 07:27:52.977+01:00 WARN  c.a.m.o.e.i.p.TelemetryPipeline - In the last 5 minutes, the following operation has failed 2 times (out of 3): Sending telemetry to the ingestion service:
 * Operation timed out (https://eastus-8.in.applicationinsights.azure.com/v2.1/track) (telemetry will be stored to disk and retried) (2 times)
2024-10-07 00:47:58.430+01:00 WARN  c.a.m.o.e.i.q.QuickPulsePingSender - In the last 5 minutes, the following operation has failed 10 times (out of 57): Pinging live metrics endpoint:
 * java.net.SocketException: Connection reset (https://eastus.livediagnostics.monitor.azure.com/QuickPulseService.svc) (10 times)
2024-10-07 01:48:30.504+01:00 WARN  c.a.m.o.e.i.p.TelemetryPipeline - In the last 5 minutes, the following operation has failed 4 times (out of 6): Sending telemetry to the ingestion service:
 * Connection reset (https://eastus-8.in.applicationinsights.azure.com/v2.1/track) (telemetry will be stored to disk and retried) (4 times)
2024-10-07 02:45:51.860+01:00 WARN  c.a.m.o.e.i.q.QuickPulsePingSender - In the last 5 minutes, the following operation has failed 4 times (out of 57): Pinging live metrics endpoint:
 * java.net.SocketException: Connection reset (https://eastus.livediagnostics.monitor.azure.com/QuickPulseService.svc) (4 times)
2024-10-07 02:46:27.159+01:00 WARN  c.a.m.o.e.i.p.TelemetryPipeline - In the last 5 minutes, the following operation has failed 2 times (out of 5): Sending telemetry to the ingestion service:
 * Connection reset (https://eastus-8.in.applicationinsights.azure.com/v2.1/track) (telemetry will be stored to disk and retried) (2 times)
2024-10-07 03:36:53.542+01:00 WARN  c.a.m.o.e.i.p.TelemetryPipeline - In the last 5 minutes, the following operation has failed 1 times (out of 2): Sending telemetry to the ingestion service (retry from disk):
 * Connection reset (https://eastus-8.in.applicationinsights.azure.com/v2.1/track) (will be retried again) (1 times)
2024-10-07 03:37:43.840+01:00 WARN  c.a.m.o.e.i.q.QuickPulsePingSender - In the last 5 minutes, the following operation has failed 1 times (out of 58): Pinging live metrics endpoint:
 * java.net.SocketException: Connection reset (https://eastus.livediagnostics.monitor.azure.com/QuickPulseService.svc) (1 times)
2024-10-07 03:38:19.140+01:00 WARN  c.a.m.o.e.i.p.TelemetryPipeline - In the last 5 minutes, the following operation has failed 1 times (out of 5): Sending telemetry to the ingestion service:
 * Connection reset (https://eastus-8.in.applicationinsights.azure.com/v2.1/track) (telemetry will be stored to disk and retried) (1 times)
2024-10-07 04:43:57.200+01:00 WARN  c.a.m.o.e.i.p.TelemetryPipeline - In the last 5 minutes, the following operation has failed 1 times (out of 1): Sending telemetry to the ingestion service (retry from disk):
 * Connection reset (https://eastus-8.in.applicationinsights.azure.com/v2.1/track) (will be retried again) (1 times)
2024-10-07 04:58:14.171+01:00 WARN  c.a.m.o.e.i.q.QuickPulsePingSender - In the last 5 minutes, the following operation has failed 3 times (out of 58): Pinging live metrics endpoint:
 * java.net.SocketException: Connection reset (https://eastus.livediagnostics.monitor.azure.com/QuickPulseService.svc) (3 times)
2024-10-07 04:58:49.470+01:00 WARN  c.a.m.o.e.i.p.TelemetryPipeline - In the last 5 minutes, the following operation has failed 2 times (out of 6): Sending telemetry to the ingestion service:
 * Connection reset (https://eastus-8.in.applicationinsights.azure.com/v2.1/track) (telemetry will be stored to disk and retried) (2 times)
2024-10-07 06:11:40.650+01:00 WARN  c.a.m.o.e.i.p.TelemetryPipeline - In the last 5 minutes, the following operation has failed 1 times (out of 4): Sending telemetry to the ingestion service (retry from disk):
 * Connection reset (https://eastus-8.in.applicationinsights.azure.com/v2.1/track) (will be retried again) (1 times)
2024-10-07 06:12:30.948+01:00 WARN  c.a.m.o.e.i.q.QuickPulsePingSender - In the last 5 minutes, the following operation has failed 4 times (out of 57): Pinging live metrics endpoint:
 * java.net.SocketException: Connection reset (https://eastus.livediagnostics.monitor.azure.com/QuickPulseService.svc) (4 times)
2024-10-07 06:13:06.245+01:00 WARN  c.a.m.o.e.i.p.TelemetryPipeline - In the last 5 minutes, the following operation has failed 3 times (out of 5): Sending telemetry to the ingestion service:
 * Connection reset (https://eastus-8.in.applicationinsights.azure.com/v2.1/track) (telemetry will be stored to disk and retried) (3 times)
2024-10-07 11:44:26.226+01:00 WARN  c.a.m.o.e.i.q.QuickPulsePingSender - In the last 5 minutes, the following operation has failed 1 times (out of 57): Pinging live metrics endpoint:
 * java.net.SocketException: Connection reset (https://eastus.livediagnostics.monitor.azure.com/QuickPulseService.svc) (1 times)
2024-10-07 11:45:01.516+01:00 WARN  c.a.m.o.e.i.p.TelemetryPipeline - In the last 5 minutes, the following operation has failed 2 times (out of 6): Sending telemetry to the ingestion service:
 * Connection reset (https://eastus-8.in.applicationinsights.azure.com/v2.1/track) (telemetry will be stored to disk and retried) (2 times)
2024-10-07 14:40:21.409+01:00 WARN  c.a.m.o.e.i.p.TelemetryPipeline - In the last 5 minutes, the following operation has failed 1 times (out of 2): Sending telemetry to the ingestion service (retry from disk):
 * Connection reset (https://eastus-8.in.applicationinsights.azure.com/v2.1/track) (will be retried again) (1 times)
2024-10-07 14:41:11.704+01:00 WARN  c.a.m.o.e.i.q.QuickPulsePingSender - In the last 5 minutes, the following operation has failed 2 times (out of 57): Pinging live metrics endpoint:
 * java.net.SocketException: Connection reset (https://eastus.livediagnostics.monitor.azure.com/QuickPulseService.svc) (2 times)
2024-10-07 14:41:47.008+01:00 WARN  c.a.m.o.e.i.p.TelemetryPipeline - In the last 5 minutes, the following operation has failed 1 times (out of 5): Sending telemetry to the ingestion service:
 * Connection reset (https://eastus-8.in.applicationinsights.azure.com/v2.1/track) (telemetry will be stored to disk and retried) (1 times)
2024-10-07 17:02:59.332+01:00 WARN  c.a.m.o.e.i.p.TelemetryPipeline - In the last 5 minutes, the following operation has failed 1 times (out of 2): Sending telemetry to the ingestion service (retry from disk):
 * Connection reset (https://eastus-8.in.applicationinsights.azure.com/v2.1/track) (will be retried again) (1 times)
2024-10-07 17:03:49.627+01:00 WARN  c.a.m.o.e.i.q.QuickPulsePingSender - In the last 5 minutes, the following operation has failed 1 times (out of 58): Pinging live metrics endpoint:
 * java.net.SocketException: Connection reset (https://eastus.livediagnostics.monitor.azure.com/QuickPulseService.svc) (1 times)
2024-10-07 17:04:24.934+01:00 WARN  c.a.m.o.e.i.p.TelemetryPipeline - In the last 5 minutes, the following operation has failed 1 times (out of 5): Sending telemetry to the ingestion service:
 * Connection reset (https://eastus-8.in.applicationinsights.azure.com/v2.1/track) (telemetry will be stored to disk and retried) (1 times)
2024-10-07 17:40:10.688+01:00 WARN  c.a.m.o.e.i.p.TelemetryPipeline - In the last 5 minutes, the following operation has failed 1 times (out of 5): Sending telemetry to the ingestion service:
 * Connection reset (https://eastus-8.in.applicationinsights.azure.com/v2.1/track) (telemetry will be stored to disk and retried) (1 times)
2024-10-07 17:50:10.692+01:00 WARN  c.a.m.o.e.i.p.TelemetryPipeline - In the last 5 minutes, the following operation has failed 1 times (out of 5): Sending telemetry to the ingestion service:
 * Connection reset (https://eastus-8.in.applicationinsights.azure.com/v2.1/track) (telemetry will be stored to disk and retried) (1 times)
2024-10-07 18:19:11.224+01:00 WARN  c.a.m.o.e.i.q.QuickPulsePingSender - In the last 5 minutes, the following operation has failed 2 times (out of 58): Pinging live metrics endpoint:
 * java.net.SocketException: Connection reset (https://eastus.livediagnostics.monitor.azure.com/QuickPulseService.svc) (2 times)
2024-10-07 18:19:46.535+01:00 WARN  c.a.m.o.e.i.p.TelemetryPipeline - In the last 5 minutes, the following operation has failed 2 times (out of 5): Sending telemetry to the ingestion service:
 * Connection reset (https://eastus-8.in.applicationinsights.azure.com/v2.1/track) (telemetry will be stored to disk and retried) (2 times)
2024-10-07 19:15:37.469+01:00 WARN  c.a.m.o.e.i.p.TelemetryPipeline - In the last 5 minutes, the following operation has failed 1 times (out of 6): Sending telemetry to the ingestion service:
 * Connection reset (https://eastus-8.in.applicationinsights.azure.com/v2.1/track) (telemetry will be stored to disk and retried) (1 times)
2024-10-07 23:34:56.145+01:00 WARN  c.a.m.o.e.i.p.TelemetryPipeline - In the last 5 minutes, the following operation has failed 1 times (out of 3): Sending telemetry to the ingestion service (retry from disk):
 * Connection reset (https://eastus-8.in.applicationinsights.azure.com/v2.1/track) (will be retried again) (1 times)
2024-10-08 00:35:44.213+01:00 WARN  c.a.m.o.e.i.q.QuickPulsePingSender - In the last 5 minutes, the following operation has failed 10 times (out of 57): Pinging live metrics endpoint:
 * java.net.SocketException: Connection reset (https://eastus.livediagnostics.monitor.azure.com/QuickPulseService.svc) (10 times)
2024-10-08 01:21:46.048+01:00 WARN  c.a.m.o.e.i.p.TelemetryPipeline - In the last 5 minutes, the following operation has failed 4 times (out of 5): Sending telemetry to the ingestion service:
 * Connection reset (https://eastus-8.in.applicationinsights.azure.com/v2.1/track) (telemetry will be stored to disk and retried) (4 times)
2024-10-08 06:04:36.545+01:00 WARN  c.a.m.o.e.i.q.QuickPulsePingSender - In the last 5 minutes, the following operation has failed 1 times (out of 2): Pinging live metrics endpoint:
 * java.net.SocketException: Connection reset (https://eastus.livediagnostics.monitor.azure.com/QuickPulseService.svc) (1 times)
2024-10-08 06:46:44.498+01:00 WARN  c.a.m.o.e.i.p.TelemetryPipeline - In the last 5 minutes, the following operation has failed 1 times (out of 6): Sending telemetry to the ingestion service (retry from disk):
 * Channel response timed out after 60000 milliseconds. (https://eastus-8.in.applicationinsights.azure.com/v2.1/track) (will be retried again) (1 times)
2024-10-08 06:47:34.793+01:00 WARN  c.a.m.o.e.i.q.QuickPulsePingSender - In the last 5 minutes, the following operation has failed 1 times (out of 45): Pinging live metrics endpoint:
 * java.util.concurrent.TimeoutException: Channel response timed out after 60000 milliseconds. (https://eastus.livediagnostics.monitor.azure.com/QuickPulseService.svc) (1 times)
2024-10-08 08:23:10.214+01:00 WARN  c.a.m.o.e.i.p.TelemetryPipeline - In the last 5 minutes, the following operation has failed 1 times (out of 5): Sending telemetry to the ingestion service:
 * Connection reset (https://eastus-8.in.applicationinsights.azure.com/v2.1/track) (telemetry will be stored to disk and retried) (1 times)
2024-10-08 18:06:10.587+01:00 WARN  c.a.m.o.e.i.p.TelemetryPipeline - In the last 5 minutes, the following operation has failed 1 times (out of 1): Sending telemetry to the ingestion service (retry from disk):
 * Operation timed out (https://eastus-8.in.applicationinsights.azure.com/v2.1/track) (will be retried again) (1 times)
2024-10-08 18:33:20.175+01:00 WARN  c.a.m.o.e.i.q.QuickPulsePingSender - In the last 5 minutes, the following operation has failed 1 times (out of 28): Pinging live metrics endpoint:
 * java.io.IOException: Operation timed out (https://eastus.livediagnostics.monitor.azure.com/QuickPulseService.svc) (1 times)
2024-10-08 18:33:55.494+01:00 WARN  c.a.m.o.e.i.p.TelemetryPipeline - In the last 5 minutes, the following operation has failed 1 times (out of 3): Sending telemetry to the ingestion service:
 * Operation timed out (https://eastus-8.in.applicationinsights.azure.com/v2.1/track) (telemetry will be stored to disk and retried) (1 times)
2024-10-08 18:37:29.977+01:00 WARN  c.a.m.o.e.i.p.TelemetryPipeline - In the last 5 minutes, the following operation has failed 1 times (out of 4): Sending telemetry to the ingestion service (retry from disk):
 * Channel response timed out after 60000 milliseconds. (https://eastus-8.in.applicationinsights.azure.com/v2.1/track) (will be retried again) (1 times)
2024-10-08 19:42:30.608+01:00 WARN  c.a.m.o.e.i.p.TelemetryPipeline - In the last 5 minutes, the following operation has failed 1 times (out of 1): Sending telemetry to the ingestion service (retry from disk):
 * Connection reset (https://eastus-8.in.applicationinsights.azure.com/v2.1/track) (will be retried again) (1 times)
2024-10-08 19:58:20.919+01:00 WARN  c.a.m.o.e.i.q.QuickPulsePingSender - In the last 5 minutes, the following operation has failed 2 times (out of 56): Pinging live metrics endpoint:
 * java.net.SocketException: Connection reset (https://eastus.livediagnostics.monitor.azure.com/QuickPulseService.svc) (2 times)
2024-10-08 20:13:56.574+01:00 WARN  c.a.m.o.e.i.p.TelemetryPipeline - In the last 5 minutes, the following operation has failed 2 times (out of 6): Sending telemetry to the ingestion service:
 * Connection reset (https://eastus-8.in.applicationinsights.azure.com/v2.1/track) (telemetry will be stored to disk and retried) (2 times)
2024-10-08 21:59:35.849+01:00 WARN  c.a.m.o.e.i.q.QuickPulsePingSender - In the last 5 minutes, the following operation has failed 7 times (out of 55): Pinging live metrics endpoint:
 * java.net.SocketException: Connection reset (https://eastus.livediagnostics.monitor.azure.com/QuickPulseService.svc) (7 times)
2024-10-08 22:15:11.936+01:00 WARN  c.a.m.o.e.i.p.TelemetryPipeline - In the last 5 minutes, the following operation has failed 5 times (out of 5): Sending telemetry to the ingestion service:
 * Connection reset (https://eastus-8.in.applicationinsights.azure.com/v2.1/track) (telemetry will be stored to disk and retried) (5 times)
2024-10-09 00:16:45.812+01:00 WARN  c.a.m.o.e.i.q.QuickPulsePingSender - In the last 5 minutes, the following operation has failed 9 times (out of 55): Pinging live metrics endpoint:
 * java.net.SocketException: Connection reset (https://eastus.livediagnostics.monitor.azure.com/QuickPulseService.svc) (9 times)
2024-10-09 00:31:28.141+01:00 WARN  c.a.m.o.e.i.p.TelemetryPipeline - In the last 5 minutes, the following operation has failed 5 times (out of 5): Sending telemetry to the ingestion service:
 * Connection reset (https://eastus-8.in.applicationinsights.azure.com/v2.1/track) (telemetry will be stored to disk and retried) (5 times)
2024-10-09 03:04:12.742+01:00 WARN  c.a.m.o.e.i.q.QuickPulsePingSender - In the last 5 minutes, the following operation has failed 11 times (out of 55): Pinging live metrics endpoint:
 * java.net.SocketException: Connection reset (https://eastus.livediagnostics.monitor.azure.com/QuickPulseService.svc) (11 times)
2024-10-09 03:19:48.998+01:00 WARN  c.a.m.o.e.i.p.TelemetryPipeline - In the last 5 minutes, the following operation has failed 5 times (out of 6): Sending telemetry to the ingestion service:
 * Connection reset (https://eastus-8.in.applicationinsights.azure.com/v2.1/track) (telemetry will be stored to disk and retried) (5 times)
2024-10-09 04:24:01.500+01:00 WARN  c.a.m.o.e.i.q.QuickPulsePingSender - In the last 5 minutes, the following operation has failed 6 times (out of 56): Pinging live metrics endpoint:
 * java.net.SocketException: Connection reset (https://eastus.livediagnostics.monitor.azure.com/QuickPulseService.svc) (6 times)
2024-10-09 04:25:18.569+01:00 WARN  c.a.m.o.e.i.p.TelemetryPipeline - In the last 5 minutes, the following operation has failed 3 times (out of 5): Sending telemetry to the ingestion service:
 * Connection reset (https://eastus-8.in.applicationinsights.azure.com/v2.1/track) (telemetry will be stored to disk and retried) (3 times)
2024-10-09 04:45:08.061+01:00 WARN  c.a.m.o.e.i.q.QuickPulsePingSender - In the last 5 minutes, the following operation has failed 1 times (out of 56): Pinging live metrics endpoint:
 * java.net.SocketException: Connection reset (https://eastus.livediagnostics.monitor.azure.com/QuickPulseService.svc) (1 times)
2024-10-09 05:00:43.929+01:00 WARN  c.a.m.o.e.i.p.TelemetryPipeline - In the last 5 minutes, the following operation has failed 2 times (out of 5): Sending telemetry to the ingestion service:
 * Connection reset (https://eastus-8.in.applicationinsights.azure.com/v2.1/track) (telemetry will be stored to disk and retried) (2 times)
2024-10-09 08:10:17.612+01:00 WARN  c.a.m.o.e.i.q.QuickPulsePingSender - In the last 5 minutes, the following operation has failed 8 times (out of 47): Pinging live metrics endpoint:
 * java.net.SocketException: Connection reset (https://eastus.livediagnostics.monitor.azure.com/QuickPulseService.svc) (6 times)
 * java.io.IOException: Operation timed out (https://eastus.livediagnostics.monitor.azure.com/QuickPulseService.svc) (2 times)
2024-10-09 08:27:57.103+01:00 WARN  c.a.m.o.e.i.p.TelemetryPipeline - In the last 5 minutes, the following operation has failed 4 times (out of 6): Sending telemetry to the ingestion service:
 * Connection reset (https://eastus-8.in.applicationinsights.azure.com/v2.1/track) (telemetry will be stored to disk and retried) (2 times)
 * Channel response timed out after 60000 milliseconds. (https://eastus-8.in.applicationinsights.azure.com/v2.1/track) (telemetry will be stored to disk and retried) (1 times)
 * Operation timed out (https://eastus-8.in.applicationinsights.azure.com/v2.1/track) (telemetry will be stored to disk and retried) (1 times)
2024-10-09 08:32:34.882+01:00 WARN  c.a.m.o.e.i.p.TelemetryPipeline - In the last 5 minutes, the following operation has failed 1 times (out of 2): Sending telemetry to the ingestion service (retry from disk):
 * Channel response timed out after 60000 milliseconds. (https://eastus-8.in.applicationinsights.azure.com/v2.1/track) (will be retried again) (1 times)
2024-10-09 08:33:25.179+01:00 WARN  c.a.m.o.e.i.q.QuickPulsePingSender - In the last 5 minutes, the following operation has failed 1 times (out of 46): Pinging live metrics endpoint:
 * java.util.concurrent.TimeoutException: Channel response timed out after 60000 milliseconds. (https://eastus.livediagnostics.monitor.azure.com/QuickPulseService.svc) (1 times)
2024-10-09 09:29:11.311+01:00 WARN  c.a.m.o.e.i.q.QuickPulsePingSender - In the last 5 minutes, the following operation has failed 1 times (out of 47): Pinging live metrics endpoint:
 * java.io.IOException: Operation timed out (https://eastus.livediagnostics.monitor.azure.com/QuickPulseService.svc) (1 times)
2024-10-09 09:29:46.629+01:00 WARN  c.a.m.o.e.i.p.TelemetryPipeline - In the last 5 minutes, the following operation has failed 2 times (out of 5): Sending telemetry to the ingestion service:
 * Channel response timed out after 60000 milliseconds. (https://eastus-8.in.applicationinsights.azure.com/v2.1/track) (telemetry will be stored to disk and retried) (1 times)
 * Operation timed out (https://eastus-8.in.applicationinsights.azure.com/v2.1/track) (telemetry will be stored to disk and retried) (1 times)
2024-10-09 15:09:46.878+01:00 WARN  c.a.m.o.e.i.p.TelemetryPipeline - In the last 5 minutes, the following operation has failed 1 times (out of 6): Sending telemetry to the ingestion service:
 * Connection reset (https://eastus-8.in.applicationinsights.azure.com/v2.1/track) (telemetry will be stored to disk and retried) (1 times)
2024-10-09 16:12:36.255+01:00 WARN  c.a.m.o.e.i.q.QuickPulsePingSender - In the last 5 minutes, the following operation has failed 2 times (out of 35): Pinging live metrics endpoint:
 * java.io.IOException: Operation timed out (https://eastus.livediagnostics.monitor.azure.com/QuickPulseService.svc) (2 times)
2024-10-09 16:13:11.595+01:00 WARN  c.a.m.o.e.i.p.TelemetryPipeline - In the last 5 minutes, the following operation has failed 1 times (out of 5): Sending telemetry to the ingestion service:
 * Operation timed out (https://eastus-8.in.applicationinsights.azure.com/v2.1/track) (telemetry will be stored to disk and retried) (1 times)
2024-10-09 18:03:01.756+01:00 WARN  c.a.m.o.e.i.q.QuickPulsePingSender - In the last 5 minutes, the following operation has failed 1 times (out of 42): Pinging live metrics endpoint:
 * java.io.IOException: Operation timed out (https://eastus.livediagnostics.monitor.azure.com/QuickPulseService.svc) (1 times)
2024-10-09 18:03:37.081+01:00 WARN  c.a.m.o.e.i.p.TelemetryPipeline - In the last 5 minutes, the following operation has failed 1 times (out of 4): Sending telemetry to the ingestion service:
 * Operation timed out (https://eastus-8.in.applicationinsights.azure.com/v2.1/track) (telemetry will be stored to disk and retried) (1 times)
2024-10-09 18:07:11.555+01:00 WARN  c.a.m.o.e.i.p.TelemetryPipeline - In the last 5 minutes, the following operation has failed 1 times (out of 1): Sending telemetry to the ingestion service (retry from disk):
 * Channel response timed out after 60000 milliseconds. (https://eastus-8.in.applicationinsights.azure.com/v2.1/track) (will be retried again) (1 times)
2024-10-09 18:22:11.564+01:00 WARN  c.a.m.o.e.i.p.TelemetryPipeline - In the last 5 minutes, the following operation has failed 1 times (out of 10): Sending telemetry to the ingestion service (retry from disk):
 * Channel response timed out after 60000 milliseconds. (https://eastus-8.in.applicationinsights.azure.com/v2.1/track) (will be retried again) (1 times)
2024-10-09 19:34:56.733+01:00 WARN  c.a.m.o.e.i.p.TelemetryPipeline - In the last 5 minutes, the following operation has failed 1 times (out of 2): Sending telemetry to the ingestion service (retry from disk):
 * Connection reset (https://eastus-8.in.applicationinsights.azure.com/v2.1/track) (will be retried again) (1 times)
2024-10-09 20:05:47.008+01:00 WARN  c.a.m.o.e.i.q.QuickPulsePingSender - In the last 5 minutes, the following operation has failed 6 times (out of 56): Pinging live metrics endpoint:
 * java.net.SocketException: Connection reset (https://eastus.livediagnostics.monitor.azure.com/QuickPulseService.svc) (6 times)
2024-10-09 20:21:22.485+01:00 WARN  c.a.m.o.e.i.p.TelemetryPipeline - In the last 5 minutes, the following operation has failed 2 times (out of 5): Sending telemetry to the ingestion service:
 * Connection reset (https://eastus-8.in.applicationinsights.azure.com/v2.1/track) (telemetry will be stored to disk and retried) (2 times)
2024-10-09 22:19:33.320+01:00 WARN  c.a.m.o.e.i.q.QuickPulsePingSender - In the last 5 minutes, the following operation has failed 9 times (out of 56): Pinging live metrics endpoint:
 * java.net.SocketException: Connection reset (https://eastus.livediagnostics.monitor.azure.com/QuickPulseService.svc) (9 times)
2024-10-09 22:33:42.953+01:00 WARN  c.a.m.o.e.i.p.TelemetryPipeline - In the last 5 minutes, the following operation has failed 4 times (out of 6): Sending telemetry to the ingestion service:
 * Connection reset (https://eastus-8.in.applicationinsights.azure.com/v2.1/track) (telemetry will be stored to disk and retried) (4 times)
2024-10-10 00:35:46.849+01:00 WARN  c.a.m.o.e.i.q.QuickPulsePingSender - In the last 5 minutes, the following operation has failed 9 times (out of 55): Pinging live metrics endpoint:
 * java.net.SocketException: Connection reset (https://eastus.livediagnostics.monitor.azure.com/QuickPulseService.svc) (9 times)
2024-10-10 00:36:22.172+01:00 WARN  c.a.m.o.e.i.p.TelemetryPipeline - In the last 5 minutes, the following operation has failed 4 times (out of 5): Sending telemetry to the ingestion service:
 * Connection reset (https://eastus-8.in.applicationinsights.azure.com/v2.1/track) (telemetry will be stored to disk and retried) (4 times)
2024-10-10 02:45:56.446+01:00 WARN  c.a.m.o.e.i.q.QuickPulsePingSender - In the last 5 minutes, the following operation has failed 9 times (out of 54): Pinging live metrics endpoint:
 * java.net.SocketException: Connection reset (https://eastus.livediagnostics.monitor.azure.com/QuickPulseService.svc) (9 times)
2024-10-10 03:01:32.102+01:00 WARN  c.a.m.o.e.i.p.TelemetryPipeline - In the last 5 minutes, the following operation has failed 5 times (out of 5): Sending telemetry to the ingestion service:
 * Connection reset (https://eastus-8.in.applicationinsights.azure.com/v2.1/track) (telemetry will be stored to disk and retried) (5 times)
2024-10-10 04:40:11.137+01:00 WARN  c.a.m.o.e.i.p.TelemetryPipeline - In the last 5 minutes, the following operation has failed 1 times (out of 5): Sending telemetry to the ingestion service (retry from disk):
 * Connection reset (https://eastus-8.in.applicationinsights.azure.com/v2.1/track) (will be retried again) (1 times)
2024-10-10 05:11:02.672+01:00 WARN  c.a.m.o.e.i.q.QuickPulsePingSender - In the last 5 minutes, the following operation has failed 10 times (out of 55): Pinging live metrics endpoint:
 * java.net.SocketException: Connection reset (https://eastus.livediagnostics.monitor.azure.com/QuickPulseService.svc) (10 times)
2024-10-10 05:16:34.131+01:00 WARN  c.a.m.o.e.i.p.TelemetryPipeline - In the last 5 minutes, the following operation has failed 4 times (out of 6): Sending telemetry to the ingestion service:
 * Connection reset (https://eastus-8.in.applicationinsights.azure.com/v2.1/track) (telemetry will be stored to disk and retried) (3 times)
 * Connection has been closed BEFORE response, while sending request body (https://eastus-8.in.applicationinsights.azure.com/v2.1/track) (telemetry will be stored to disk and retried) (1 times)
2024-10-10 05:20:58.810+01:00 WARN  c.a.m.o.e.i.q.QuickPulsePingSender - In the last 5 minutes, the following operation has failed 1 times (out of 56): Pinging live metrics endpoint:
 * java.net.SocketException: Connection reset (https://eastus.livediagnostics.monitor.azure.com/QuickPulseService.svc) (1 times)
2024-10-10 05:21:34.134+01:00 WARN  c.a.m.o.e.i.p.TelemetryPipeline - In the last 5 minutes, the following operation has failed 1 times (out of 5): Sending telemetry to the ingestion service:
 * Connection reset (https://eastus-8.in.applicationinsights.azure.com/v2.1/track) (telemetry will be stored to disk and retried) (1 times)
2024-10-10 07:45:58.884+01:00 WARN  c.a.m.o.e.i.q.QuickPulsePingSender - In the last 5 minutes, the following operation has failed 1 times (out of 44): Pinging live metrics endpoint:
 * java.util.concurrent.TimeoutException: Channel response timed out after 60000 milliseconds. (https://eastus.livediagnostics.monitor.azure.com/QuickPulseService.svc) (1 times)
2024-10-10 07:46:34.202+01:00 WARN  c.a.m.o.e.i.p.TelemetryPipeline - In the last 5 minutes, the following operation has failed 1 times (out of 6): Sending telemetry to the ingestion service:
 * Channel response timed out after 60000 milliseconds. (https://eastus-8.in.applicationinsights.azure.com/v2.1/track) (telemetry will be stored to disk and retried) (1 times)
2024-10-10 09:19:30.255+01:00 WARN  c.a.m.o.e.i.q.QuickPulsePingSender - In the last 5 minutes, the following operation has failed 1 times (out of 45): Pinging live metrics endpoint:
 * java.io.IOException: Operation timed out (https://eastus.livediagnostics.monitor.azure.com/QuickPulseService.svc) (1 times)
2024-10-10 09:20:05.574+01:00 WARN  c.a.m.o.e.i.p.TelemetryPipeline - In the last 5 minutes, the following operation has failed 1 times (out of 5): Sending telemetry to the ingestion service:
 * Operation timed out (https://eastus-8.in.applicationinsights.azure.com/v2.1/track) (telemetry will be stored to disk and retried) (1 times)
2024-10-10 09:45:53.740+01:00 WARN  c.a.m.o.e.i.q.QuickPulsePingSender - In the last 5 minutes, the following operation has failed 1 times (out of 45): Pinging live metrics endpoint:
 * java.util.concurrent.TimeoutException: Channel response timed out after 60000 milliseconds. (https://eastus.livediagnostics.monitor.azure.com/QuickPulseService.svc) (1 times)
2024-10-10 09:46:29.055+01:00 WARN  c.a.m.o.e.i.p.TelemetryPipeline - In the last 5 minutes, the following operation has failed 2 times (out of 6): Sending telemetry to the ingestion service:
 * Channel response timed out after 60000 milliseconds. (https://eastus-8.in.applicationinsights.azure.com/v2.1/track) (telemetry will be stored to disk and retried) (2 times)
2024-10-10 10:55:53.734+01:00 WARN  c.a.m.o.e.i.q.QuickPulsePingSender - In the last 5 minutes, the following operation has failed 1 times (out of 45): Pinging live metrics endpoint:
 * java.util.concurrent.TimeoutException: Channel response timed out after 60000 milliseconds. (https://eastus.livediagnostics.monitor.azure.com/QuickPulseService.svc) (1 times)
2024-10-10 11:05:53.755+01:00 WARN  c.a.m.o.e.i.q.QuickPulsePingSender - In the last 5 minutes, the following operation has failed 1 times (out of 44): Pinging live metrics endpoint:
 * java.util.concurrent.TimeoutException: Channel response timed out after 60000 milliseconds. (https://eastus.livediagnostics.monitor.azure.com/QuickPulseService.svc) (1 times)
2024-10-10 14:26:29.195+01:00 WARN  c.a.m.o.e.i.p.TelemetryPipeline - In the last 5 minutes, the following operation has failed 1 times (out of 6): Sending telemetry to the ingestion service:
 * Connection reset (https://eastus-8.in.applicationinsights.azure.com/v2.1/track) (telemetry will be stored to disk and retried) (1 times)
2024-10-10 16:56:50.806+01:00 WARN  c.a.m.o.e.i.p.TelemetryPipeline - In the last 5 minutes, the following operation has failed 1 times (out of 1): Sending telemetry to the ingestion service (retry from disk):
 * Operation timed out (https://eastus-8.in.applicationinsights.azure.com/v2.1/track) (will be retried again) (1 times)
2024-10-10 16:57:41.028+01:00 WARN  c.a.m.o.e.i.q.QuickPulsePingSender - In the last 5 minutes, the following operation has failed 1 times (out of 26): Pinging live metrics endpoint:
 * java.io.IOException: Operation timed out (https://eastus.livediagnostics.monitor.azure.com/QuickPulseService.svc) (1 times)
2024-10-10 16:58:16.335+01:00 WARN  c.a.m.o.e.i.p.TelemetryPipeline - In the last 5 minutes, the following operation has failed 1 times (out of 3): Sending telemetry to the ingestion service:
 * Operation timed out (https://eastus-8.in.applicationinsights.azure.com/v2.1/track) (telemetry will be stored to disk and retried) (1 times)
2024-10-10 18:34:01.997+01:00 WARN  c.a.m.o.e.i.q.QuickPulsePingSender - In the last 5 minutes, the following operation has failed 3 times (out of 47): Pinging live metrics endpoint:
 * java.net.SocketException: Connection reset (https://eastus.livediagnostics.monitor.azure.com/QuickPulseService.svc) (3 times)
2024-10-10 19:52:37.052+01:00 WARN  c.a.m.o.e.i.p.TelemetryPipeline - In the last 5 minutes, the following operation has failed 1 times (out of 4): Sending telemetry to the ingestion service:
 * Connection reset (https://eastus-8.in.applicationinsights.azure.com/v2.1/track) (telemetry will be stored to disk and retried) (1 times)
2024-10-11 00:57:46.233+01:00 WARN  c.a.m.o.e.i.p.TelemetryPipeline - In the last 5 minutes, the following operation has failed 1 times (out of 1): Sending telemetry to the ingestion service (retry from disk):
 * Connection reset (https://eastus-8.in.applicationinsights.azure.com/v2.1/track) (will be retried again) (1 times)
2024-10-11 01:30:59.901+01:00 WARN  c.a.m.o.e.i.q.QuickPulsePingSender - In the last 5 minutes, the following operation has failed 2 times (out of 8): Pinging live metrics endpoint:
 * java.net.SocketException: Connection reset (https://eastus.livediagnostics.monitor.azure.com/QuickPulseService.svc) (1 times)
 * java.util.concurrent.TimeoutException: Channel response timed out after 60000 milliseconds. (https://eastus.livediagnostics.monitor.azure.com/QuickPulseService.svc) (1 times)
2024-10-11 02:35:07.453+01:00 WARN  c.a.m.o.e.i.p.TelemetryPipeline - In the last 5 minutes, the following operation has failed 3 times (out of 8): Sending telemetry to the ingestion service (retry from disk):
 * Connection reset (https://eastus-8.in.applicationinsights.azure.com/v2.1/track) (will be retried again) (2 times)
 * Operation timed out (https://eastus-8.in.applicationinsights.azure.com/v2.1/track) (will be retried again) (1 times)
2024-10-11 02:35:57.677+01:00 WARN  c.a.m.o.e.i.q.QuickPulsePingSender - In the last 5 minutes, the following operation has failed 5 times (out of 47): Pinging live metrics endpoint:
 * java.net.SocketException: Connection reset (https://eastus.livediagnostics.monitor.azure.com/QuickPulseService.svc) (4 times)
 * java.io.IOException: Operation timed out (https://eastus.livediagnostics.monitor.azure.com/QuickPulseService.svc) (1 times)
2024-10-11 02:36:32.977+01:00 WARN  c.a.m.o.e.i.p.TelemetryPipeline - In the last 5 minutes, the following operation has failed 1 times (out of 5): Sending telemetry to the ingestion service:
 * Connection reset (https://eastus-8.in.applicationinsights.azure.com/v2.1/track) (telemetry will be stored to disk and retried) (1 times)
2024-10-11 03:01:33.002+01:00 WARN  c.a.m.o.e.i.p.TelemetryPipeline - In the last 5 minutes, the following operation has failed 1 times (out of 6): Sending telemetry to the ingestion service:
 * Connection reset (https://eastus-8.in.applicationinsights.azure.com/v2.1/track) (telemetry will be stored to disk and retried) (1 times)
2024-10-11 05:04:38.774+01:00 WARN  c.a.m.o.e.i.p.TelemetryPipeline - In the last 5 minutes, the following operation has failed 1 times (out of 2): Sending telemetry to the ingestion service (retry from disk):
 * Connection reset (https://eastus-8.in.applicationinsights.azure.com/v2.1/track) (will be retried again) (1 times)
2024-10-11 05:05:28.996+01:00 WARN  c.a.m.o.e.i.q.QuickPulsePingSender - In the last 5 minutes, the following operation has failed 5 times (out of 57): Pinging live metrics endpoint:
 * java.net.SocketException: Connection reset (https://eastus.livediagnostics.monitor.azure.com/QuickPulseService.svc) (5 times)
2024-10-11 05:06:04.298+01:00 WARN  c.a.m.o.e.i.p.TelemetryPipeline - In the last 5 minutes, the following operation has failed 1 times (out of 6): Sending telemetry to the ingestion service:
 * Connection reset (https://eastus-8.in.applicationinsights.azure.com/v2.1/track) (telemetry will be stored to disk and retried) (1 times)
2024-10-11 05:32:40.352+01:00 WARN  c.a.m.o.e.i.p.TelemetryPipeline - In the last 5 minutes, the following operation has failed 1 times (out of 2): Sending telemetry to the ingestion service (retry from disk):
 * Connection reset (https://eastus-8.in.applicationinsights.azure.com/v2.1/track) (will be retried again) (1 times)
2024-10-11 05:33:30.573+01:00 WARN  c.a.m.o.e.i.q.QuickPulsePingSender - In the last 5 minutes, the following operation has failed 1 times (out of 58): Pinging live metrics endpoint:
 * java.net.SocketException: Connection reset (https://eastus.livediagnostics.monitor.azure.com/QuickPulseService.svc) (1 times)
2024-10-11 05:34:05.877+01:00 WARN  c.a.m.o.e.i.p.TelemetryPipeline - In the last 5 minutes, the following operation has failed 1 times (out of 5): Sending telemetry to the ingestion service:
 * Connection reset (https://eastus-8.in.applicationinsights.azure.com/v2.1/track) (telemetry will be stored to disk and retried) (1 times)
2024-10-11 07:00:10.367+01:00 WARN  c.a.m.o.e.i.q.QuickPulsePingSender - In the last 5 minutes, the following operation has failed 2 times (out of 57): Pinging live metrics endpoint:
 * java.net.SocketException: Connection reset (https://eastus.livediagnostics.monitor.azure.com/QuickPulseService.svc) (2 times)
2024-10-11 07:00:45.668+01:00 WARN  c.a.m.o.e.i.p.TelemetryPipeline - In the last 5 minutes, the following operation has failed 2 times (out of 6): Sending telemetry to the ingestion service:
 * Connection reset (https://eastus-8.in.applicationinsights.azure.com/v2.1/track) (telemetry will be stored to disk and retried) (2 times)
2024-10-11 09:44:20.276+01:00 WARN  c.a.m.o.e.i.p.TelemetryPipeline - In the last 5 minutes, the following operation has failed 1 times (out of 2): Sending telemetry to the ingestion service (retry from disk):
 * Operation timed out (https://eastus-8.in.applicationinsights.azure.com/v2.1/track) (will be retried again) (1 times)
2024-10-11 09:45:10.504+01:00 WARN  c.a.m.o.e.i.q.QuickPulsePingSender - In the last 5 minutes, the following operation has failed 1 times (out of 24): Pinging live metrics endpoint:
 * java.io.IOException: Operation timed out (https://eastus.livediagnostics.monitor.azure.com/QuickPulseService.svc) (1 times)
2024-10-11 09:45:45.801+01:00 WARN  c.a.m.o.e.i.p.TelemetryPipeline - In the last 5 minutes, the following operation has failed 1 times (out of 5): Sending telemetry to the ingestion service:
 * Operation timed out (https://eastus-8.in.applicationinsights.azure.com/v2.1/track) (telemetry will be stored to disk and retried) (1 times)
2024-10-12 01:10:29.520+01:00 WARN  c.a.m.o.e.i.p.TelemetryPipeline - In the last 5 minutes, the following operation has failed 1 times (out of 4): Sending telemetry to the ingestion service (retry from disk):
 * Connection reset (https://eastus-8.in.applicationinsights.azure.com/v2.1/track) (will be retried again) (1 times)
2024-10-12 02:11:24.369+01:00 WARN  c.a.m.o.e.i.q.QuickPulsePingSender - In the last 5 minutes, the following operation has failed 14 times (out of 56): Pinging live metrics endpoint:
 * java.net.SocketException: Connection reset (https://eastus.livediagnostics.monitor.azure.com/QuickPulseService.svc) (14 times)
2024-10-12 03:12:32.081+01:00 WARN  c.a.m.o.e.i.p.TelemetryPipeline - In the last 5 minutes, the following operation has failed 5 times (out of 5): Sending telemetry to the ingestion service:
 * Connection reset (https://eastus-8.in.applicationinsights.azure.com/v2.1/track) (telemetry will be stored to disk and retried) (5 times)
2024-10-12 03:41:12.684+01:00 WARN  c.a.m.o.e.i.q.QuickPulsePingSender - In the last 5 minutes, the following operation has failed 4 times (out of 58): Pinging live metrics endpoint:
 * java.net.SocketException: Connection reset (https://eastus.livediagnostics.monitor.azure.com/QuickPulseService.svc) (4 times)
2024-10-12 03:41:47.989+01:00 WARN  c.a.m.o.e.i.p.TelemetryPipeline - In the last 5 minutes, the following operation has failed 2 times (out of 6): Sending telemetry to the ingestion service:
 * Connection reset (https://eastus-8.in.applicationinsights.azure.com/v2.1/track) (telemetry will be stored to disk and retried) (2 times)
2024-10-12 04:35:58.770+01:00 WARN  c.a.m.o.e.i.p.TelemetryPipeline - In the last 5 minutes, the following operation has failed 1 times (out of 2): Sending telemetry to the ingestion service (retry from disk):
 * Connection reset (https://eastus-8.in.applicationinsights.azure.com/v2.1/track) (will be retried again) (1 times)
2024-10-12 04:36:48.986+01:00 WARN  c.a.m.o.e.i.q.QuickPulsePingSender - In the last 5 minutes, the following operation has failed 1 times (out of 58): Pinging live metrics endpoint:
 * java.net.SocketException: Connection reset (https://eastus.livediagnostics.monitor.azure.com/QuickPulseService.svc) (1 times)
2024-10-12 04:37:24.289+01:00 WARN  c.a.m.o.e.i.p.TelemetryPipeline - In the last 5 minutes, the following operation has failed 1 times (out of 5): Sending telemetry to the ingestion service:
 * Connection reset (https://eastus-8.in.applicationinsights.azure.com/v2.1/track) (telemetry will be stored to disk and retried) (1 times)
2024-10-12 06:35:36.628+01:00 WARN  c.a.m.o.e.i.p.TelemetryPipeline - In the last 5 minutes, the following operation has failed 1 times (out of 1): Sending telemetry to the ingestion service (retry from disk):
 * Connection reset (https://eastus-8.in.applicationinsights.azure.com/v2.1/track) (will be retried again) (1 times)
2024-10-12 06:40:26.592+01:00 WARN  c.a.m.o.e.i.q.QuickPulsePingSender - In the last 5 minutes, the following operation has failed 2 times (out of 58): Pinging live metrics endpoint:
 * java.net.SocketException: Connection reset (https://eastus.livediagnostics.monitor.azure.com/QuickPulseService.svc) (2 times)
2024-10-12 06:41:01.898+01:00 WARN  c.a.m.o.e.i.p.TelemetryPipeline - In the last 5 minutes, the following operation has failed 1 times (out of 5): Sending telemetry to the ingestion service:
 * Connection reset (https://eastus-8.in.applicationinsights.azure.com/v2.1/track) (telemetry will be stored to disk and retried) (1 times)
2024-10-12 09:06:01.985+01:00 WARN  c.a.m.o.e.i.p.TelemetryPipeline - In the last 5 minutes, the following operation has failed 1 times (out of 6): Sending telemetry to the ingestion service:
 * Connection reset (https://eastus-8.in.applicationinsights.azure.com/v2.1/track) (telemetry will be stored to disk and retried) (1 times)
2024-10-12 10:33:54.806+01:00 WARN  c.a.m.o.e.i.q.QuickPulsePingSender - In the last 5 minutes, the following operation has failed 3 times (out of 57): Pinging live metrics endpoint:
 * java.net.SocketException: Connection reset (https://eastus.livediagnostics.monitor.azure.com/QuickPulseService.svc) (3 times)
2024-10-12 10:34:30.128+01:00 WARN  c.a.m.o.e.i.p.TelemetryPipeline - In the last 5 minutes, the following operation has failed 2 times (out of 6): Sending telemetry to the ingestion service:
 * Connection reset (https://eastus-8.in.applicationinsights.azure.com/v2.1/track) (telemetry will be stored to disk and retried) (2 times)
2024-10-12 12:33:51.120+01:00 WARN  c.a.m.o.e.i.q.QuickPulsePingSender - In the last 5 minutes, the following operation has failed 3 times (out of 58): Pinging live metrics endpoint:
 * java.net.SocketException: Connection reset (https://eastus.livediagnostics.monitor.azure.com/QuickPulseService.svc) (3 times)
2024-10-12 13:19:35.323+01:00 WARN  c.a.m.o.e.i.p.TelemetryPipeline - In the last 5 minutes, the following operation has failed 1 times (out of 6): Sending telemetry to the ingestion service:
 * Connection reset (https://eastus-8.in.applicationinsights.azure.com/v2.1/track) (telemetry will be stored to disk and retried) (1 times)
2024-10-12 13:31:26.533+01:00 WARN  c.a.m.o.e.i.p.TelemetryPipeline - In the last 5 minutes, the following operation has failed 1 times (out of 3): Sending telemetry to the ingestion service (retry from disk):
 * Connection reset (https://eastus-8.in.applicationinsights.azure.com/v2.1/track) (will be retried again) (1 times)
2024-10-12 13:32:16.742+01:00 WARN  c.a.m.o.e.i.q.QuickPulsePingSender - In the last 5 minutes, the following operation has failed 3 times (out of 47): Pinging live metrics endpoint:
 * java.net.SocketException: Connection reset (https://eastus.livediagnostics.monitor.azure.com/QuickPulseService.svc) (2 times)
 * java.io.IOException: Operation timed out (https://eastus.livediagnostics.monitor.azure.com/QuickPulseService.svc) (1 times)
2024-10-12 13:32:52.060+01:00 WARN  c.a.m.o.e.i.p.TelemetryPipeline - In the last 5 minutes, the following operation has failed 1 times (out of 4): Sending telemetry to the ingestion service:
 * Connection reset (https://eastus-8.in.applicationinsights.azure.com/v2.1/track) (telemetry will be stored to disk and retried) (1 times)
2024-10-12 13:36:26.539+01:00 WARN  c.a.m.o.e.i.p.TelemetryPipeline - In the last 5 minutes, the following operation has failed 1 times (out of 3): Sending telemetry to the ingestion service (retry from disk):
 * connection timed out after 10000 ms: eastus-8.in.applicationinsights.azure.com/10.0.0.1:443 (https://eastus-8.in.applicationinsights.azure.com/v2.1/track) (will be retried again) (1 times)
2024-10-12 13:37:16.748+01:00 WARN  c.a.m.o.e.i.q.QuickPulsePingSender - In the last 5 minutes, the following operation has failed 2 times (out of 43): Pinging live metrics endpoint:
 * io.netty.channel.ConnectTimeoutException: connection timed out after 10000 ms: eastus.livediagnostics.monitor.azure.com/10.0.0.1:443 (https://eastus.livediagnostics.monitor.azure.com/QuickPulseService.svc) (2 times)
2024-10-12 13:37:52.065+01:00 WARN  c.a.m.o.e.i.p.TelemetryPipeline - In the last 5 minutes, the following operation has failed 2 times (out of 6): Sending telemetry to the ingestion service:
 * Channel response timed out after 60000 milliseconds. (https://eastus-8.in.applicationinsights.azure.com/v2.1/track) (telemetry will be stored to disk and retried) (1 times)
 * connection timed out after 10000 ms: eastus-8.in.applicationinsights.azure.com/10.0.0.1:443 (https://eastus-8.in.applicationinsights.azure.com/v2.1/track) (telemetry will be stored to disk and retried) (1 times)
2024-11-02 15:59:40.676Z INFO  c.m.applicationinsights.agent - Application Insights Java Agent 3.4.19 started successfully (PID 66387, JVM running for 6.646 s)
2024-11-02 15:59:40.680Z INFO  c.m.applicationinsights.agent - Java version: 21.0.4, vendor: Oracle Corporation, home: /Users/mandar.risbud/Library/Java/JavaVirtualMachines/graalvm-jdk-21.0.4/Contents/Home
2024-11-02 17:53:46.082Z WARN  c.a.m.o.e.i.p.TelemetryPipeline - Sending telemetry to the ingestion service: Connection reset (https://eastus-8.in.applicationinsights.azure.com/v2.1/track) (telemetry will be stored to disk and retried) (future warnings will be aggregated and logged once every 5 minutes)
java.net.SocketException: Connection reset
	at java.base/sun.nio.ch.SocketChannelImpl.throwConnectionReset(SocketChannelImpl.java:401)
	at java.base/sun.nio.ch.SocketChannelImpl.read(SocketChannelImpl.java:434)
	at io.netty.buffer.PooledByteBuf.setBytes(PooledByteBuf.java:255)
	at io.netty.buffer.AbstractByteBuf.writeBytes(AbstractByteBuf.java:1132)
	at io.netty.channel.socket.nio.NioSocketChannel.doReadBytes(NioSocketChannel.java:357)
	at io.netty.channel.nio.AbstractNioByteChannel$NioByteUnsafe.read(AbstractNioByteChannel.java:151)
	at io.netty.channel.nio.NioEventLoop.processSelectedKey(NioEventLoop.java:788)
	at io.netty.channel.nio.NioEventLoop.processSelectedKeysOptimized(NioEventLoop.java:724)
	at io.netty.channel.nio.NioEventLoop.processSelectedKeys(NioEventLoop.java:650)
	at io.netty.channel.nio.NioEventLoop.run(NioEventLoop.java:562)
	at io.netty.util.concurrent.SingleThreadEventExecutor$4.run(SingleThreadEventExecutor.java:997)
	at io.netty.util.internal.ThreadExecutorMap$2.run(ThreadExecutorMap.java:74)
	at io.netty.util.concurrent.FastThreadLocalRunnable.run(FastThreadLocalRunnable.java:30)
	at java.base/java.lang.Thread.run(Thread.java:1583)
2024-11-02 17:54:14.620Z WARN  c.a.m.o.e.i.p.TelemetryPipeline - Sending telemetry to the ingestion service (retry from disk): Connection reset (https://eastus-8.in.applicationinsights.azure.com/v2.1/track) (will be retried again) (future warnings will be aggregated and logged once every 5 minutes)
java.net.SocketException: Connection reset
	at java.base/sun.nio.ch.SocketChannelImpl.throwConnectionReset(SocketChannelImpl.java:401)
	at java.base/sun.nio.ch.SocketChannelImpl.read(SocketChannelImpl.java:434)
	at io.netty.buffer.PooledByteBuf.setBytes(PooledByteBuf.java:255)
	at io.netty.buffer.AbstractByteBuf.writeBytes(AbstractByteBuf.java:1132)
	at io.netty.channel.socket.nio.NioSocketChannel.doReadBytes(NioSocketChannel.java:357)
	at io.netty.channel.nio.AbstractNioByteChannel$NioByteUnsafe.read(AbstractNioByteChannel.java:151)
	at io.netty.channel.nio.NioEventLoop.processSelectedKey(NioEventLoop.java:788)
	at io.netty.channel.nio.NioEventLoop.processSelectedKeysOptimized(NioEventLoop.java:724)
	at io.netty.channel.nio.NioEventLoop.processSelectedKeys(NioEventLoop.java:650)
	at io.netty.channel.nio.NioEventLoop.run(NioEventLoop.java:562)
	at io.netty.util.concurrent.SingleThreadEventExecutor$4.run(SingleThreadEventExecutor.java:997)
	at io.netty.util.internal.ThreadExecutorMap$2.run(ThreadExecutorMap.java:74)
	at io.netty.util.concurrent.FastThreadLocalRunnable.run(FastThreadLocalRunnable.java:30)
	at java.base/java.lang.Thread.run(Thread.java:1583)
2024-11-02 19:54:48.344Z WARN  c.a.m.o.e.i.q.QuickPulsePingSender - Pinging live metrics endpoint: java.net.SocketException: Connection reset (https://eastus.livediagnostics.monitor.azure.com/QuickPulseService.svc) (future warnings will be aggregated and logged once every 5 minutes)
reactor.core.Exceptions$ReactiveException: java.net.SocketException: Connection reset
	at reactor.core.Exceptions.propagate(Exceptions.java:408)
	at reactor.core.publisher.BlockingSingleSubscriber.blockingGet(BlockingSingleSubscriber.java:101)
	at reactor.core.publisher.Mono.block(Mono.java:1712)
	at com.azure.monitor.opentelemetry.exporter.implementation.quickpulse.QuickPulsePingSender.ping(QuickPulsePingSender.java:102)
	at com.azure.monitor.opentelemetry.exporter.implementation.quickpulse.QuickPulseCoordinator.ping(QuickPulseCoordinator.java:100)
	at com.azure.monitor.opentelemetry.exporter.implementation.quickpulse.QuickPulseCoordinator.run(QuickPulseCoordinator.java:53)
	at java.base/java.lang.Thread.run(Thread.java:1583)
	Suppressed: java.lang.Exception: #block terminated with an error
		at reactor.core.publisher.BlockingSingleSubscriber.blockingGet(BlockingSingleSubscriber.java:103)
		... 5 common frames omitted
Caused by: java.net.SocketException: Connection reset
	at java.base/sun.nio.ch.SocketChannelImpl.throwConnectionReset(SocketChannelImpl.java:401)
	at java.base/sun.nio.ch.SocketChannelImpl.read(SocketChannelImpl.java:434)
	at io.netty.buffer.PooledByteBuf.setBytes(PooledByteBuf.java:255)
	at io.netty.buffer.AbstractByteBuf.writeBytes(AbstractByteBuf.java:1132)
	at io.netty.channel.socket.nio.NioSocketChannel.doReadBytes(NioSocketChannel.java:357)
	at io.netty.channel.nio.AbstractNioByteChannel$NioByteUnsafe.read(AbstractNioByteChannel.java:151)
	at io.netty.channel.nio.NioEventLoop.processSelectedKey(NioEventLoop.java:788)
	at io.netty.channel.nio.NioEventLoop.processSelectedKeysOptimized(NioEventLoop.java:724)
	at io.netty.channel.nio.NioEventLoop.processSelectedKeys(NioEventLoop.java:650)
	at io.netty.channel.nio.NioEventLoop.run(NioEventLoop.java:562)
	at io.netty.util.concurrent.SingleThreadEventExecutor$4.run(SingleThreadEventExecutor.java:997)
	at io.netty.util.internal.ThreadExecutorMap$2.run(ThreadExecutorMap.java:74)
	at io.netty.util.concurrent.FastThreadLocalRunnable.run(FastThreadLocalRunnable.java:30)
	... 1 common frames omitted
2024-11-03 02:16:28.903Z WARN  c.a.m.o.e.i.q.QuickPulsePingSender - In the last 5 minutes, the following operation has failed 14 times (out of 2548): Pinging live metrics endpoint:
 * java.net.SocketException: Connection reset (https://eastus.livediagnostics.monitor.azure.com/QuickPulseService.svc) (14 times)
2024-11-03 04:28:11.394Z WARN  c.a.m.o.e.i.p.TelemetryPipeline - In the last 5 minutes, the following operation has failed 3 times (out of 5): Sending telemetry to the ingestion service:
 * Connection reset (https://eastus-8.in.applicationinsights.azure.com/v2.1/track) (telemetry will be stored to disk and retried) (3 times)
2024-11-03 04:28:39.939Z WARN  c.a.m.o.e.i.p.TelemetryPipeline - In the last 5 minutes, the following operation has failed 1 times (out of 5): Sending telemetry to the ingestion service (retry from disk):
 * Connection reset (https://eastus-8.in.applicationinsights.azure.com/v2.1/track) (will be retried again) (1 times)
2024-11-03 04:32:19.382Z WARN  c.a.m.o.e.i.q.QuickPulsePingSender - In the last 5 minutes, the following operation has failed 4 times (out of 57): Pinging live metrics endpoint:
 * java.net.SocketException: Connection reset (https://eastus.livediagnostics.monitor.azure.com/QuickPulseService.svc) (4 times)
2024-11-03 04:33:11.408Z WARN  c.a.m.o.e.i.p.TelemetryPipeline - In the last 5 minutes, the following operation has failed 1 times (out of 6): Sending telemetry to the ingestion service:
 * Connection reset (https://eastus-8.in.applicationinsights.azure.com/v2.1/track) (telemetry will be stored to disk and retried) (1 times)
2024-11-03 04:53:47.104Z WARN  c.a.m.o.e.i.q.QuickPulsePingSender - In the last 5 minutes, the following operation has failed 1 times (out of 58): Pinging live metrics endpoint:
 * java.net.SocketException: Connection reset (https://eastus.livediagnostics.monitor.azure.com/QuickPulseService.svc) (1 times)
2024-11-03 04:54:39.129Z WARN  c.a.m.o.e.i.p.TelemetryPipeline - In the last 5 minutes, the following operation has failed 1 times (out of 5): Sending telemetry to the ingestion service:
 * Connection reset (https://eastus-8.in.applicationinsights.azure.com/v2.1/track) (telemetry will be stored to disk and retried) (1 times)
2024-11-03 04:55:07.664Z WARN  c.a.m.o.e.i.p.TelemetryPipeline - In the last 5 minutes, the following operation has failed 1 times (out of 2): Sending telemetry to the ingestion service (retry from disk):
 * Connection reset (https://eastus-8.in.applicationinsights.azure.com/v2.1/track) (will be retried again) (1 times)
2024-11-03 05:24:55.368Z INFO  c.m.applicationinsights.agent - Application Insights Java Agent 3.4.19 started successfully (PID 69419, JVM running for 6.532 s)
2024-11-03 05:24:55.372Z INFO  c.m.applicationinsights.agent - Java version: 21.0.4, vendor: Oracle Corporation, home: /Users/mandar.risbud/Library/Java/JavaVirtualMachines/graalvm-jdk-21.0.4/Contents/Home
2024-11-03 05:27:28.949Z INFO  c.m.applicationinsights.agent - Application Insights Java Agent 3.4.19 started successfully (PID 69461, JVM running for 6.53 s)
2024-11-03 05:27:28.952Z INFO  c.m.applicationinsights.agent - Java version: 21.0.4, vendor: Oracle Corporation, home: /Users/mandar.risbud/Library/Java/JavaVirtualMachines/graalvm-jdk-21.0.4/Contents/Home
2024-11-03 05:31:36.450Z INFO  c.m.applicationinsights.agent - Application Insights Java Agent 3.4.19 started successfully (PID 69517, JVM running for 6.614 s)
2024-11-03 05:31:36.453Z INFO  c.m.applicationinsights.agent - Java version: 21.0.4, vendor: Oracle Corporation, home: /Users/mandar.risbud/Library/Java/JavaVirtualMachines/graalvm-jdk-21.0.4/Contents/Home
2024-11-03 05:57:16.075Z WARN  c.a.m.o.e.i.q.QuickPulsePingSender - Pinging live metrics endpoint: java.net.SocketException: Connection reset (https://eastus.livediagnostics.monitor.azure.com/QuickPulseService.svc) (future warnings will be aggregated and logged once every 5 minutes)
reactor.core.Exceptions$ReactiveException: java.net.SocketException: Connection reset
	at reactor.core.Exceptions.propagate(Exceptions.java:408)
	at reactor.core.publisher.BlockingSingleSubscriber.blockingGet(BlockingSingleSubscriber.java:101)
	at reactor.core.publisher.Mono.block(Mono.java:1712)
	at com.azure.monitor.opentelemetry.exporter.implementation.quickpulse.QuickPulsePingSender.ping(QuickPulsePingSender.java:102)
	at com.azure.monitor.opentelemetry.exporter.implementation.quickpulse.QuickPulseCoordinator.ping(QuickPulseCoordinator.java:100)
	at com.azure.monitor.opentelemetry.exporter.implementation.quickpulse.QuickPulseCoordinator.run(QuickPulseCoordinator.java:53)
	at java.base/java.lang.Thread.run(Thread.java:1583)
	Suppressed: java.lang.Exception: #block terminated with an error
		at reactor.core.publisher.BlockingSingleSubscriber.blockingGet(BlockingSingleSubscriber.java:103)
		... 5 common frames omitted
Caused by: java.net.SocketException: Connection reset
	at java.base/sun.nio.ch.SocketChannelImpl.throwConnectionReset(SocketChannelImpl.java:401)
	at java.base/sun.nio.ch.SocketChannelImpl.read(SocketChannelImpl.java:434)
	at io.netty.buffer.PooledByteBuf.setBytes(PooledByteBuf.java:255)
	at io.netty.buffer.AbstractByteBuf.writeBytes(AbstractByteBuf.java:1132)
	at io.netty.channel.socket.nio.NioSocketChannel.doReadBytes(NioSocketChannel.java:357)
	at io.netty.channel.nio.AbstractNioByteChannel$NioByteUnsafe.read(AbstractNioByteChannel.java:151)
	at io.netty.channel.nio.NioEventLoop.processSelectedKey(NioEventLoop.java:788)
	at io.netty.channel.nio.NioEventLoop.processSelectedKeysOptimized(NioEventLoop.java:724)
	at io.netty.channel.nio.NioEventLoop.processSelectedKeys(NioEventLoop.java:650)
	at io.netty.channel.nio.NioEventLoop.run(NioEventLoop.java:562)
	at io.netty.util.concurrent.SingleThreadEventExecutor$4.run(SingleThreadEventExecutor.java:997)
	at io.netty.util.internal.ThreadExecutorMap$2.run(ThreadExecutorMap.java:74)
	at io.netty.util.concurrent.FastThreadLocalRunnable.run(FastThreadLocalRunnable.java:30)
	... 1 common frames omitted
2024-11-03 06:47:17.078Z WARN  c.a.m.o.e.i.q.QuickPulsePingSender - In the last 5 minutes, the following operation has failed 1 times (out of 57): Pinging live metrics endpoint:
 * java.net.SocketException: Connection reset (https://eastus.livediagnostics.monitor.azure.com/QuickPulseService.svc) (1 times)
2024-11-03 07:04:06.337Z WARN  c.a.m.o.e.i.p.TelemetryPipeline - Sending telemetry to the ingestion service: Connection reset (https://eastus-8.in.applicationinsights.azure.com/v2.1/track) (telemetry will be stored to disk and retried) (future warnings will be aggregated and logged once every 5 minutes)
java.net.SocketException: Connection reset
	at java.base/sun.nio.ch.SocketChannelImpl.throwConnectionReset(SocketChannelImpl.java:401)
	at java.base/sun.nio.ch.SocketChannelImpl.read(SocketChannelImpl.java:434)
	at io.netty.buffer.PooledByteBuf.setBytes(PooledByteBuf.java:255)
	at io.netty.buffer.AbstractByteBuf.writeBytes(AbstractByteBuf.java:1132)
	at io.netty.channel.socket.nio.NioSocketChannel.doReadBytes(NioSocketChannel.java:357)
	at io.netty.channel.nio.AbstractNioByteChannel$NioByteUnsafe.read(AbstractNioByteChannel.java:151)
	at io.netty.channel.nio.NioEventLoop.processSelectedKey(NioEventLoop.java:788)
	at io.netty.channel.nio.NioEventLoop.processSelectedKeysOptimized(NioEventLoop.java:724)
	at io.netty.channel.nio.NioEventLoop.processSelectedKeys(NioEventLoop.java:650)
	at io.netty.channel.nio.NioEventLoop.run(NioEventLoop.java:562)
	at io.netty.util.concurrent.SingleThreadEventExecutor$4.run(SingleThreadEventExecutor.java:997)
	at io.netty.util.internal.ThreadExecutorMap$2.run(ThreadExecutorMap.java:74)
	at io.netty.util.concurrent.FastThreadLocalRunnable.run(FastThreadLocalRunnable.java:30)
	at java.base/java.lang.Thread.run(Thread.java:1583)
2024-11-03 07:04:35.020Z WARN  c.a.m.o.e.i.p.TelemetryPipeline - Sending telemetry to the ingestion service (retry from disk): Connection reset (https://eastus-8.in.applicationinsights.azure.com/v2.1/track) (will be retried again) (future warnings will be aggregated and logged once every 5 minutes)
java.net.SocketException: Connection reset
	at java.base/sun.nio.ch.SocketChannelImpl.throwConnectionReset(SocketChannelImpl.java:401)
	at java.base/sun.nio.ch.SocketChannelImpl.read(SocketChannelImpl.java:434)
	at io.netty.buffer.PooledByteBuf.setBytes(PooledByteBuf.java:255)
	at io.netty.buffer.AbstractByteBuf.writeBytes(AbstractByteBuf.java:1132)
	at io.netty.channel.socket.nio.NioSocketChannel.doReadBytes(NioSocketChannel.java:357)
	at io.netty.channel.nio.AbstractNioByteChannel$NioByteUnsafe.read(AbstractNioByteChannel.java:151)
	at io.netty.channel.nio.NioEventLoop.processSelectedKey(NioEventLoop.java:788)
	at io.netty.channel.nio.NioEventLoop.processSelectedKeysOptimized(NioEventLoop.java:724)
	at io.netty.channel.nio.NioEventLoop.processSelectedKeys(NioEventLoop.java:650)
	at io.netty.channel.nio.NioEventLoop.run(NioEventLoop.java:562)
	at io.netty.util.concurrent.SingleThreadEventExecutor$4.run(SingleThreadEventExecutor.java:997)
	at io.netty.util.internal.ThreadExecutorMap$2.run(ThreadExecutorMap.java:74)
	at io.netty.util.concurrent.FastThreadLocalRunnable.run(FastThreadLocalRunnable.java:30)
	at java.base/java.lang.Thread.run(Thread.java:1583)
2024-11-03 07:30:42.818Z WARN  c.a.m.o.e.i.q.QuickPulsePingSender - In the last 5 minutes, the following operation has failed 3 times (out of 58): Pinging live metrics endpoint:
 * java.net.SocketException: Connection reset (https://eastus.livediagnostics.monitor.azure.com/QuickPulseService.svc) (3 times)
2024-11-03 07:31:04.140Z WARN  c.a.m.o.e.i.p.TelemetryPipeline - In the last 5 minutes, the following operation has failed 1 times (out of 70): Sending telemetry to the ingestion service:
 * Connection reset (https://eastus-8.in.applicationinsights.azure.com/v2.1/track) (telemetry will be stored to disk and retried) (1 times)
2024-11-03 07:57:37.390Z WARN  c.a.m.o.e.i.q.QuickPulsePingSender - In the last 5 minutes, the following operation has failed 2 times (out of 57): Pinging live metrics endpoint:
 * java.net.SocketException: Connection reset (https://eastus.livediagnostics.monitor.azure.com/QuickPulseService.svc) (2 times)
2024-11-03 07:57:58.717Z WARN  c.a.m.o.e.i.p.TelemetryPipeline - In the last 5 minutes, the following operation has failed 2 times (out of 5): Sending telemetry to the ingestion service:
 * Connection reset (https://eastus-8.in.applicationinsights.azure.com/v2.1/track) (telemetry will be stored to disk and retried) (2 times)
2024-11-03 08:18:26.269Z WARN  c.a.m.o.e.i.q.QuickPulsePingSender - In the last 5 minutes, the following operation has failed 1 times (out of 58): Pinging live metrics endpoint:
 * java.net.SocketException: Connection reset (https://eastus.livediagnostics.monitor.azure.com/QuickPulseService.svc) (1 times)
2024-11-03 08:18:47.589Z WARN  c.a.m.o.e.i.p.TelemetryPipeline - In the last 5 minutes, the following operation has failed 1 times (out of 5): Sending telemetry to the ingestion service:
 * Connection reset (https://eastus-8.in.applicationinsights.azure.com/v2.1/track) (telemetry will be stored to disk and retried) (1 times)
2024-11-03 08:56:02.919Z WARN  c.a.m.o.e.i.q.QuickPulsePingSender - In the last 5 minutes, the following operation has failed 3 times (out of 57): Pinging live metrics endpoint:
 * java.net.SocketException: Connection reset (https://eastus.livediagnostics.monitor.azure.com/QuickPulseService.svc) (3 times)
2024-11-03 08:56:24.239Z WARN  c.a.m.o.e.i.p.TelemetryPipeline - In the last 5 minutes, the following operation has failed 3 times (out of 5): Sending telemetry to the ingestion service:
 * Connection reset (https://eastus-8.in.applicationinsights.azure.com/v2.1/track) (telemetry will be stored to disk and retried) (3 times)
2024-11-03 15:27:12.830Z WARN  c.a.m.o.e.i.q.QuickPulsePingSender - In the last 5 minutes, the following operation has failed 9 times (out of 57): Pinging live metrics endpoint:
 * java.net.SocketException: Connection reset (https://eastus.livediagnostics.monitor.azure.com/QuickPulseService.svc) (9 times)
2024-11-03 15:36:47.482Z WARN  c.a.m.o.e.i.p.TelemetryPipeline - In the last 5 minutes, the following operation has failed 2 times (out of 6): Sending telemetry to the ingestion service:
 * Connection reset (https://eastus-8.in.applicationinsights.azure.com/v2.1/track) (telemetry will be stored to disk and retried) (2 times)
2024-11-03 17:00:41.254Z WARN  c.a.m.o.e.i.q.QuickPulsePingSender - In the last 5 minutes, the following operation has failed 7 times (out of 57): Pinging live metrics endpoint:
 * java.net.SocketException: Connection reset (https://eastus.livediagnostics.monitor.azure.com/QuickPulseService.svc) (7 times)
2024-11-03 17:01:02.272Z WARN  c.a.m.o.e.i.p.TelemetryPipeline - In the last 5 minutes, the following operation has failed 4 times (out of 5): Sending telemetry to the ingestion service:
 * Connection reset (https://eastus-8.in.applicationinsights.azure.com/v2.1/track) (telemetry will be stored to disk and retried) (4 times)
2024-11-03 18:11:02.321Z WARN  c.a.m.o.e.i.p.TelemetryPipeline - In the last 5 minutes, the following operation has failed 1 times (out of 6): Sending telemetry to the ingestion service:
 * Connection reset (https://eastus-8.in.applicationinsights.azure.com/v2.1/track) (telemetry will be stored to disk and retried) (1 times)
2024-11-03 18:13:01.374Z INFO  c.m.applicationinsights.agent - Application Insights Java Agent 3.4.19 started successfully (PID 72693, JVM running for 6.586 s)
2024-11-03 18:13:01.377Z INFO  c.m.applicationinsights.agent - Java version: 21.0.4, vendor: Oracle Corporation, home: /Users/mandar.risbud/Library/Java/JavaVirtualMachines/graalvm-jdk-21.0.4/Contents/Home
2024-11-03 18:37:53.339Z WARN  c.a.m.o.e.i.q.QuickPulsePingSender - Pinging live metrics endpoint: java.net.SocketException: Connection reset (https://eastus.livediagnostics.monitor.azure.com/QuickPulseService.svc) (future warnings will be aggregated and logged once every 5 minutes)
reactor.core.Exceptions$ReactiveException: java.net.SocketException: Connection reset
	at reactor.core.Exceptions.propagate(Exceptions.java:408)
	at reactor.core.publisher.BlockingSingleSubscriber.blockingGet(BlockingSingleSubscriber.java:101)
	at reactor.core.publisher.Mono.block(Mono.java:1712)
	at com.azure.monitor.opentelemetry.exporter.implementation.quickpulse.QuickPulsePingSender.ping(QuickPulsePingSender.java:102)
	at com.azure.monitor.opentelemetry.exporter.implementation.quickpulse.QuickPulseCoordinator.ping(QuickPulseCoordinator.java:100)
	at com.azure.monitor.opentelemetry.exporter.implementation.quickpulse.QuickPulseCoordinator.run(QuickPulseCoordinator.java:53)
	at java.base/java.lang.Thread.run(Thread.java:1583)
	Suppressed: java.lang.Exception: #block terminated with an error
		at reactor.core.publisher.BlockingSingleSubscriber.blockingGet(BlockingSingleSubscriber.java:103)
		... 5 common frames omitted
Caused by: java.net.SocketException: Connection reset
	at java.base/sun.nio.ch.SocketChannelImpl.throwConnectionReset(SocketChannelImpl.java:401)
	at java.base/sun.nio.ch.SocketChannelImpl.read(SocketChannelImpl.java:434)
	at io.netty.buffer.PooledByteBuf.setBytes(PooledByteBuf.java:255)
	at io.netty.buffer.AbstractByteBuf.writeBytes(AbstractByteBuf.java:1132)
	at io.netty.buffer.WrappedByteBuf.writeBytes(WrappedByteBuf.java:821)
	at io.netty.channel.socket.nio.NioSocketChannel.doReadBytes(NioSocketChannel.java:357)
	at io.netty.channel.nio.AbstractNioByteChannel$NioByteUnsafe.read(AbstractNioByteChannel.java:151)
	at io.netty.channel.nio.NioEventLoop.processSelectedKey(NioEventLoop.java:788)
	at io.netty.channel.nio.NioEventLoop.processSelectedKeysOptimized(NioEventLoop.java:724)
	at io.netty.channel.nio.NioEventLoop.processSelectedKeys(NioEventLoop.java:650)
	at io.netty.channel.nio.NioEventLoop.run(NioEventLoop.java:562)
	at io.netty.util.concurrent.SingleThreadEventExecutor$4.run(SingleThreadEventExecutor.java:997)
	at io.netty.util.internal.ThreadExecutorMap$2.run(ThreadExecutorMap.java:74)
	at io.netty.util.concurrent.FastThreadLocalRunnable.run(FastThreadLocalRunnable.java:30)
	... 1 common frames omitted
2024-11-03 18:48:35.384Z WARN  c.a.m.o.e.i.p.TelemetryPipeline - Sending telemetry to the ingestion service: Connection reset (https://eastus-8.in.applicationinsights.azure.com/v2.1/track) (telemetry will be stored to disk and retried) (future warnings will be aggregated and logged once every 5 minutes)
java.net.SocketException: Connection reset
	at java.base/sun.nio.ch.SocketChannelImpl.throwConnectionReset(SocketChannelImpl.java:401)
	at java.base/sun.nio.ch.SocketChannelImpl.read(SocketChannelImpl.java:434)
	at io.netty.buffer.PooledByteBuf.setBytes(PooledByteBuf.java:255)
	at io.netty.buffer.AbstractByteBuf.writeBytes(AbstractByteBuf.java:1132)
	at io.netty.channel.socket.nio.NioSocketChannel.doReadBytes(NioSocketChannel.java:357)
	at io.netty.channel.nio.AbstractNioByteChannel$NioByteUnsafe.read(AbstractNioByteChannel.java:151)
	at io.netty.channel.nio.NioEventLoop.processSelectedKey(NioEventLoop.java:788)
	at io.netty.channel.nio.NioEventLoop.processSelectedKeysOptimized(NioEventLoop.java:724)
	at io.netty.channel.nio.NioEventLoop.processSelectedKeys(NioEventLoop.java:650)
	at io.netty.channel.nio.NioEventLoop.run(NioEventLoop.java:562)
	at io.netty.util.concurrent.SingleThreadEventExecutor$4.run(SingleThreadEventExecutor.java:997)
	at io.netty.util.internal.ThreadExecutorMap$2.run(ThreadExecutorMap.java:74)
	at io.netty.util.concurrent.FastThreadLocalRunnable.run(FastThreadLocalRunnable.java:30)
	at java.base/java.lang.Thread.run(Thread.java:1583)
2024-11-03 18:52:36.763Z WARN  c.a.m.o.e.i.q.QuickPulsePingSender - In the last 5 minutes, the following operation has failed 1 times (out of 333): Pinging live metrics endpoint:
 * java.net.SocketException: Connection reset (https://eastus.livediagnostics.monitor.azure.com/QuickPulseService.svc) (1 times)
2024-11-03 21:39:18.788Z WARN  c.a.m.o.e.i.p.TelemetryPipeline - In the last 5 minutes, the following operation has failed 1 times (out of 6): Sending telemetry to the ingestion service:
 * Connection reset (https://eastus-8.in.applicationinsights.azure.com/v2.1/track) (telemetry will be stored to disk and retried) (1 times)
2024-11-03 22:24:40.786Z WARN  c.a.m.o.e.i.p.TelemetryPipeline - Sending telemetry to the ingestion service (retry from disk): Connection reset (https://eastus-8.in.applicationinsights.azure.com/v2.1/track) (will be retried again) (future warnings will be aggregated and logged once every 5 minutes)
java.net.SocketException: Connection reset
	at java.base/sun.nio.ch.SocketChannelImpl.throwConnectionReset(SocketChannelImpl.java:401)
	at java.base/sun.nio.ch.SocketChannelImpl.read(SocketChannelImpl.java:434)
	at io.netty.buffer.PooledByteBuf.setBytes(PooledByteBuf.java:255)
	at io.netty.buffer.AbstractByteBuf.writeBytes(AbstractByteBuf.java:1132)
	at io.netty.channel.socket.nio.NioSocketChannel.doReadBytes(NioSocketChannel.java:357)
	at io.netty.channel.nio.AbstractNioByteChannel$NioByteUnsafe.read(AbstractNioByteChannel.java:151)
	at io.netty.channel.nio.NioEventLoop.processSelectedKey(NioEventLoop.java:788)
	at io.netty.channel.nio.NioEventLoop.processSelectedKeysOptimized(NioEventLoop.java:724)
	at io.netty.channel.nio.NioEventLoop.processSelectedKeys(NioEventLoop.java:650)
	at io.netty.channel.nio.NioEventLoop.run(NioEventLoop.java:562)
	at io.netty.util.concurrent.SingleThreadEventExecutor$4.run(SingleThreadEventExecutor.java:997)
	at io.netty.util.internal.ThreadExecutorMap$2.run(ThreadExecutorMap.java:74)
	at io.netty.util.concurrent.FastThreadLocalRunnable.run(FastThreadLocalRunnable.java:30)
	at java.base/java.lang.Thread.run(Thread.java:1583)
2024-11-04 04:32:33.990Z WARN  c.a.m.o.e.i.q.QuickPulsePingSender - In the last 5 minutes, the following operation has failed 18 times (out of 56): Pinging live metrics endpoint:
 * java.net.SocketException: Connection reset (https://eastus.livediagnostics.monitor.azure.com/QuickPulseService.svc) (18 times)
2024-11-04 04:33:32.613Z WARN  c.a.m.o.e.i.p.TelemetryPipeline - In the last 5 minutes, the following operation has failed 3 times (out of 5): Sending telemetry to the ingestion service:
 * Connection reset (https://eastus-8.in.applicationinsights.azure.com/v2.1/track) (telemetry will be stored to disk and retried) (3 times)
2024-11-04 04:33:57.970Z WARN  c.a.m.o.e.i.p.TelemetryPipeline - In the last 5 minutes, the following operation has failed 1 times (out of 6): Sending telemetry to the ingestion service (retry from disk):
 * Connection reset (https://eastus-8.in.applicationinsights.azure.com/v2.1/track) (will be retried again) (1 times)
2024-11-04 06:18:14.014Z WARN  c.a.m.o.e.i.q.QuickPulsePingSender - In the last 5 minutes, the following operation has failed 1 times (out of 57): Pinging live metrics endpoint:
 * java.net.SocketException: Connection reset (https://eastus.livediagnostics.monitor.azure.com/QuickPulseService.svc) (1 times)
2024-11-04 06:19:12.624Z WARN  c.a.m.o.e.i.p.TelemetryPipeline - In the last 5 minutes, the following operation has failed 1 times (out of 5): Sending telemetry to the ingestion service:
 * Connection reset (https://eastus-8.in.applicationinsights.azure.com/v2.1/track) (telemetry will be stored to disk and retried) (1 times)
2024-11-04 06:19:37.978Z WARN  c.a.m.o.e.i.p.TelemetryPipeline - In the last 5 minutes, the following operation has failed 1 times (out of 2): Sending telemetry to the ingestion service (retry from disk):
 * Connection reset (https://eastus-8.in.applicationinsights.azure.com/v2.1/track) (will be retried again) (1 times)
2024-11-04 06:39:25.758Z WARN  c.a.m.o.e.i.q.QuickPulsePingSender - In the last 5 minutes, the following operation has failed 1 times (out of 51): Pinging live metrics endpoint:
 * java.net.SocketException: Connection reset (https://eastus.livediagnostics.monitor.azure.com/QuickPulseService.svc) (1 times)
2024-11-04 06:43:09.617Z WARN  c.a.m.o.e.i.p.TelemetryPipeline - In the last 5 minutes, the following operation has failed 1 times (out of 5): Sending telemetry to the ingestion service:
 * Channel response timed out after 60000 milliseconds. (https://eastus-8.in.applicationinsights.azure.com/v2.1/track) (telemetry will be stored to disk and retried) (1 times)
2024-11-04 06:47:10.996Z WARN  c.a.m.o.e.i.q.QuickPulsePingSender - In the last 5 minutes, the following operation has failed 1 times (out of 50): Pinging live metrics endpoint:
 * java.util.concurrent.TimeoutException: Channel response timed out after 60000 milliseconds. (https://eastus.livediagnostics.monitor.azure.com/QuickPulseService.svc) (1 times)
2024-11-04 08:33:04.086Z INFO  c.m.applicationinsights.agent - Application Insights Java Agent 3.4.19 started successfully (PID 77792, JVM running for 6.633 s)
2024-11-04 08:33:04.089Z INFO  c.m.applicationinsights.agent - Java version: 21.0.4, vendor: Oracle Corporation, home: /Users/mandar.risbud/Library/Java/JavaVirtualMachines/graalvm-jdk-21.0.4/Contents/Home
2024-11-04 08:41:03.874Z INFO  c.m.applicationinsights.agent - Application Insights Java Agent 3.4.19 started successfully (PID 77882, JVM running for 6.621 s)
2024-11-04 08:41:03.877Z INFO  c.m.applicationinsights.agent - Java version: 21.0.4, vendor: Oracle Corporation, home: /Users/mandar.risbud/Library/Java/JavaVirtualMachines/graalvm-jdk-21.0.4/Contents/Home
2024-11-04 09:04:31.332Z WARN  c.a.m.o.e.i.q.QuickPulsePingSender - Pinging live metrics endpoint: java.io.IOException: Operation timed out (https://eastus.livediagnostics.monitor.azure.com/QuickPulseService.svc) (future warnings will be aggregated and logged once every 5 minutes)
reactor.core.Exceptions$ReactiveException: java.io.IOException: Operation timed out
	at reactor.core.Exceptions.propagate(Exceptions.java:408)
	at reactor.core.publisher.BlockingSingleSubscriber.blockingGet(BlockingSingleSubscriber.java:101)
	at reactor.core.publisher.Mono.block(Mono.java:1712)
	at com.azure.monitor.opentelemetry.exporter.implementation.quickpulse.QuickPulsePingSender.ping(QuickPulsePingSender.java:102)
	at com.azure.monitor.opentelemetry.exporter.implementation.quickpulse.QuickPulseCoordinator.ping(QuickPulseCoordinator.java:100)
	at com.azure.monitor.opentelemetry.exporter.implementation.quickpulse.QuickPulseCoordinator.run(QuickPulseCoordinator.java:53)
	at java.base/java.lang.Thread.run(Thread.java:1583)
	Suppressed: java.lang.Exception: #block terminated with an error
		at reactor.core.publisher.BlockingSingleSubscriber.blockingGet(BlockingSingleSubscriber.java:103)
		... 5 common frames omitted
Caused by: java.io.IOException: Operation timed out
	at java.base/sun.nio.ch.SocketDispatcher.read0(Native Method)
	at java.base/sun.nio.ch.SocketDispatcher.read(SocketDispatcher.java:47)
	at java.base/sun.nio.ch.IOUtil.readIntoNativeBuffer(IOUtil.java:340)
	at java.base/sun.nio.ch.IOUtil.read(IOUtil.java:294)
	at java.base/sun.nio.ch.IOUtil.read(IOUtil.java:269)
	at java.base/sun.nio.ch.SocketChannelImpl.read(SocketChannelImpl.java:425)
	at io.netty.buffer.PooledByteBuf.setBytes(PooledByteBuf.java:255)
	at io.netty.buffer.AbstractByteBuf.writeBytes(AbstractByteBuf.java:1132)
	at io.netty.channel.socket.nio.NioSocketChannel.doReadBytes(NioSocketChannel.java:357)
	at io.netty.channel.nio.AbstractNioByteChannel$NioByteUnsafe.read(AbstractNioByteChannel.java:151)
	at io.netty.channel.nio.NioEventLoop.processSelectedKey(NioEventLoop.java:788)
	at io.netty.channel.nio.NioEventLoop.processSelectedKeysOptimized(NioEventLoop.java:724)
	at io.netty.channel.nio.NioEventLoop.processSelectedKeys(NioEventLoop.java:650)
	at io.netty.channel.nio.NioEventLoop.run(NioEventLoop.java:562)
	at io.netty.util.concurrent.SingleThreadEventExecutor$4.run(SingleThreadEventExecutor.java:997)
	at io.netty.util.internal.ThreadExecutorMap$2.run(ThreadExecutorMap.java:74)
	at io.netty.util.concurrent.FastThreadLocalRunnable.run(FastThreadLocalRunnable.java:30)
	... 1 common frames omitted
2024-11-04 09:14:43.570Z WARN  c.a.m.o.e.i.p.TelemetryPipeline - Sending telemetry to the ingestion service: Operation timed out (https://eastus-8.in.applicationinsights.azure.com/v2.1/track) (telemetry will be stored to disk and retried) (future warnings will be aggregated and logged once every 5 minutes)
java.io.IOException: Operation timed out
	at java.base/sun.nio.ch.SocketDispatcher.read0(Native Method)
	at java.base/sun.nio.ch.SocketDispatcher.read(SocketDispatcher.java:47)
	at java.base/sun.nio.ch.IOUtil.readIntoNativeBuffer(IOUtil.java:340)
	at java.base/sun.nio.ch.IOUtil.read(IOUtil.java:294)
	at java.base/sun.nio.ch.IOUtil.read(IOUtil.java:269)
	at java.base/sun.nio.ch.SocketChannelImpl.read(SocketChannelImpl.java:425)
	at io.netty.buffer.PooledByteBuf.setBytes(PooledByteBuf.java:255)
	at io.netty.buffer.AbstractByteBuf.writeBytes(AbstractByteBuf.java:1132)
	at io.netty.channel.socket.nio.NioSocketChannel.doReadBytes(NioSocketChannel.java:357)
	at io.netty.channel.nio.AbstractNioByteChannel$NioByteUnsafe.read(AbstractNioByteChannel.java:151)
	at io.netty.channel.nio.NioEventLoop.processSelectedKey(NioEventLoop.java:788)
	at io.netty.channel.nio.NioEventLoop.processSelectedKeysOptimized(NioEventLoop.java:724)
	at io.netty.channel.nio.NioEventLoop.processSelectedKeys(NioEventLoop.java:650)
	at io.netty.channel.nio.NioEventLoop.run(NioEventLoop.java:562)
	at io.netty.util.concurrent.SingleThreadEventExecutor$4.run(SingleThreadEventExecutor.java:997)
	at io.netty.util.internal.ThreadExecutorMap$2.run(ThreadExecutorMap.java:74)
	at io.netty.util.concurrent.FastThreadLocalRunnable.run(FastThreadLocalRunnable.java:30)
	at java.base/java.lang.Thread.run(Thread.java:1583)
2024-11-04 09:18:56.944Z WARN  c.a.m.o.e.i.q.QuickPulsePingSender - In the last 5 minutes, the following operation has failed 1 times (out of 130): Pinging live metrics endpoint:
 * java.util.concurrent.TimeoutException: Channel response timed out after 60000 milliseconds. (https://eastus.livediagnostics.monitor.azure.com/QuickPulseService.svc) (1 times)
2024-11-04 10:02:13.889Z WARN  c.a.m.o.e.i.q.QuickPulsePingSender - In the last 5 minutes, the following operation has failed 1 times (out of 49): Pinging live metrics endpoint:
 * java.io.IOException: Operation timed out (https://eastus.livediagnostics.monitor.azure.com/QuickPulseService.svc) (1 times)
2024-11-04 10:03:00.516Z WARN  c.a.m.o.e.i.p.TelemetryPipeline - In the last 5 minutes, the following operation has failed 1 times (out of 5): Sending telemetry to the ingestion service:
 * Operation timed out (https://eastus-8.in.applicationinsights.azure.com/v2.1/track) (telemetry will be stored to disk and retried) (1 times)
2024-11-04 11:32:13.932Z WARN  c.a.m.o.e.i.q.QuickPulsePingSender - In the last 5 minutes, the following operation has failed 2 times (out of 57): Pinging live metrics endpoint:
 * java.net.SocketException: Connection reset (https://eastus.livediagnostics.monitor.azure.com/QuickPulseService.svc) (2 times)
2024-11-04 11:37:13.937Z WARN  c.a.m.o.e.i.q.QuickPulsePingSender - In the last 5 minutes, the following operation has failed 1 times (out of 57): Pinging live metrics endpoint:
 * java.net.SocketException: Connection reset (https://eastus.livediagnostics.monitor.azure.com/QuickPulseService.svc) (1 times)
2024-11-04 12:33:00.584Z WARN  c.a.m.o.e.i.p.TelemetryPipeline - In the last 5 minutes, the following operation has failed 1 times (out of 5): Sending telemetry to the ingestion service:
 * Connection reset (https://eastus-8.in.applicationinsights.azure.com/v2.1/track) (telemetry will be stored to disk and retried) (1 times)
2024-11-04 13:09:28.079Z ERROR c.a.m.o.e.i.q.QuickPulsePingSender - 
*************************
Application Insights Java failed to connect to https://eastus.livediagnostics.monitor.azure.com/QuickPulseService.svc
*************************

Description:
Unable to resolve host in url

Action:
Please update your network configuration so that the host in this url can be resolved: https://eastus.livediagnostics.monitor.azure.com/QuickPulseService.svc
Learn more about troubleshooting unknown host exception here: https://go.microsoft.com/fwlink/?linkid=2185830

Note:
This message is only logged the first time it occurs after startup.

2024-11-04 13:30:25.898Z ERROR c.a.m.o.e.i.p.TelemetryPipeline - 
*************************
Application Insights Java failed to connect to https://eastus-8.in.applicationinsights.azure.com/v2.1/track
*************************

Description:
Unable to resolve host in url

Action:
Please update your network configuration so that the host in this url can be resolved: https://eastus-8.in.applicationinsights.azure.com/v2.1/track
Learn more about troubleshooting unknown host exception here: https://go.microsoft.com/fwlink/?linkid=2185830

Note:
This message is only logged the first time it occurs after startup.

2024-11-04 13:37:30.876Z WARN  c.a.m.o.e.i.q.QuickPulsePingSender - In the last 5 minutes, the following operation has failed 1 times (out of 34): Pinging live metrics endpoint:
 * java.util.concurrent.TimeoutException: Channel response timed out after 60000 milliseconds. (https://eastus.livediagnostics.monitor.azure.com/QuickPulseService.svc) (1 times)
2024-11-04 13:38:17.493Z WARN  c.a.m.o.e.i.p.TelemetryPipeline - In the last 5 minutes, the following operation has failed 1 times (out of 5): Sending telemetry to the ingestion service:
 * Operation timed out (https://eastus-8.in.applicationinsights.azure.com/v2.1/track) (telemetry will be stored to disk and retried) (1 times)
2024-11-04 14:18:34.932Z WARN  c.a.m.o.e.i.p.TelemetryPipeline - In the last 5 minutes, the following operation has failed 1 times (out of 5): Sending telemetry to the ingestion service:
 * Connection reset (https://eastus-8.in.applicationinsights.azure.com/v2.1/track) (telemetry will be stored to disk and retried) (1 times)
2024-11-04 15:59:16.682Z WARN  c.a.m.o.e.i.p.TelemetryPipeline - Sending telemetry to the ingestion service (retry from disk): Connection reset (https://eastus-8.in.applicationinsights.azure.com/v2.1/track) (will be retried again) (future warnings will be aggregated and logged once every 5 minutes)
java.net.SocketException: Connection reset
	at java.base/sun.nio.ch.SocketChannelImpl.throwConnectionReset(SocketChannelImpl.java:401)
	at java.base/sun.nio.ch.SocketChannelImpl.read(SocketChannelImpl.java:434)
	at io.netty.buffer.PooledByteBuf.setBytes(PooledByteBuf.java:255)
	at io.netty.buffer.AbstractByteBuf.writeBytes(AbstractByteBuf.java:1132)
	at io.netty.channel.socket.nio.NioSocketChannel.doReadBytes(NioSocketChannel.java:357)
	at io.netty.channel.nio.AbstractNioByteChannel$NioByteUnsafe.read(AbstractNioByteChannel.java:151)
	at io.netty.channel.nio.NioEventLoop.processSelectedKey(NioEventLoop.java:788)
	at io.netty.channel.nio.NioEventLoop.processSelectedKeysOptimized(NioEventLoop.java:724)
	at io.netty.channel.nio.NioEventLoop.processSelectedKeys(NioEventLoop.java:650)
	at io.netty.channel.nio.NioEventLoop.run(NioEventLoop.java:562)
	at io.netty.util.concurrent.SingleThreadEventExecutor$4.run(SingleThreadEventExecutor.java:997)
	at io.netty.util.internal.ThreadExecutorMap$2.run(ThreadExecutorMap.java:74)
	at io.netty.util.concurrent.FastThreadLocalRunnable.run(FastThreadLocalRunnable.java:30)
	at java.base/java.lang.Thread.run(Thread.java:1583)
2024-11-04 16:24:57.578Z WARN  c.a.m.o.e.i.q.QuickPulsePingSender - In the last 5 minutes, the following operation has failed 6 times (out of 57): Pinging live metrics endpoint:
 * java.net.SocketException: Connection reset (https://eastus.livediagnostics.monitor.azure.com/QuickPulseService.svc) (6 times)
2024-11-04 16:26:20.739Z WARN  c.a.m.o.e.i.p.TelemetryPipeline - In the last 5 minutes, the following operation has failed 3 times (out of 5): Sending telemetry to the ingestion service:
 * Connection reset (https://eastus-8.in.applicationinsights.azure.com/v2.1/track) (telemetry will be stored to disk and retried) (3 times)
2024-11-04 17:09:05.694Z WARN  c.a.m.o.e.i.q.QuickPulsePingSender - In the last 5 minutes, the following operation has failed 3 times (out of 57): Pinging live metrics endpoint:
 * java.net.SocketException: Connection reset (https://eastus.livediagnostics.monitor.azure.com/QuickPulseService.svc) (3 times)
2024-11-04 17:09:52.315Z WARN  c.a.m.o.e.i.p.TelemetryPipeline - In the last 5 minutes, the following operation has failed 1 times (out of 5): Sending telemetry to the ingestion service:
 * Connection reset (https://eastus-8.in.applicationinsights.azure.com/v2.1/track) (telemetry will be stored to disk and retried) (1 times)
2024-11-04 21:24:28.267Z WARN  c.a.m.o.e.i.q.QuickPulsePingSender - In the last 5 minutes, the following operation has failed 8 times (out of 57): Pinging live metrics endpoint:
 * java.net.SocketException: Connection reset (https://eastus.livediagnostics.monitor.azure.com/QuickPulseService.svc) (8 times)
2024-11-04 22:15:11.890Z WARN  c.a.m.o.e.i.p.TelemetryPipeline - In the last 5 minutes, the following operation has failed 3 times (out of 5): Sending telemetry to the ingestion service:
 * Connection reset (https://eastus-8.in.applicationinsights.azure.com/v2.1/track) (telemetry will be stored to disk and retried) (3 times)
2024-11-05 03:47:16.178Z WARN  c.a.m.o.e.i.q.QuickPulsePingSender - In the last 5 minutes, the following operation has failed 6 times (out of 20): Pinging live metrics endpoint:
 * java.net.SocketException: Connection reset (https://eastus.livediagnostics.monitor.azure.com/QuickPulseService.svc) (5 times)
 * io.netty.channel.ConnectTimeoutException: connection timed out after 10000 ms: eastus.livediagnostics.monitor.azure.com/20.49.111.33:443 (https://eastus.livediagnostics.monitor.azure.com/QuickPulseService.svc) (1 times)
2024-11-05 04:21:02.841Z WARN  c.a.m.o.e.i.p.TelemetryPipeline - In the last 5 minutes, the following operation has failed 2 times (out of 2): Sending telemetry to the ingestion service:
 * Connection reset (https://eastus-8.in.applicationinsights.azure.com/v2.1/track) (telemetry will be stored to disk and retried) (1 times)
 * Operation timed out (https://eastus-8.in.applicationinsights.azure.com/v2.1/track) (telemetry will be stored to disk and retried) (1 times)
2024-11-05 04:25:16.215Z WARN  c.a.m.o.e.i.q.QuickPulsePingSender - In the last 5 minutes, the following operation has failed 1 times (out of 29): Pinging live metrics endpoint:
 * java.util.concurrent.TimeoutException: Channel response timed out after 60000 milliseconds. (https://eastus.livediagnostics.monitor.azure.com/QuickPulseService.svc) (1 times)
2024-11-05 04:45:16.656Z WARN  c.a.m.o.e.i.q.QuickPulsePingSender - In the last 5 minutes, the following operation has failed 1 times (out of 42): Pinging live metrics endpoint:
 * java.util.concurrent.TimeoutException: Channel response timed out after 60000 milliseconds. (https://eastus.livediagnostics.monitor.azure.com/QuickPulseService.svc) (1 times)
2024-11-05 04:55:16.661Z WARN  c.a.m.o.e.i.q.QuickPulsePingSender - In the last 5 minutes, the following operation has failed 1 times (out of 39): Pinging live metrics endpoint:
 * java.util.concurrent.TimeoutException: Channel response timed out after 60000 milliseconds. (https://eastus.livediagnostics.monitor.azure.com/QuickPulseService.svc) (1 times)
2024-11-05 04:56:03.270Z WARN  c.a.m.o.e.i.p.TelemetryPipeline - In the last 5 minutes, the following operation has failed 1 times (out of 5): Sending telemetry to the ingestion service:
 * Connection reset (https://eastus-8.in.applicationinsights.azure.com/v2.1/track) (telemetry will be stored to disk and retried) (1 times)
2024-11-05 05:37:46.660Z WARN  c.a.m.o.e.i.q.QuickPulsePingSender - In the last 5 minutes, the following operation has failed 2 times (out of 39): Pinging live metrics endpoint:
 * java.io.IOException: Operation timed out (https://eastus.livediagnostics.monitor.azure.com/QuickPulseService.svc) (1 times)
 * java.net.SocketException: Connection reset (https://eastus.livediagnostics.monitor.azure.com/QuickPulseService.svc) (1 times)
2024-11-05 05:43:11.505Z WARN  c.a.m.o.e.i.p.TelemetryPipeline - In the last 5 minutes, the following operation has failed 1 times (out of 4): Sending telemetry to the ingestion service:
 * Connection reset (https://eastus-8.in.applicationinsights.azure.com/v2.1/track) (telemetry will be stored to disk and retried) (1 times)
2024-11-05 05:48:15.311Z WARN  c.a.m.o.e.i.q.QuickPulsePingSender - In the last 5 minutes, the following operation has failed 2 times (out of 34): Pinging live metrics endpoint:
 * java.util.concurrent.TimeoutException: Channel response timed out after 60000 milliseconds. (https://eastus.livediagnostics.monitor.azure.com/QuickPulseService.svc) (2 times)
2024-11-05 05:49:01.920Z WARN  c.a.m.o.e.i.p.TelemetryPipeline - In the last 5 minutes, the following operation has failed 1 times (out of 7): Sending telemetry to the ingestion service:
 * Channel response timed out after 60000 milliseconds. (https://eastus-8.in.applicationinsights.azure.com/v2.1/track) (telemetry will be stored to disk and retried) (1 times)
2024-11-05 06:20:07.413Z WARN  c.a.m.o.e.i.q.QuickPulsePingSender - In the last 5 minutes, the following operation has failed 1 times (out of 55): Pinging live metrics endpoint:
 * java.util.concurrent.TimeoutException: Channel response timed out after 60000 milliseconds. (https://eastus.livediagnostics.monitor.azure.com/QuickPulseService.svc) (1 times)
2024-11-05 06:20:53.986Z WARN  c.a.m.o.e.i.p.TelemetryPipeline - In the last 5 minutes, the following operation has failed 2 times (out of 6): Sending telemetry to the ingestion service:
 * Operation timed out (https://eastus-8.in.applicationinsights.azure.com/v2.1/track) (telemetry will be stored to disk and retried) (2 times)
2024-11-05 06:51:43.579Z WARN  c.a.m.o.e.i.q.QuickPulsePingSender - In the last 5 minutes, the following operation has failed 1 times (out of 49): Pinging live metrics endpoint:
 * java.io.IOException: Operation timed out (https://eastus.livediagnostics.monitor.azure.com/QuickPulseService.svc) (1 times)
2024-11-05 06:52:30.187Z WARN  c.a.m.o.e.i.p.TelemetryPipeline - In the last 5 minutes, the following operation has failed 2 times (out of 5): Sending telemetry to the ingestion service:
 * Channel response timed out after 60000 milliseconds. (https://eastus-8.in.applicationinsights.azure.com/v2.1/track) (telemetry will be stored to disk and retried) (1 times)
 * Operation timed out (https://eastus-8.in.applicationinsights.azure.com/v2.1/track) (telemetry will be stored to disk and retried) (1 times)
2024-11-05 08:04:19.376Z WARN  c.a.m.o.e.i.q.QuickPulsePingSender - In the last 5 minutes, the following operation has failed 1 times (out of 50): Pinging live metrics endpoint:
 * java.io.IOException: Operation timed out (https://eastus.livediagnostics.monitor.azure.com/QuickPulseService.svc) (1 times)
2024-11-05 08:05:05.985Z WARN  c.a.m.o.e.i.p.TelemetryPipeline - In the last 5 minutes, the following operation has failed 2 times (out of 6): Sending telemetry to the ingestion service:
 * Operation timed out (https://eastus-8.in.applicationinsights.azure.com/v2.1/track) (telemetry will be stored to disk and retried) (2 times)
2024-11-05 14:51:54.038Z WARN  c.a.m.o.e.i.p.TelemetryPipeline - In the last 5 minutes, the following operation has failed 1 times (out of 6): Sending telemetry to the ingestion service:
 * Operation timed out (https://eastus-8.in.applicationinsights.azure.com/v2.1/track) (telemetry will be stored to disk and retried) (1 times)
2024-11-05 15:18:22.559Z INFO  c.m.applicationinsights.agent - Application Insights Java Agent 3.4.19 started successfully (PID 90775, JVM running for 6.718 s)
2024-11-05 15:18:22.564Z INFO  c.m.applicationinsights.agent - Java version: 21.0.4, vendor: Oracle Corporation, home: /Users/mandar.risbud/Library/Java/JavaVirtualMachines/graalvm-jdk-21.0.4/Contents/Home
2024-11-05 15:41:21.733Z WARN  c.a.m.o.e.i.q.QuickPulsePingSender - Pinging live metrics endpoint: java.io.IOException: Operation timed out (https://eastus.livediagnostics.monitor.azure.com/QuickPulseService.svc) (future warnings will be aggregated and logged once every 5 minutes)
reactor.core.Exceptions$ReactiveException: java.io.IOException: Operation timed out
	at reactor.core.Exceptions.propagate(Exceptions.java:408)
	at reactor.core.publisher.BlockingSingleSubscriber.blockingGet(BlockingSingleSubscriber.java:101)
	at reactor.core.publisher.Mono.block(Mono.java:1712)
	at com.azure.monitor.opentelemetry.exporter.implementation.quickpulse.QuickPulsePingSender.ping(QuickPulsePingSender.java:102)
	at com.azure.monitor.opentelemetry.exporter.implementation.quickpulse.QuickPulseCoordinator.ping(QuickPulseCoordinator.java:100)
	at com.azure.monitor.opentelemetry.exporter.implementation.quickpulse.QuickPulseCoordinator.run(QuickPulseCoordinator.java:53)
	at java.base/java.lang.Thread.run(Thread.java:1583)
	Suppressed: java.lang.Exception: #block terminated with an error
		at reactor.core.publisher.BlockingSingleSubscriber.blockingGet(BlockingSingleSubscriber.java:103)
		... 5 common frames omitted
Caused by: java.io.IOException: Operation timed out
	at java.base/sun.nio.ch.SocketDispatcher.read0(Native Method)
	at java.base/sun.nio.ch.SocketDispatcher.read(SocketDispatcher.java:47)
	at java.base/sun.nio.ch.IOUtil.readIntoNativeBuffer(IOUtil.java:340)
	at java.base/sun.nio.ch.IOUtil.read(IOUtil.java:294)
	at java.base/sun.nio.ch.IOUtil.read(IOUtil.java:269)
	at java.base/sun.nio.ch.SocketChannelImpl.read(SocketChannelImpl.java:425)
	at io.netty.buffer.PooledByteBuf.setBytes(PooledByteBuf.java:255)
	at io.netty.buffer.AbstractByteBuf.writeBytes(AbstractByteBuf.java:1132)
	at io.netty.channel.socket.nio.NioSocketChannel.doReadBytes(NioSocketChannel.java:357)
	at io.netty.channel.nio.AbstractNioByteChannel$NioByteUnsafe.read(AbstractNioByteChannel.java:151)
	at io.netty.channel.nio.NioEventLoop.processSelectedKey(NioEventLoop.java:788)
	at io.netty.channel.nio.NioEventLoop.processSelectedKeysOptimized(NioEventLoop.java:724)
	at io.netty.channel.nio.NioEventLoop.processSelectedKeys(NioEventLoop.java:650)
	at io.netty.channel.nio.NioEventLoop.run(NioEventLoop.java:562)
	at io.netty.util.concurrent.SingleThreadEventExecutor$4.run(SingleThreadEventExecutor.java:997)
	at io.netty.util.internal.ThreadExecutorMap$2.run(ThreadExecutorMap.java:74)
	at io.netty.util.concurrent.FastThreadLocalRunnable.run(FastThreadLocalRunnable.java:30)
	... 1 common frames omitted
2024-11-05 16:03:39.424Z ERROR c.a.m.o.e.i.q.QuickPulsePingSender - 
*************************
Application Insights Java failed to connect to https://eastus.livediagnostics.monitor.azure.com/QuickPulseService.svc
*************************

Description:
Unable to resolve host in url

Action:
Please update your network configuration so that the host in this url can be resolved: https://eastus.livediagnostics.monitor.azure.com/QuickPulseService.svc
Learn more about troubleshooting unknown host exception here: https://go.microsoft.com/fwlink/?linkid=2185830

Note:
This message is only logged the first time it occurs after startup.

2024-11-05 17:17:07.815Z WARN  c.a.m.o.e.i.p.TelemetryPipeline - Sending telemetry to the ingestion service: Channel response timed out after 60000 milliseconds. (https://eastus-8.in.applicationinsights.azure.com/v2.1/track) (telemetry will be stored to disk and retried) (future warnings will be aggregated and logged once every 5 minutes)
java.util.concurrent.TimeoutException: Channel response timed out after 60000 milliseconds.
	at com.azure.core.http.netty.implementation.AzureSdkHandler.responseTimedOut(AzureSdkHandler.java:200)
	at com.azure.core.http.netty.implementation.AzureSdkHandler.lambda$startResponseTracking$2(AzureSdkHandler.java:184)
	at io.netty.util.concurrent.PromiseTask.runTask(PromiseTask.java:98)
	at io.netty.util.concurrent.ScheduledFutureTask.run(ScheduledFutureTask.java:153)
	at io.netty.util.concurrent.AbstractEventExecutor.runTask(AbstractEventExecutor.java:173)
	at io.netty.util.concurrent.AbstractEventExecutor.safeExecute(AbstractEventExecutor.java:166)
	at io.netty.util.concurrent.SingleThreadEventExecutor.runAllTasks(SingleThreadEventExecutor.java:470)
	at io.netty.channel.nio.NioEventLoop.run(NioEventLoop.java:569)
	at io.netty.util.concurrent.SingleThreadEventExecutor$4.run(SingleThreadEventExecutor.java:997)
	at io.netty.util.internal.ThreadExecutorMap$2.run(ThreadExecutorMap.java:74)
	at io.netty.util.concurrent.FastThreadLocalRunnable.run(FastThreadLocalRunnable.java:30)
	at java.base/java.lang.Thread.run(Thread.java:1583)
2024-11-05 19:08:45.305Z ERROR c.a.m.o.e.i.p.TelemetryPipeline - 
*************************
Application Insights Java failed to connect to https://eastus-8.in.applicationinsights.azure.com/v2.1/track
*************************

Description:
Unable to resolve host in url

Action:
Please update your network configuration so that the host in this url can be resolved: https://eastus-8.in.applicationinsights.azure.com/v2.1/track
Learn more about troubleshooting unknown host exception here: https://go.microsoft.com/fwlink/?linkid=2185830

Note:
This message is only logged the first time it occurs after startup.

2024-11-05 20:46:57.433Z WARN  c.a.m.o.e.i.q.QuickPulsePingSender - In the last 5 minutes, the following operation has failed 1 times (out of 26): Pinging live metrics endpoint:
 * java.io.IOException: Operation timed out (https://eastus.livediagnostics.monitor.azure.com/QuickPulseService.svc) (1 times)
2024-11-05 22:29:31.696Z WARN  c.a.m.o.e.i.p.TelemetryPipeline - In the last 5 minutes, the following operation has failed 1 times (out of 2): Sending telemetry to the ingestion service:
 * Operation timed out (https://eastus-8.in.applicationinsights.azure.com/v2.1/track) (telemetry will be stored to disk and retried) (1 times)
2024-11-06 03:11:29.066Z WARN  c.a.m.o.e.i.p.TelemetryPipeline - In the last 5 minutes, the following operation has failed 1 times (out of 7): Sending telemetry to the ingestion service:
 * Connection reset (https://eastus-8.in.applicationinsights.azure.com/v2.1/track) (telemetry will be stored to disk and retried) (1 times)
2024-11-06 03:26:52.712Z WARN  c.a.m.o.e.i.p.TelemetryPipeline - Sending telemetry to the ingestion service (retry from disk): Connection reset (https://eastus-8.in.applicationinsights.azure.com/v2.1/track) (will be retried again) (future warnings will be aggregated and logged once every 5 minutes)
java.net.SocketException: Connection reset
	at java.base/sun.nio.ch.SocketChannelImpl.throwConnectionReset(SocketChannelImpl.java:401)
	at java.base/sun.nio.ch.SocketChannelImpl.read(SocketChannelImpl.java:434)
	at io.netty.buffer.PooledByteBuf.setBytes(PooledByteBuf.java:255)
	at io.netty.buffer.AbstractByteBuf.writeBytes(AbstractByteBuf.java:1132)
	at io.netty.channel.socket.nio.NioSocketChannel.doReadBytes(NioSocketChannel.java:357)
	at io.netty.channel.nio.AbstractNioByteChannel$NioByteUnsafe.read(AbstractNioByteChannel.java:151)
	at io.netty.channel.nio.NioEventLoop.processSelectedKey(NioEventLoop.java:788)
	at io.netty.channel.nio.NioEventLoop.processSelectedKeysOptimized(NioEventLoop.java:724)
	at io.netty.channel.nio.NioEventLoop.processSelectedKeys(NioEventLoop.java:650)
	at io.netty.channel.nio.NioEventLoop.run(NioEventLoop.java:562)
	at io.netty.util.concurrent.SingleThreadEventExecutor$4.run(SingleThreadEventExecutor.java:997)
	at io.netty.util.internal.ThreadExecutorMap$2.run(ThreadExecutorMap.java:74)
	at io.netty.util.concurrent.FastThreadLocalRunnable.run(FastThreadLocalRunnable.java:30)
	at java.base/java.lang.Thread.run(Thread.java:1583)
2024-11-06 04:10:16.212Z WARN  c.a.m.o.e.i.q.QuickPulsePingSender - In the last 5 minutes, the following operation has failed 5 times (out of 34): Pinging live metrics endpoint:
 * java.net.SocketException: Connection reset (https://eastus.livediagnostics.monitor.azure.com/QuickPulseService.svc) (4 times)
 * java.util.concurrent.TimeoutException: Channel response timed out after 60000 milliseconds. (https://eastus.livediagnostics.monitor.azure.com/QuickPulseService.svc) (1 times)
2024-11-06 04:11:38.780Z WARN  c.a.m.o.e.i.p.TelemetryPipeline - In the last 5 minutes, the following operation has failed 1 times (out of 5): Sending telemetry to the ingestion service:
 * Connection reset (https://eastus-8.in.applicationinsights.azure.com/v2.1/track) (telemetry will be stored to disk and retried) (1 times)
2024-11-06 05:04:37.473Z WARN  c.a.m.o.e.i.q.QuickPulsePingSender - In the last 5 minutes, the following operation has failed 1 times (out of 50): Pinging live metrics endpoint:
 * java.net.SocketException: Connection reset (https://eastus.livediagnostics.monitor.azure.com/QuickPulseService.svc) (1 times)
2024-11-06 05:06:00.040Z WARN  c.a.m.o.e.i.p.TelemetryPipeline - In the last 5 minutes, the following operation has failed 2 times (out of 6): Sending telemetry to the ingestion service:
 * Channel response timed out after 60000 milliseconds. (https://eastus-8.in.applicationinsights.azure.com/v2.1/track) (telemetry will be stored to disk and retried) (2 times)
2024-11-06 07:12:51.509Z WARN  c.a.m.o.e.i.q.QuickPulsePingSender - In the last 5 minutes, the following operation has failed 1 times (out of 49): Pinging live metrics endpoint:
 * java.io.IOException: Operation timed out (https://eastus.livediagnostics.monitor.azure.com/QuickPulseService.svc) (1 times)
2024-11-06 07:17:10.133Z WARN  c.a.m.o.e.i.p.TelemetryPipeline - In the last 5 minutes, the following operation has failed 1 times (out of 4): Sending telemetry to the ingestion service:
 * Operation timed out (https://eastus-8.in.applicationinsights.azure.com/v2.1/track) (telemetry will be stored to disk and retried) (1 times)
2024-11-06 07:20:47.571Z WARN  c.a.m.o.e.i.q.QuickPulsePingSender - In the last 5 minutes, the following operation has failed 1 times (out of 46): Pinging live metrics endpoint:
 * java.util.concurrent.TimeoutException: Channel response timed out after 60000 milliseconds. (https://eastus.livediagnostics.monitor.azure.com/QuickPulseService.svc) (1 times)
2024-11-06 07:22:10.134Z WARN  c.a.m.o.e.i.p.TelemetryPipeline - In the last 5 minutes, the following operation has failed 1 times (out of 7): Sending telemetry to the ingestion service:
 * Channel response timed out after 60000 milliseconds. (https://eastus-8.in.applicationinsights.azure.com/v2.1/track) (telemetry will be stored to disk and retried) (1 times)
2024-11-06 08:23:46.881Z WARN  c.a.m.o.e.i.q.QuickPulsePingSender - In the last 5 minutes, the following operation has failed 1 times (out of 36): Pinging live metrics endpoint:
 * java.io.IOException: Operation timed out (https://eastus.livediagnostics.monitor.azure.com/QuickPulseService.svc) (1 times)
2024-11-06 08:25:09.445Z WARN  c.a.m.o.e.i.p.TelemetryPipeline - In the last 5 minutes, the following operation has failed 2 times (out of 6): Sending telemetry to the ingestion service:
 * Channel response timed out after 60000 milliseconds. (https://eastus-8.in.applicationinsights.azure.com/v2.1/track) (telemetry will be stored to disk and retried) (1 times)
 * Operation timed out (https://eastus-8.in.applicationinsights.azure.com/v2.1/track) (telemetry will be stored to disk and retried) (1 times)
2024-11-06 08:25:32.535Z WARN  c.a.m.o.e.i.p.TelemetryPipeline - In the last 5 minutes, the following operation has failed 2 times (out of 4): Sending telemetry to the ingestion service (retry from disk):
 * Channel response timed out after 60000 milliseconds. (https://eastus-8.in.applicationinsights.azure.com/v2.1/track) (will be retried again) (1 times)
 * Operation timed out (https://eastus-8.in.applicationinsights.azure.com/v2.1/track) (will be retried again) (1 times)
2024-11-06 08:28:46.883Z WARN  c.a.m.o.e.i.q.QuickPulsePingSender - In the last 5 minutes, the following operation has failed 1 times (out of 57): Pinging live metrics endpoint:
 * java.io.IOException: Operation timed out (https://eastus.livediagnostics.monitor.azure.com/QuickPulseService.svc) (1 times)
2024-11-06 09:57:03.076Z WARN  c.a.m.o.e.i.p.TelemetryPipeline - In the last 5 minutes, the following operation has failed 1 times (out of 6): Sending telemetry to the ingestion service:
 * Operation timed out (https://eastus-8.in.applicationinsights.azure.com/v2.1/track) (telemetry will be stored to disk and retried) (1 times)
2024-11-06 10:02:26.165Z WARN  c.a.m.o.e.i.p.TelemetryPipeline - In the last 5 minutes, the following operation has failed 1 times (out of 2): Sending telemetry to the ingestion service (retry from disk):
 * Operation timed out (https://eastus-8.in.applicationinsights.azure.com/v2.1/track) (will be retried again) (1 times)
2024-11-06 12:05:33.231Z WARN  c.a.m.o.e.i.q.QuickPulsePingSender - In the last 5 minutes, the following operation has failed 1 times (out of 47): Pinging live metrics endpoint:
 * java.io.IOException: Operation timed out (https://eastus.livediagnostics.monitor.azure.com/QuickPulseService.svc) (1 times)
2024-11-06 12:06:55.793Z WARN  c.a.m.o.e.i.p.TelemetryPipeline - In the last 5 minutes, the following operation has failed 2 times (out of 5): Sending telemetry to the ingestion service:
 * Channel response timed out after 60000 milliseconds. (https://eastus-8.in.applicationinsights.azure.com/v2.1/track) (telemetry will be stored to disk and retried) (1 times)
 * Operation timed out (https://eastus-8.in.applicationinsights.azure.com/v2.1/track) (telemetry will be stored to disk and retried) (1 times)
2024-11-06 13:10:33.881Z WARN  c.a.m.o.e.i.q.QuickPulsePingSender - In the last 5 minutes, the following operation has failed 1 times (out of 46): Pinging live metrics endpoint:
 * java.util.concurrent.TimeoutException: Channel response timed out after 60000 milliseconds. (https://eastus.livediagnostics.monitor.azure.com/QuickPulseService.svc) (1 times)
2024-11-06 13:11:56.447Z WARN  c.a.m.o.e.i.p.TelemetryPipeline - In the last 5 minutes, the following operation has failed 1 times (out of 5): Sending telemetry to the ingestion service:
 * Operation timed out (https://eastus-8.in.applicationinsights.azure.com/v2.1/track) (telemetry will be stored to disk and retried) (1 times)
2024-11-06 13:12:19.534Z WARN  c.a.m.o.e.i.p.TelemetryPipeline - In the last 5 minutes, the following operation has failed 1 times (out of 2): Sending telemetry to the ingestion service (retry from disk):
 * Operation timed out (https://eastus-8.in.applicationinsights.azure.com/v2.1/track) (will be retried again) (1 times)
2024-11-06 13:30:50.674Z WARN  c.a.m.o.e.i.p.TelemetryPipeline - In the last 5 minutes, the following operation has failed 1 times (out of 5): Sending telemetry to the ingestion service:
 * Channel response timed out after 60000 milliseconds. (https://eastus-8.in.applicationinsights.azure.com/v2.1/track) (telemetry will be stored to disk and retried) (1 times)
2024-11-06 13:34:28.107Z WARN  c.a.m.o.e.i.q.QuickPulsePingSender - In the last 5 minutes, the following operation has failed 1 times (out of 53): Pinging live metrics endpoint:
 * java.io.IOException: Operation timed out (https://eastus.livediagnostics.monitor.azure.com/QuickPulseService.svc) (1 times)
2024-11-06 13:35:50.675Z WARN  c.a.m.o.e.i.p.TelemetryPipeline - In the last 5 minutes, the following operation has failed 1 times (out of 6): Sending telemetry to the ingestion service:
 * Operation timed out (https://eastus-8.in.applicationinsights.azure.com/v2.1/track) (telemetry will be stored to disk and retried) (1 times)
2024-11-06 14:30:07.514Z WARN  c.a.m.o.e.i.q.QuickPulsePingSender - In the last 5 minutes, the following operation has failed 2 times (out of 38): Pinging live metrics endpoint:
 * java.io.IOException: Operation timed out (https://eastus.livediagnostics.monitor.azure.com/QuickPulseService.svc) (2 times)
2024-11-06 14:31:30.086Z WARN  c.a.m.o.e.i.p.TelemetryPipeline - In the last 5 minutes, the following operation has failed 1 times (out of 7): Sending telemetry to the ingestion service:
 * Operation timed out (https://eastus-8.in.applicationinsights.azure.com/v2.1/track) (telemetry will be stored to disk and retried) (1 times)
2024-11-06 14:31:53.167Z WARN  c.a.m.o.e.i.p.TelemetryPipeline - In the last 5 minutes, the following operation has failed 2 times (out of 3): Sending telemetry to the ingestion service (retry from disk):
 * Channel response timed out after 60000 milliseconds. (https://eastus-8.in.applicationinsights.azure.com/v2.1/track) (will be retried again) (1 times)
 * Operation timed out (https://eastus-8.in.applicationinsights.azure.com/v2.1/track) (will be retried again) (1 times)
2024-11-06 15:44:02.690Z WARN  c.a.m.o.e.i.p.TelemetryPipeline - In the last 5 minutes, the following operation has failed 1 times (out of 4): Sending telemetry to the ingestion service:
 * Operation timed out (https://eastus-8.in.applicationinsights.azure.com/v2.1/track) (telemetry will be stored to disk and retried) (1 times)
2024-11-06 15:47:40.122Z WARN  c.a.m.o.e.i.q.QuickPulsePingSender - In the last 5 minutes, the following operation has failed 1 times (out of 49): Pinging live metrics endpoint:
 * java.util.concurrent.TimeoutException: Channel response timed out after 60000 milliseconds. (https://eastus.livediagnostics.monitor.azure.com/QuickPulseService.svc) (1 times)
2024-11-06 18:17:30.060Z WARN  c.a.m.o.e.i.q.QuickPulsePingSender - In the last 5 minutes, the following operation has failed 1 times (out of 29): Pinging live metrics endpoint:
 * java.util.concurrent.TimeoutException: Channel response timed out after 60000 milliseconds. (https://eastus.livediagnostics.monitor.azure.com/QuickPulseService.svc) (1 times)
2024-11-06 18:18:52.630Z WARN  c.a.m.o.e.i.p.TelemetryPipeline - In the last 5 minutes, the following operation has failed 2 times (out of 3): Sending telemetry to the ingestion service:
 * Operation timed out (https://eastus-8.in.applicationinsights.azure.com/v2.1/track) (telemetry will be stored to disk and retried) (2 times)
2024-11-06 20:23:53.756Z WARN  c.a.m.o.e.i.p.TelemetryPipeline - In the last 5 minutes, the following operation has failed 1 times (out of 5): Sending telemetry to the ingestion service:
 * Connection reset (https://eastus-8.in.applicationinsights.azure.com/v2.1/track) (telemetry will be stored to disk and retried) (1 times)
2024-11-06 20:24:16.838Z WARN  c.a.m.o.e.i.p.TelemetryPipeline - In the last 5 minutes, the following operation has failed 1 times (out of 1): Sending telemetry to the ingestion service (retry from disk):
 * Connection reset (https://eastus-8.in.applicationinsights.azure.com/v2.1/track) (will be retried again) (1 times)
2024-11-06 21:54:15.732Z WARN  c.a.m.o.e.i.q.QuickPulsePingSender - In the last 5 minutes, the following operation has failed 8 times (out of 54): Pinging live metrics endpoint:
 * java.net.SocketException: Connection reset (https://eastus.livediagnostics.monitor.azure.com/QuickPulseService.svc) (8 times)
2024-11-06 22:25:39.317Z WARN  c.a.m.o.e.i.p.TelemetryPipeline - In the last 5 minutes, the following operation has failed 4 times (out of 5): Sending telemetry to the ingestion service:
 * Connection reset (https://eastus-8.in.applicationinsights.azure.com/v2.1/track) (telemetry will be stored to disk and retried) (4 times)
2024-11-06 23:59:21.533Z WARN  c.a.m.o.e.i.q.QuickPulsePingSender - In the last 5 minutes, the following operation has failed 8 times (out of 55): Pinging live metrics endpoint:
 * java.net.SocketException: Connection reset (https://eastus.livediagnostics.monitor.azure.com/QuickPulseService.svc) (8 times)
2024-11-07 00:45:45.650Z WARN  c.a.m.o.e.i.p.TelemetryPipeline - In the last 5 minutes, the following operation has failed 4 times (out of 6): Sending telemetry to the ingestion service:
 * Connection reset (https://eastus-8.in.applicationinsights.azure.com/v2.1/track) (telemetry will be stored to disk and retried) (4 times)
2024-11-07 00:46:08.750Z WARN  c.a.m.o.e.i.p.TelemetryPipeline - In the last 5 minutes, the following operation has failed 1 times (out of 5): Sending telemetry to the ingestion service (retry from disk):
 * Connection reset (https://eastus-8.in.applicationinsights.azure.com/v2.1/track) (will be retried again) (1 times)
2024-11-07 01:38:26.160Z WARN  c.a.m.o.e.i.q.QuickPulsePingSender - In the last 5 minutes, the following operation has failed 7 times (out of 55): Pinging live metrics endpoint:
 * java.net.SocketException: Connection reset (https://eastus.livediagnostics.monitor.azure.com/QuickPulseService.svc) (7 times)
2024-11-07 01:39:48.753Z WARN  c.a.m.o.e.i.p.TelemetryPipeline - In the last 5 minutes, the following operation has failed 2 times (out of 5): Sending telemetry to the ingestion service:
 * Connection reset (https://eastus-8.in.applicationinsights.azure.com/v2.1/track) (telemetry will be stored to disk and retried) (2 times)
2024-11-07 02:08:30.309Z INFO  c.m.applicationinsights.agent - Application Insights Java Agent 3.4.19 started successfully (PID 34726, JVM running for 7.183 s)
2024-11-07 02:08:30.313Z INFO  c.m.applicationinsights.agent - Java version: 21.0.4, vendor: Oracle Corporation, home: /Users/mandar.risbud/Library/Java/JavaVirtualMachines/graalvm-jdk-21.0.4/Contents/Home
2024-11-07 02:25:00.908Z INFO  c.m.applicationinsights.agent - Application Insights Java Agent 3.4.19 started successfully (PID 34964, JVM running for 6.584 s)
2024-11-07 02:25:00.911Z INFO  c.m.applicationinsights.agent - Java version: 21.0.4, vendor: Oracle Corporation, home: /Users/mandar.risbud/Library/Java/JavaVirtualMachines/graalvm-jdk-21.0.4/Contents/Home
2024-11-07 02:29:50.996Z INFO  c.m.applicationinsights.agent - Application Insights Java Agent 3.4.19 started successfully (PID 35043, JVM running for 6.582 s)
2024-11-07 02:29:50.999Z INFO  c.m.applicationinsights.agent - Java version: 21.0.4, vendor: Oracle Corporation, home: /Users/mandar.risbud/Library/Java/JavaVirtualMachines/graalvm-jdk-21.0.4/Contents/Home
2024-11-07 02:30:32.466Z INFO  c.m.applicationinsights.agent - Application Insights Java Agent 3.4.19 started successfully (PID 35071, JVM running for 6.599 s)
2024-11-07 02:30:32.470Z INFO  c.m.applicationinsights.agent - Java version: 21.0.4, vendor: Oracle Corporation, home: /Users/mandar.risbud/Library/Java/JavaVirtualMachines/graalvm-jdk-21.0.4/Contents/Home
2024-11-07 02:46:42.654Z WARN  c.a.m.o.e.i.q.QuickPulsePingSender - Pinging live metrics endpoint: java.net.SocketException: Connection reset (https://eastus.livediagnostics.monitor.azure.com/QuickPulseService.svc) (future warnings will be aggregated and logged once every 5 minutes)
reactor.core.Exceptions$ReactiveException: java.net.SocketException: Connection reset
	at reactor.core.Exceptions.propagate(Exceptions.java:408)
	at reactor.core.publisher.BlockingSingleSubscriber.blockingGet(BlockingSingleSubscriber.java:101)
	at reactor.core.publisher.Mono.block(Mono.java:1712)
	at com.azure.monitor.opentelemetry.exporter.implementation.quickpulse.QuickPulsePingSender.ping(QuickPulsePingSender.java:102)
	at com.azure.monitor.opentelemetry.exporter.implementation.quickpulse.QuickPulseCoordinator.ping(QuickPulseCoordinator.java:100)
	at com.azure.monitor.opentelemetry.exporter.implementation.quickpulse.QuickPulseCoordinator.run(QuickPulseCoordinator.java:53)
	at java.base/java.lang.Thread.run(Thread.java:1583)
	Suppressed: java.lang.Exception: #block terminated with an error
		at reactor.core.publisher.BlockingSingleSubscriber.blockingGet(BlockingSingleSubscriber.java:103)
		... 5 common frames omitted
Caused by: java.net.SocketException: Connection reset
	at java.base/sun.nio.ch.SocketChannelImpl.throwConnectionReset(SocketChannelImpl.java:401)
	at java.base/sun.nio.ch.SocketChannelImpl.read(SocketChannelImpl.java:434)
	at io.netty.buffer.PooledByteBuf.setBytes(PooledByteBuf.java:255)
	at io.netty.buffer.AbstractByteBuf.writeBytes(AbstractByteBuf.java:1132)
	at io.netty.channel.socket.nio.NioSocketChannel.doReadBytes(NioSocketChannel.java:357)
	at io.netty.channel.nio.AbstractNioByteChannel$NioByteUnsafe.read(AbstractNioByteChannel.java:151)
	at io.netty.channel.nio.NioEventLoop.processSelectedKey(NioEventLoop.java:788)
	at io.netty.channel.nio.NioEventLoop.processSelectedKeysOptimized(NioEventLoop.java:724)
	at io.netty.channel.nio.NioEventLoop.processSelectedKeys(NioEventLoop.java:650)
	at io.netty.channel.nio.NioEventLoop.run(NioEventLoop.java:562)
	at io.netty.util.concurrent.SingleThreadEventExecutor$4.run(SingleThreadEventExecutor.java:997)
	at io.netty.util.internal.ThreadExecutorMap$2.run(ThreadExecutorMap.java:74)
	at io.netty.util.concurrent.FastThreadLocalRunnable.run(FastThreadLocalRunnable.java:30)
	... 1 common frames omitted
2024-11-07 03:02:37.206Z WARN  c.a.m.o.e.i.p.TelemetryPipeline - Sending telemetry to the ingestion service: Connection reset (https://eastus-8.in.applicationinsights.azure.com/v2.1/track) (telemetry will be stored to disk and retried) (future warnings will be aggregated and logged once every 5 minutes)
java.net.SocketException: Connection reset
	at java.base/sun.nio.ch.SocketChannelImpl.throwConnectionReset(SocketChannelImpl.java:401)
	at java.base/sun.nio.ch.SocketChannelImpl.read(SocketChannelImpl.java:434)
	at io.netty.buffer.PooledByteBuf.setBytes(PooledByteBuf.java:255)
	at io.netty.buffer.AbstractByteBuf.writeBytes(AbstractByteBuf.java:1132)
	at io.netty.channel.socket.nio.NioSocketChannel.doReadBytes(NioSocketChannel.java:357)
	at io.netty.channel.nio.AbstractNioByteChannel$NioByteUnsafe.read(AbstractNioByteChannel.java:151)
	at io.netty.channel.nio.NioEventLoop.processSelectedKey(NioEventLoop.java:788)
	at io.netty.channel.nio.NioEventLoop.processSelectedKeysOptimized(NioEventLoop.java:724)
	at io.netty.channel.nio.NioEventLoop.processSelectedKeys(NioEventLoop.java:650)
	at io.netty.channel.nio.NioEventLoop.run(NioEventLoop.java:562)
	at io.netty.util.concurrent.SingleThreadEventExecutor$4.run(SingleThreadEventExecutor.java:997)
	at io.netty.util.internal.ThreadExecutorMap$2.run(ThreadExecutorMap.java:74)
	at io.netty.util.concurrent.FastThreadLocalRunnable.run(FastThreadLocalRunnable.java:30)
	at java.base/java.lang.Thread.run(Thread.java:1583)
2024-11-07 03:21:43.625Z WARN  c.a.m.o.e.i.q.QuickPulsePingSender - In the last 5 minutes, the following operation has failed 2 times (out of 65): Pinging live metrics endpoint:
 * java.net.SocketException: Connection reset (https://eastus.livediagnostics.monitor.azure.com/QuickPulseService.svc) (2 times)
2024-11-07 05:16:59.687Z WARN  c.a.m.o.e.i.q.QuickPulsePingSender - In the last 5 minutes, the following operation has failed 5 times (out of 42): Pinging live metrics endpoint:
 * java.net.SocketException: Connection reset (https://eastus.livediagnostics.monitor.azure.com/QuickPulseService.svc) (3 times)
 * java.io.IOException: Operation timed out (https://eastus.livediagnostics.monitor.azure.com/QuickPulseService.svc) (1 times)
 * java.util.concurrent.TimeoutException: Channel response timed out after 60000 milliseconds. (https://eastus.livediagnostics.monitor.azure.com/QuickPulseService.svc) (1 times)
2024-11-07 05:32:47.219Z WARN  c.a.m.o.e.i.p.TelemetryPipeline - In the last 5 minutes, the following operation has failed 2 times (out of 5): Sending telemetry to the ingestion service:
 * Connection reset (https://eastus-8.in.applicationinsights.azure.com/v2.1/track) (telemetry will be stored to disk and retried) (1 times)
 * Operation timed out (https://eastus-8.in.applicationinsights.azure.com/v2.1/track) (telemetry will be stored to disk and retried) (1 times)
2024-11-07 05:36:52.907Z WARN  c.a.m.o.e.i.q.QuickPulsePingSender - In the last 5 minutes, the following operation has failed 1 times (out of 46): Pinging live metrics endpoint:
 * java.io.IOException: Operation timed out (https://eastus.livediagnostics.monitor.azure.com/QuickPulseService.svc) (1 times)
2024-11-07 05:37:47.220Z WARN  c.a.m.o.e.i.p.TelemetryPipeline - In the last 5 minutes, the following operation has failed 2 times (out of 6): Sending telemetry to the ingestion service:
 * Channel response timed out after 60000 milliseconds. (https://eastus-8.in.applicationinsights.azure.com/v2.1/track) (telemetry will be stored to disk and retried) (2 times)
2024-11-07 05:59:03.863Z WARN  c.a.m.o.e.i.p.TelemetryPipeline - In the last 5 minutes, the following operation has failed 2 times (out of 6): Sending telemetry to the ingestion service:
 * Channel response timed out after 60000 milliseconds. (https://eastus-8.in.applicationinsights.azure.com/v2.1/track) (telemetry will be stored to disk and retried) (1 times)
 * Operation timed out (https://eastus-8.in.applicationinsights.azure.com/v2.1/track) (telemetry will be stored to disk and retried) (1 times)
2024-11-07 06:49:03.868Z WARN  c.a.m.o.e.i.p.TelemetryPipeline - In the last 5 minutes, the following operation has failed 1 times (out of 6): Sending telemetry to the ingestion service:
 * Connection has been closed BEFORE response, while sending request body (https://eastus-8.in.applicationinsights.azure.com/v2.1/track) (telemetry will be stored to disk and retried) (1 times)
2024-11-07 08:29:31.853Z WARN  c.a.m.o.e.i.p.TelemetryPipeline - In the last 5 minutes, the following operation has failed 1 times (out of 4): Sending telemetry to the ingestion service:
 * Operation timed out (https://eastus-8.in.applicationinsights.azure.com/v2.1/track) (telemetry will be stored to disk and retried) (1 times)
2024-11-07 08:33:37.503Z WARN  c.a.m.o.e.i.q.QuickPulsePingSender - In the last 5 minutes, the following operation has failed 2 times (out of 51): Pinging live metrics endpoint:
 * java.io.IOException: Operation timed out (https://eastus.livediagnostics.monitor.azure.com/QuickPulseService.svc) (1 times)
 * io.netty.handler.ssl.SslHandshakeTimeoutException: handshake timed out after 10000ms (https://eastus.livediagnostics.monitor.azure.com/QuickPulseService.svc) (1 times)
2024-11-07 08:34:31.828Z WARN  c.a.m.o.e.i.p.TelemetryPipeline - In the last 5 minutes, the following operation has failed 1 times (out of 7): Sending telemetry to the ingestion service:
 * Operation timed out (https://eastus-8.in.applicationinsights.azure.com/v2.1/track) (telemetry will be stored to disk and retried) (1 times)
2024-11-07 10:01:08.623Z WARN  c.a.m.o.e.i.q.QuickPulsePingSender - In the last 5 minutes, the following operation has failed 1 times (out of 46): Pinging live metrics endpoint:
 * java.util.concurrent.TimeoutException: Channel response timed out after 60000 milliseconds. (https://eastus.livediagnostics.monitor.azure.com/QuickPulseService.svc) (1 times)
2024-11-07 10:02:02.946Z WARN  c.a.m.o.e.i.p.TelemetryPipeline - In the last 5 minutes, the following operation has failed 1 times (out of 5): Sending telemetry to the ingestion service:
 * Operation timed out (https://eastus-8.in.applicationinsights.azure.com/v2.1/track) (telemetry will be stored to disk and retried) (1 times)
2024-11-07 13:50:41.603Z ERROR c.a.m.o.e.i.q.QuickPulsePingSender - 
*************************
Application Insights Java failed to connect to https://eastus.livediagnostics.monitor.azure.com/QuickPulseService.svc
*************************

Description:
Unable to resolve host in url

Action:
Please update your network configuration so that the host in this url can be resolved: https://eastus.livediagnostics.monitor.azure.com/QuickPulseService.svc
Learn more about troubleshooting unknown host exception here: https://go.microsoft.com/fwlink/?linkid=2185830

Note:
This message is only logged the first time it occurs after startup.

2024-11-07 13:51:48.145Z ERROR c.a.m.o.e.i.p.TelemetryPipeline - 
*************************
Application Insights Java failed to connect to https://eastus-8.in.applicationinsights.azure.com/v2.1/track
*************************

Description:
Unable to resolve host in url

Action:
Please update your network configuration so that the host in this url can be resolved: https://eastus-8.in.applicationinsights.azure.com/v2.1/track
Learn more about troubleshooting unknown host exception here: https://go.microsoft.com/fwlink/?linkid=2185830

Note:
This message is only logged the first time it occurs after startup.

2024-11-07 14:03:30.102Z WARN  c.a.m.o.e.i.q.QuickPulsePingSender - In the last 5 minutes, the following operation has failed 1 times (out of 26): Pinging live metrics endpoint:
 * java.io.IOException: Operation timed out (https://eastus.livediagnostics.monitor.azure.com/QuickPulseService.svc) (1 times)
2024-11-07 14:04:24.426Z WARN  c.a.m.o.e.i.p.TelemetryPipeline - In the last 5 minutes, the following operation has failed 1 times (out of 3): Sending telemetry to the ingestion service:
 * Operation timed out (https://eastus-8.in.applicationinsights.azure.com/v2.1/track) (telemetry will be stored to disk and retried) (1 times)
2024-11-07 14:13:30.109Z WARN  c.a.m.o.e.i.q.QuickPulsePingSender - In the last 5 minutes, the following operation has failed 1 times (out of 54): Pinging live metrics endpoint:
 * java.net.SocketException: Connection reset (https://eastus.livediagnostics.monitor.azure.com/QuickPulseService.svc) (1 times)
2024-11-07 15:35:04.398Z WARN  c.a.m.o.e.i.q.QuickPulsePingSender - In the last 5 minutes, the following operation has failed 1 times (out of 35): Pinging live metrics endpoint:
 * java.io.IOException: Operation timed out (https://eastus.livediagnostics.monitor.azure.com/QuickPulseService.svc) (1 times)
2024-11-07 15:35:58.724Z WARN  c.a.m.o.e.i.p.TelemetryPipeline - In the last 5 minutes, the following operation has failed 1 times (out of 7): Sending telemetry to the ingestion service:
 * Connection reset (https://eastus-8.in.applicationinsights.azure.com/v2.1/track) (telemetry will be stored to disk and retried) (1 times)
2024-11-07 16:05:17.343Z INFO  c.m.applicationinsights.agent - Application Insights Java Agent 3.4.19 started successfully (PID 42911, JVM running for 6.683 s)
2024-11-07 16:05:17.347Z INFO  c.m.applicationinsights.agent - Java version: 21.0.4, vendor: Oracle Corporation, home: /Users/mandar.risbud/Library/Java/JavaVirtualMachines/graalvm-jdk-21.0.4/Contents/Home
2024-11-07 16:06:46.156Z INFO  c.m.applicationinsights.agent - Application Insights Java Agent 3.4.19 started successfully (PID 42949, JVM running for 6.581 s)
2024-11-07 16:06:46.159Z INFO  c.m.applicationinsights.agent - Java version: 21.0.4, vendor: Oracle Corporation, home: /Users/mandar.risbud/Library/Java/JavaVirtualMachines/graalvm-jdk-21.0.4/Contents/Home
2024-11-07 16:08:42.060Z INFO  c.m.applicationinsights.agent - Application Insights Java Agent 3.4.19 started successfully (PID 42999, JVM running for 6.537 s)
2024-11-07 16:08:42.064Z INFO  c.m.applicationinsights.agent - Java version: 21.0.4, vendor: Oracle Corporation, home: /Users/mandar.risbud/Library/Java/JavaVirtualMachines/graalvm-jdk-21.0.4/Contents/Home
2024-11-07 16:09:48.979Z INFO  c.m.applicationinsights.agent - Application Insights Java Agent 3.4.19 started successfully (PID 43025, JVM running for 6.523 s)
2024-11-07 16:09:48.983Z INFO  c.m.applicationinsights.agent - Java version: 21.0.4, vendor: Oracle Corporation, home: /Users/mandar.risbud/Library/Java/JavaVirtualMachines/graalvm-jdk-21.0.4/Contents/Home
2024-11-07 16:11:45.940Z INFO  c.m.applicationinsights.agent - Application Insights Java Agent 3.4.19 started successfully (PID 43050, JVM running for 6.543 s)
2024-11-07 16:11:45.944Z INFO  c.m.applicationinsights.agent - Java version: 21.0.4, vendor: Oracle Corporation, home: /Users/mandar.risbud/Library/Java/JavaVirtualMachines/graalvm-jdk-21.0.4/Contents/Home
2024-11-07 16:45:47.338Z WARN  c.a.m.o.e.i.q.QuickPulsePingSender - Pinging live metrics endpoint: java.net.SocketException: Connection reset (https://eastus.livediagnostics.monitor.azure.com/QuickPulseService.svc) (future warnings will be aggregated and logged once every 5 minutes)
reactor.core.Exceptions$ReactiveException: java.net.SocketException: Connection reset
	at reactor.core.Exceptions.propagate(Exceptions.java:408)
	at reactor.core.publisher.BlockingSingleSubscriber.blockingGet(BlockingSingleSubscriber.java:101)
	at reactor.core.publisher.Mono.block(Mono.java:1712)
	at com.azure.monitor.opentelemetry.exporter.implementation.quickpulse.QuickPulsePingSender.ping(QuickPulsePingSender.java:102)
	at com.azure.monitor.opentelemetry.exporter.implementation.quickpulse.QuickPulseCoordinator.ping(QuickPulseCoordinator.java:100)
	at com.azure.monitor.opentelemetry.exporter.implementation.quickpulse.QuickPulseCoordinator.run(QuickPulseCoordinator.java:53)
	at java.base/java.lang.Thread.run(Thread.java:1583)
	Suppressed: java.lang.Exception: #block terminated with an error
		at reactor.core.publisher.BlockingSingleSubscriber.blockingGet(BlockingSingleSubscriber.java:103)
		... 5 common frames omitted
Caused by: java.net.SocketException: Connection reset
	at java.base/sun.nio.ch.SocketChannelImpl.throwConnectionReset(SocketChannelImpl.java:401)
	at java.base/sun.nio.ch.SocketChannelImpl.read(SocketChannelImpl.java:434)
	at io.netty.buffer.PooledByteBuf.setBytes(PooledByteBuf.java:255)
	at io.netty.buffer.AbstractByteBuf.writeBytes(AbstractByteBuf.java:1132)
	at io.netty.channel.socket.nio.NioSocketChannel.doReadBytes(NioSocketChannel.java:357)
	at io.netty.channel.nio.AbstractNioByteChannel$NioByteUnsafe.read(AbstractNioByteChannel.java:151)
	at io.netty.channel.nio.NioEventLoop.processSelectedKey(NioEventLoop.java:788)
	at io.netty.channel.nio.NioEventLoop.processSelectedKeysOptimized(NioEventLoop.java:724)
	at io.netty.channel.nio.NioEventLoop.processSelectedKeys(NioEventLoop.java:650)
	at io.netty.channel.nio.NioEventLoop.run(NioEventLoop.java:562)
	at io.netty.util.concurrent.SingleThreadEventExecutor$4.run(SingleThreadEventExecutor.java:997)
	at io.netty.util.internal.ThreadExecutorMap$2.run(ThreadExecutorMap.java:74)
	at io.netty.util.concurrent.FastThreadLocalRunnable.run(FastThreadLocalRunnable.java:30)
	... 1 common frames omitted
2024-11-07 16:45:51.397Z WARN  c.a.m.o.e.i.p.TelemetryPipeline - Sending telemetry to the ingestion service: Connection reset (https://eastus-8.in.applicationinsights.azure.com/v2.1/track) (telemetry will be stored to disk and retried) (future warnings will be aggregated and logged once every 5 minutes)
java.net.SocketException: Connection reset
	at java.base/sun.nio.ch.SocketChannelImpl.throwConnectionReset(SocketChannelImpl.java:401)
	at java.base/sun.nio.ch.SocketChannelImpl.read(SocketChannelImpl.java:434)
	at io.netty.buffer.PooledByteBuf.setBytes(PooledByteBuf.java:255)
	at io.netty.buffer.AbstractByteBuf.writeBytes(AbstractByteBuf.java:1132)
	at io.netty.channel.socket.nio.NioSocketChannel.doReadBytes(NioSocketChannel.java:357)
	at io.netty.channel.nio.AbstractNioByteChannel$NioByteUnsafe.read(AbstractNioByteChannel.java:151)
	at io.netty.channel.nio.NioEventLoop.processSelectedKey(NioEventLoop.java:788)
	at io.netty.channel.nio.NioEventLoop.processSelectedKeysOptimized(NioEventLoop.java:724)
	at io.netty.channel.nio.NioEventLoop.processSelectedKeys(NioEventLoop.java:650)
	at io.netty.channel.nio.NioEventLoop.run(NioEventLoop.java:562)
	at io.netty.util.concurrent.SingleThreadEventExecutor$4.run(SingleThreadEventExecutor.java:997)
	at io.netty.util.internal.ThreadExecutorMap$2.run(ThreadExecutorMap.java:74)
	at io.netty.util.concurrent.FastThreadLocalRunnable.run(FastThreadLocalRunnable.java:30)
	at java.base/java.lang.Thread.run(Thread.java:1583)
2024-11-07 16:53:22.640Z ERROR c.a.m.o.e.i.p.TelemetryPipeline - 
*************************
Application Insights Java failed to connect to https://eastus-8.in.applicationinsights.azure.com/v2.1/track
*************************

Description:
Unable to resolve host in url

Action:
Please update your network configuration so that the host in this url can be resolved: https://eastus-8.in.applicationinsights.azure.com/v2.1/track
Learn more about troubleshooting unknown host exception here: https://go.microsoft.com/fwlink/?linkid=2185830

Note:
This message is only logged the first time it occurs after startup.

2024-11-07 18:18:03.478Z ERROR c.a.m.o.e.i.q.QuickPulsePingSender - 
*************************
Application Insights Java failed to connect to https://eastus.livediagnostics.monitor.azure.com/QuickPulseService.svc
*************************

Description:
Unable to resolve host in url

Action:
Please update your network configuration so that the host in this url can be resolved: https://eastus.livediagnostics.monitor.azure.com/QuickPulseService.svc
Learn more about troubleshooting unknown host exception here: https://go.microsoft.com/fwlink/?linkid=2185830

Note:
This message is only logged the first time it occurs after startup.

2024-11-07 21:34:47.408Z WARN  c.a.m.o.e.i.q.QuickPulsePingSender - In the last 5 minutes, the following operation has failed 2 times (out of 224): Pinging live metrics endpoint:
 * java.io.IOException: Operation timed out (https://eastus.livediagnostics.monitor.azure.com/QuickPulseService.svc) (1 times)
 * java.net.SocketException: Connection reset (https://eastus.livediagnostics.monitor.azure.com/QuickPulseService.svc) (1 times)
2024-11-07 21:34:51.464Z WARN  c.a.m.o.e.i.p.TelemetryPipeline - In the last 5 minutes, the following operation has failed 1 times (out of 22): Sending telemetry to the ingestion service:
 * Operation timed out (https://eastus-8.in.applicationinsights.azure.com/v2.1/track) (telemetry will be stored to disk and retried) (1 times)
2024-11-08 01:36:52.919Z WARN  c.a.m.o.e.i.p.TelemetryPipeline - Sending telemetry to the ingestion service (retry from disk): Connection reset (https://eastus-8.in.applicationinsights.azure.com/v2.1/track) (will be retried again) (future warnings will be aggregated and logged once every 5 minutes)
java.net.SocketException: Connection reset
	at java.base/sun.nio.ch.SocketChannelImpl.throwConnectionReset(SocketChannelImpl.java:401)
	at java.base/sun.nio.ch.SocketChannelImpl.read(SocketChannelImpl.java:434)
	at io.netty.buffer.PooledByteBuf.setBytes(PooledByteBuf.java:255)
	at io.netty.buffer.AbstractByteBuf.writeBytes(AbstractByteBuf.java:1132)
	at io.netty.channel.socket.nio.NioSocketChannel.doReadBytes(NioSocketChannel.java:357)
	at io.netty.channel.nio.AbstractNioByteChannel$NioByteUnsafe.read(AbstractNioByteChannel.java:151)
	at io.netty.channel.nio.NioEventLoop.processSelectedKey(NioEventLoop.java:788)
	at io.netty.channel.nio.NioEventLoop.processSelectedKeysOptimized(NioEventLoop.java:724)
	at io.netty.channel.nio.NioEventLoop.processSelectedKeys(NioEventLoop.java:650)
	at io.netty.channel.nio.NioEventLoop.run(NioEventLoop.java:562)
	at io.netty.util.concurrent.SingleThreadEventExecutor$4.run(SingleThreadEventExecutor.java:997)
	at io.netty.util.internal.ThreadExecutorMap$2.run(ThreadExecutorMap.java:74)
	at io.netty.util.concurrent.FastThreadLocalRunnable.run(FastThreadLocalRunnable.java:30)
	at java.base/java.lang.Thread.run(Thread.java:1583)
2024-11-08 01:38:57.015Z WARN  c.a.m.o.e.i.p.TelemetryPipeline - In the last 5 minutes, the following operation has failed 1 times (out of 3): Sending telemetry to the ingestion service:
 * Connection reset (https://eastus-8.in.applicationinsights.azure.com/v2.1/track) (telemetry will be stored to disk and retried) (1 times)
2024-11-08 04:52:29.022Z WARN  c.a.m.o.e.i.p.TelemetryPipeline - In the last 5 minutes, the following operation has failed 3 times (out of 12): Sending telemetry to the ingestion service (retry from disk):
 * Connection reset (https://eastus-8.in.applicationinsights.azure.com/v2.1/track) (will be retried again) (3 times)
2024-11-08 04:53:10.912Z WARN  c.a.m.o.e.i.q.QuickPulsePingSender - In the last 5 minutes, the following operation has failed 7 times (out of 57): Pinging live metrics endpoint:
 * java.net.SocketException: Connection reset (https://eastus.livediagnostics.monitor.azure.com/QuickPulseService.svc) (7 times)
2024-11-08 04:53:14.967Z WARN  c.a.m.o.e.i.p.TelemetryPipeline - In the last 5 minutes, the following operation has failed 1 times (out of 6): Sending telemetry to the ingestion service:
 * Connection reset (https://eastus-8.in.applicationinsights.azure.com/v2.1/track) (telemetry will be stored to disk and retried) (1 times)
2024-11-08 05:40:32.003Z WARN  c.a.m.o.e.i.q.QuickPulsePingSender - In the last 5 minutes, the following operation has failed 1 times (out of 58): Pinging live metrics endpoint:
 * java.net.SocketException: Connection reset (https://eastus.livediagnostics.monitor.azure.com/QuickPulseService.svc) (1 times)
2024-11-08 05:40:36.056Z WARN  c.a.m.o.e.i.p.TelemetryPipeline - In the last 5 minutes, the following operation has failed 2 times (out of 6): Sending telemetry to the ingestion service:
 * Connection reset (https://eastus-8.in.applicationinsights.azure.com/v2.1/track) (telemetry will be stored to disk and retried) (2 times)
2024-11-08 06:17:08.906Z WARN  c.a.m.o.e.i.p.TelemetryPipeline - In the last 5 minutes, the following operation has failed 1 times (out of 2): Sending telemetry to the ingestion service (retry from disk):
 * Connection reset (https://eastus-8.in.applicationinsights.azure.com/v2.1/track) (will be retried again) (1 times)
2024-11-08 06:17:50.795Z WARN  c.a.m.o.e.i.q.QuickPulsePingSender - In the last 5 minutes, the following operation has failed 1 times (out of 57): Pinging live metrics endpoint:
 * java.net.SocketException: Connection reset (https://eastus.livediagnostics.monitor.azure.com/QuickPulseService.svc) (1 times)
2024-11-08 06:17:54.850Z WARN  c.a.m.o.e.i.p.TelemetryPipeline - In the last 5 minutes, the following operation has failed 1 times (out of 5): Sending telemetry to the ingestion service:
 * Connection reset (https://eastus-8.in.applicationinsights.azure.com/v2.1/track) (telemetry will be stored to disk and retried) (1 times)
2024-11-08 06:37:08.908Z WARN  c.a.m.o.e.i.p.TelemetryPipeline - In the last 5 minutes, the following operation has failed 1 times (out of 2): Sending telemetry to the ingestion service (retry from disk):
 * Connection reset (https://eastus-8.in.applicationinsights.azure.com/v2.1/track) (will be retried again) (1 times)
2024-11-08 06:37:50.796Z WARN  c.a.m.o.e.i.q.QuickPulsePingSender - In the last 5 minutes, the following operation has failed 1 times (out of 56): Pinging live metrics endpoint:
 * java.net.SocketException: Connection reset (https://eastus.livediagnostics.monitor.azure.com/QuickPulseService.svc) (1 times)
2024-11-08 06:37:54.849Z WARN  c.a.m.o.e.i.p.TelemetryPipeline - In the last 5 minutes, the following operation has failed 1 times (out of 5): Sending telemetry to the ingestion service:
 * Connection reset (https://eastus-8.in.applicationinsights.azure.com/v2.1/track) (telemetry will be stored to disk and retried) (1 times)
2024-11-08 07:52:50.850Z WARN  c.a.m.o.e.i.q.QuickPulsePingSender - In the last 5 minutes, the following operation has failed 1 times (out of 58): Pinging live metrics endpoint:
 * java.net.SocketException: Connection reset (https://eastus.livediagnostics.monitor.azure.com/QuickPulseService.svc) (1 times)
2024-11-08 08:41:17.271Z WARN  c.a.m.o.e.i.p.TelemetryPipeline - In the last 5 minutes, the following operation has failed 1 times (out of 1): Sending telemetry to the ingestion service (retry from disk):
 * Connection reset (https://eastus-8.in.applicationinsights.azure.com/v2.1/track) (will be retried again) (1 times)
2024-11-08 08:41:59.160Z WARN  c.a.m.o.e.i.q.QuickPulsePingSender - In the last 5 minutes, the following operation has failed 1 times (out of 57): Pinging live metrics endpoint:
 * java.net.SocketException: Connection reset (https://eastus.livediagnostics.monitor.azure.com/QuickPulseService.svc) (1 times)
2024-11-08 08:42:03.206Z WARN  c.a.m.o.e.i.p.TelemetryPipeline - In the last 5 minutes, the following operation has failed 1 times (out of 5): Sending telemetry to the ingestion service:
 * Connection reset (https://eastus-8.in.applicationinsights.azure.com/v2.1/track) (telemetry will be stored to disk and retried) (1 times)
2024-11-08 09:26:59.182Z WARN  c.a.m.o.e.i.q.QuickPulsePingSender - In the last 5 minutes, the following operation has failed 1 times (out of 57): Pinging live metrics endpoint:
 * java.net.SocketException: Connection reset (https://eastus.livediagnostics.monitor.azure.com/QuickPulseService.svc) (1 times)
2024-11-08 11:09:24.850Z WARN  c.a.m.o.e.i.q.QuickPulsePingSender - In the last 5 minutes, the following operation has failed 2 times (out of 57): Pinging live metrics endpoint:
 * java.net.SocketException: Connection reset (https://eastus.livediagnostics.monitor.azure.com/QuickPulseService.svc) (2 times)
2024-11-08 11:09:28.892Z WARN  c.a.m.o.e.i.p.TelemetryPipeline - In the last 5 minutes, the following operation has failed 1 times (out of 6): Sending telemetry to the ingestion service:
 * Connection reset (https://eastus-8.in.applicationinsights.azure.com/v2.1/track) (telemetry will be stored to disk and retried) (1 times)
2024-11-08 11:13:42.962Z WARN  c.a.m.o.e.i.p.TelemetryPipeline - In the last 5 minutes, the following operation has failed 1 times (out of 2): Sending telemetry to the ingestion service (retry from disk):
 * Connection reset (https://eastus-8.in.applicationinsights.azure.com/v2.1/track) (will be retried again) (1 times)
2024-11-08 11:54:24.886Z WARN  c.a.m.o.e.i.q.QuickPulsePingSender - In the last 5 minutes, the following operation has failed 1 times (out of 57): Pinging live metrics endpoint:
 * java.net.SocketException: Connection reset (https://eastus.livediagnostics.monitor.azure.com/QuickPulseService.svc) (1 times)
2024-11-08 13:35:16.930Z WARN  c.a.m.o.e.i.p.TelemetryPipeline - In the last 5 minutes, the following operation has failed 1 times (out of 2): Sending telemetry to the ingestion service (retry from disk):
 * Connection reset (https://eastus-8.in.applicationinsights.azure.com/v2.1/track) (will be retried again) (1 times)
2024-11-08 13:35:58.820Z WARN  c.a.m.o.e.i.q.QuickPulsePingSender - In the last 5 minutes, the following operation has failed 1 times (out of 58): Pinging live metrics endpoint:
 * java.net.SocketException: Connection reset (https://eastus.livediagnostics.monitor.azure.com/QuickPulseService.svc) (1 times)
2024-11-08 13:36:02.873Z WARN  c.a.m.o.e.i.p.TelemetryPipeline - In the last 5 minutes, the following operation has failed 1 times (out of 5): Sending telemetry to the ingestion service:
 * Connection reset (https://eastus-8.in.applicationinsights.azure.com/v2.1/track) (telemetry will be stored to disk and retried) (1 times)
2024-11-08 16:55:01.641Z WARN  c.a.m.o.e.i.p.TelemetryPipeline - In the last 5 minutes, the following operation has failed 1 times (out of 2): Sending telemetry to the ingestion service (retry from disk):
 * Connection reset (https://eastus-8.in.applicationinsights.azure.com/v2.1/track) (will be retried again) (1 times)
2024-11-08 16:58:26.964Z WARN  c.a.m.o.e.i.q.QuickPulsePingSender - In the last 5 minutes, the following operation has failed 3 times (out of 57): Pinging live metrics endpoint:
 * java.net.SocketException: Connection reset (https://eastus.livediagnostics.monitor.azure.com/QuickPulseService.svc) (3 times)
2024-11-08 16:58:31.020Z WARN  c.a.m.o.e.i.p.TelemetryPipeline - In the last 5 minutes, the following operation has failed 2 times (out of 5): Sending telemetry to the ingestion service:
 * Connection reset (https://eastus-8.in.applicationinsights.azure.com/v2.1/track) (telemetry will be stored to disk and retried) (2 times)
2024-11-09 01:33:27.005Z WARN  c.a.m.o.e.i.p.TelemetryPipeline - In the last 5 minutes, the following operation has failed 1 times (out of 5): Sending telemetry to the ingestion service (retry from disk):
 * Connection reset (https://eastus-8.in.applicationinsights.azure.com/v2.1/track) (will be retried again) (1 times)
2024-11-09 02:34:13.943Z WARN  c.a.m.o.e.i.q.QuickPulsePingSender - In the last 5 minutes, the following operation has failed 13 times (out of 57): Pinging live metrics endpoint:
 * java.net.SocketException: Connection reset (https://eastus.livediagnostics.monitor.azure.com/QuickPulseService.svc) (13 times)
2024-11-09 02:52:01.126Z WARN  c.a.m.o.e.i.p.TelemetryPipeline - In the last 5 minutes, the following operation has failed 5 times (out of 5): Sending telemetry to the ingestion service:
 * Connection reset (https://eastus-8.in.applicationinsights.azure.com/v2.1/track) (telemetry will be stored to disk and retried) (5 times)
2024-11-09 04:28:20.635Z WARN  c.a.m.o.e.i.q.QuickPulsePingSender - In the last 5 minutes, the following operation has failed 5 times (out of 57): Pinging live metrics endpoint:
 * java.net.SocketException: Connection reset (https://eastus.livediagnostics.monitor.azure.com/QuickPulseService.svc) (5 times)
2024-11-09 04:28:24.684Z WARN  c.a.m.o.e.i.p.TelemetryPipeline - In the last 5 minutes, the following operation has failed 1 times (out of 6): Sending telemetry to the ingestion service:
 * Connection reset (https://eastus-8.in.applicationinsights.azure.com/v2.1/track) (telemetry will be stored to disk and retried) (1 times)
2024-11-09 05:40:22.709Z WARN  c.a.m.o.e.i.p.TelemetryPipeline - In the last 5 minutes, the following operation has failed 1 times (out of 2): Sending telemetry to the ingestion service (retry from disk):
 * Connection reset (https://eastus-8.in.applicationinsights.azure.com/v2.1/track) (will be retried again) (1 times)
2024-11-09 05:41:04.600Z WARN  c.a.m.o.e.i.q.QuickPulsePingSender - In the last 5 minutes, the following operation has failed 2 times (out of 58): Pinging live metrics endpoint:
 * java.net.SocketException: Connection reset (https://eastus.livediagnostics.monitor.azure.com/QuickPulseService.svc) (2 times)
2024-11-09 05:41:08.647Z WARN  c.a.m.o.e.i.p.TelemetryPipeline - In the last 5 minutes, the following operation has failed 1 times (out of 5): Sending telemetry to the ingestion service:
 * Connection reset (https://eastus-8.in.applicationinsights.azure.com/v2.1/track) (telemetry will be stored to disk and retried) (1 times)
2024-11-09 07:03:51.324Z WARN  c.a.m.o.e.i.q.QuickPulsePingSender - In the last 5 minutes, the following operation has failed 1 times (out of 58): Pinging live metrics endpoint:
 * java.net.SocketException: Connection reset (https://eastus.livediagnostics.monitor.azure.com/QuickPulseService.svc) (1 times)
2024-11-09 07:03:55.371Z WARN  c.a.m.o.e.i.p.TelemetryPipeline - In the last 5 minutes, the following operation has failed 1 times (out of 7): Sending telemetry to the ingestion service:
 * Connection reset (https://eastus-8.in.applicationinsights.azure.com/v2.1/track) (telemetry will be stored to disk and retried) (1 times)
2024-11-09 08:05:07.763Z WARN  c.a.m.o.e.i.p.TelemetryPipeline - In the last 5 minutes, the following operation has failed 1 times (out of 3): Sending telemetry to the ingestion service (retry from disk):
 * Connection reset (https://eastus-8.in.applicationinsights.azure.com/v2.1/track) (will be retried again) (1 times)
2024-11-09 08:05:49.650Z WARN  c.a.m.o.e.i.q.QuickPulsePingSender - In the last 5 minutes, the following operation has failed 2 times (out of 57): Pinging live metrics endpoint:
 * java.net.SocketException: Connection reset (https://eastus.livediagnostics.monitor.azure.com/QuickPulseService.svc) (2 times)
2024-11-09 08:05:53.697Z WARN  c.a.m.o.e.i.p.TelemetryPipeline - In the last 5 minutes, the following operation has failed 1 times (out of 5): Sending telemetry to the ingestion service:
 * Connection reset (https://eastus-8.in.applicationinsights.azure.com/v2.1/track) (telemetry will be stored to disk and retried) (1 times)
2024-11-09 08:47:23.468Z WARN  c.a.m.o.e.i.p.TelemetryPipeline - In the last 5 minutes, the following operation has failed 1 times (out of 2): Sending telemetry to the ingestion service (retry from disk):
 * Connection reset (https://eastus-8.in.applicationinsights.azure.com/v2.1/track) (will be retried again) (1 times)
2024-11-09 08:48:05.357Z WARN  c.a.m.o.e.i.q.QuickPulsePingSender - In the last 5 minutes, the following operation has failed 2 times (out of 57): Pinging live metrics endpoint:
 * java.net.SocketException: Connection reset (https://eastus.livediagnostics.monitor.azure.com/QuickPulseService.svc) (2 times)
2024-11-09 08:48:09.402Z WARN  c.a.m.o.e.i.p.TelemetryPipeline - In the last 5 minutes, the following operation has failed 1 times (out of 6): Sending telemetry to the ingestion service:
 * Connection reset (https://eastus-8.in.applicationinsights.azure.com/v2.1/track) (telemetry will be stored to disk and retried) (1 times)
2024-11-09 09:01:04.438Z WARN  c.a.m.o.e.i.q.QuickPulsePingSender - In the last 5 minutes, the following operation has failed 1 times (out of 58): Pinging live metrics endpoint:
 * java.net.SocketException: Connection reset (https://eastus.livediagnostics.monitor.azure.com/QuickPulseService.svc) (1 times)
2024-11-09 09:01:08.484Z WARN  c.a.m.o.e.i.p.TelemetryPipeline - In the last 5 minutes, the following operation has failed 1 times (out of 5): Sending telemetry to the ingestion service:
 * Connection reset (https://eastus-8.in.applicationinsights.azure.com/v2.1/track) (telemetry will be stored to disk and retried) (1 times)
2024-11-09 09:25:26.888Z WARN  c.a.m.o.e.i.q.QuickPulsePingSender - In the last 5 minutes, the following operation has failed 2 times (out of 58): Pinging live metrics endpoint:
 * java.net.SocketException: Connection reset (https://eastus.livediagnostics.monitor.azure.com/QuickPulseService.svc) (2 times)
2024-11-09 09:25:30.932Z WARN  c.a.m.o.e.i.p.TelemetryPipeline - In the last 5 minutes, the following operation has failed 2 times (out of 5): Sending telemetry to the ingestion service:
 * Connection reset (https://eastus-8.in.applicationinsights.azure.com/v2.1/track) (telemetry will be stored to disk and retried) (2 times)
2024-11-09 09:30:26.895Z WARN  c.a.m.o.e.i.q.QuickPulsePingSender - In the last 5 minutes, the following operation has failed 1 times (out of 24): Pinging live metrics endpoint:
 * java.io.IOException: Operation timed out (https://eastus.livediagnostics.monitor.azure.com/QuickPulseService.svc) (1 times)
2024-11-09 09:30:30.938Z WARN  c.a.m.o.e.i.p.TelemetryPipeline - In the last 5 minutes, the following operation has failed 1 times (out of 4): Sending telemetry to the ingestion service:
 * Channel response timed out after 60000 milliseconds. (https://eastus-8.in.applicationinsights.azure.com/v2.1/track) (telemetry will be stored to disk and retried) (1 times)
2024-11-09 10:42:58.781Z WARN  c.a.m.o.e.i.q.QuickPulsePingSender - In the last 5 minutes, the following operation has failed 3 times (out of 57): Pinging live metrics endpoint:
 * java.net.SocketException: Connection reset (https://eastus.livediagnostics.monitor.azure.com/QuickPulseService.svc) (3 times)
2024-11-09 10:43:02.826Z WARN  c.a.m.o.e.i.p.TelemetryPipeline - In the last 5 minutes, the following operation has failed 3 times (out of 5): Sending telemetry to the ingestion service:
 * Connection reset (https://eastus-8.in.applicationinsights.azure.com/v2.1/track) (telemetry will be stored to disk and retried) (3 times)
2024-11-09 11:08:32.706Z WARN  c.a.m.o.e.i.p.TelemetryPipeline - In the last 5 minutes, the following operation has failed 1 times (out of 3): Sending telemetry to the ingestion service (retry from disk):
 * Connection reset (https://eastus-8.in.applicationinsights.azure.com/v2.1/track) (will be retried again) (1 times)
2024-11-09 11:09:14.600Z WARN  c.a.m.o.e.i.q.QuickPulsePingSender - In the last 5 minutes, the following operation has failed 3 times (out of 58): Pinging live metrics endpoint:
 * java.net.SocketException: Connection reset (https://eastus.livediagnostics.monitor.azure.com/QuickPulseService.svc) (3 times)
2024-11-09 11:09:18.641Z WARN  c.a.m.o.e.i.p.TelemetryPipeline - In the last 5 minutes, the following operation has failed 1 times (out of 6): Sending telemetry to the ingestion service:
 * Connection reset (https://eastus-8.in.applicationinsights.azure.com/v2.1/track) (telemetry will be stored to disk and retried) (1 times)
2024-11-09 11:31:22.675Z WARN  c.a.m.o.e.i.q.QuickPulsePingSender - In the last 5 minutes, the following operation has failed 1 times (out of 58): Pinging live metrics endpoint:
 * java.net.SocketException: Connection reset (https://eastus.livediagnostics.monitor.azure.com/QuickPulseService.svc) (1 times)
2024-11-09 11:31:26.714Z WARN  c.a.m.o.e.i.p.TelemetryPipeline - In the last 5 minutes, the following operation has failed 1 times (out of 5): Sending telemetry to the ingestion service:
 * Connection reset (https://eastus-8.in.applicationinsights.azure.com/v2.1/track) (telemetry will be stored to disk and retried) (1 times)
2024-11-09 12:47:54.608Z WARN  c.a.m.o.e.i.p.TelemetryPipeline - In the last 5 minutes, the following operation has failed 1 times (out of 2): Sending telemetry to the ingestion service (retry from disk):
 * Connection reset (https://eastus-8.in.applicationinsights.azure.com/v2.1/track) (will be retried again) (1 times)
2024-11-09 13:04:08.415Z WARN  c.a.m.o.e.i.q.QuickPulsePingSender - In the last 5 minutes, the following operation has failed 3 times (out of 58): Pinging live metrics endpoint:
 * java.net.SocketException: Connection reset (https://eastus.livediagnostics.monitor.azure.com/QuickPulseService.svc) (3 times)
2024-11-09 13:04:12.457Z WARN  c.a.m.o.e.i.p.TelemetryPipeline - In the last 5 minutes, the following operation has failed 2 times (out of 5): Sending telemetry to the ingestion service:
 * Connection reset (https://eastus-8.in.applicationinsights.azure.com/v2.1/track) (telemetry will be stored to disk and retried) (2 times)
2024-11-09 13:32:16.706Z WARN  c.a.m.o.e.i.q.QuickPulsePingSender - In the last 5 minutes, the following operation has failed 2 times (out of 57): Pinging live metrics endpoint:
 * java.net.SocketException: Connection reset (https://eastus.livediagnostics.monitor.azure.com/QuickPulseService.svc) (2 times)
2024-11-09 13:32:20.747Z WARN  c.a.m.o.e.i.p.TelemetryPipeline - In the last 5 minutes, the following operation has failed 1 times (out of 4): Sending telemetry to the ingestion service:
 * Connection reset (https://eastus-8.in.applicationinsights.azure.com/v2.1/track) (telemetry will be stored to disk and retried) (1 times)
2024-11-09 16:17:04.837Z WARN  c.a.m.o.e.i.p.TelemetryPipeline - In the last 5 minutes, the following operation has failed 3 times (out of 6): Sending telemetry to the ingestion service (retry from disk):
 * Connection reset (https://eastus-8.in.applicationinsights.azure.com/v2.1/track) (will be retried again) (3 times)
2024-11-09 16:22:26.068Z WARN  c.a.m.o.e.i.q.QuickPulsePingSender - In the last 5 minutes, the following operation has failed 9 times (out of 36): Pinging live metrics endpoint:
 * java.net.SocketException: Connection reset (https://eastus.livediagnostics.monitor.azure.com/QuickPulseService.svc) (6 times)
 * java.io.IOException: Operation timed out (https://eastus.livediagnostics.monitor.azure.com/QuickPulseService.svc) (1 times)
 * io.netty.channel.ConnectTimeoutException: connection timed out after 10000 ms: eastus.livediagnostics.monitor.azure.com/10.0.0.1:443 (https://eastus.livediagnostics.monitor.azure.com/QuickPulseService.svc) (1 times)
 * io.netty.channel.AbstractChannel$AnnotatedSocketException: Network is unreachable: eastus.livediagnostics.monitor.azure.com/10.0.0.1:443 (https://eastus.livediagnostics.monitor.azure.com/QuickPulseService.svc) (1 times)
2024-11-09 16:22:30.109Z WARN  c.a.m.o.e.i.p.TelemetryPipeline - In the last 5 minutes, the following operation has failed 3 times (out of 5): Sending telemetry to the ingestion service:
 * Connection reset (https://eastus-8.in.applicationinsights.azure.com/v2.1/track) (telemetry will be stored to disk and retried) (2 times)
 * Operation timed out (https://eastus-8.in.applicationinsights.azure.com/v2.1/track) (telemetry will be stored to disk and retried) (1 times)
2024-11-09 18:07:52.186Z WARN  c.a.m.o.e.i.q.QuickPulsePingSender - In the last 5 minutes, the following operation has failed 5 times (out of 57): Pinging live metrics endpoint:
 * java.net.SocketException: Connection reset (https://eastus.livediagnostics.monitor.azure.com/QuickPulseService.svc) (5 times)
2024-11-09 18:07:56.227Z WARN  c.a.m.o.e.i.p.TelemetryPipeline - In the last 5 minutes, the following operation has failed 3 times (out of 5): Sending telemetry to the ingestion service:
 * Connection reset (https://eastus-8.in.applicationinsights.azure.com/v2.1/track) (telemetry will be stored to disk and retried) (3 times)
2024-11-09 18:19:16.349Z WARN  c.a.m.o.e.i.q.QuickPulsePingSender - In the last 5 minutes, the following operation has failed 1 times (out of 58): Pinging live metrics endpoint:
 * java.net.SocketException: Connection reset (https://eastus.livediagnostics.monitor.azure.com/QuickPulseService.svc) (1 times)
2024-11-09 18:19:20.389Z WARN  c.a.m.o.e.i.p.TelemetryPipeline - In the last 5 minutes, the following operation has failed 1 times (out of 5): Sending telemetry to the ingestion service:
 * Connection reset (https://eastus-8.in.applicationinsights.azure.com/v2.1/track) (telemetry will be stored to disk and retried) (1 times)
2024-11-09 18:43:49.288Z WARN  c.a.m.o.e.i.p.TelemetryPipeline - In the last 5 minutes, the following operation has failed 1 times (out of 3): Sending telemetry to the ingestion service (retry from disk):
 * connection timed out after 10000 ms: eastus-8.in.applicationinsights.azure.com/10.0.0.1:443 (https://eastus-8.in.applicationinsights.azure.com/v2.1/track) (will be retried again) (1 times)
2024-11-09 18:44:31.182Z WARN  c.a.m.o.e.i.q.QuickPulsePingSender - In the last 5 minutes, the following operation has failed 3 times (out of 35): Pinging live metrics endpoint:
 * io.netty.channel.ConnectTimeoutException: connection timed out after 10000 ms: eastus.livediagnostics.monitor.azure.com/10.0.0.1:443 (https://eastus.livediagnostics.monitor.azure.com/QuickPulseService.svc) (2 times)
 * java.io.IOException: Operation timed out (https://eastus.livediagnostics.monitor.azure.com/QuickPulseService.svc) (1 times)
2024-11-09 18:44:35.219Z WARN  c.a.m.o.e.i.p.TelemetryPipeline - In the last 5 minutes, the following operation has failed 3 times (out of 5): Sending telemetry to the ingestion service:
 * Operation timed out (https://eastus-8.in.applicationinsights.azure.com/v2.1/track) (telemetry will be stored to disk and retried) (2 times)
 * connection timed out after 10000 ms: eastus-8.in.applicationinsights.azure.com/10.0.0.1:443 (https://eastus-8.in.applicationinsights.azure.com/v2.1/track) (telemetry will be stored to disk and retried) (1 times)
2024-11-10 00:14:33.379Z WARN  c.a.m.o.e.i.p.TelemetryPipeline - In the last 5 minutes, the following operation has failed 1 times (out of 2): Sending telemetry to the ingestion service (retry from disk):
 * Connection reset (https://eastus-8.in.applicationinsights.azure.com/v2.1/track) (will be retried again) (1 times)
2024-11-10 00:54:15.793Z WARN  c.a.m.o.e.i.q.QuickPulsePingSender - In the last 5 minutes, the following operation has failed 8 times (out of 57): Pinging live metrics endpoint:
 * java.net.SocketException: Connection reset (https://eastus.livediagnostics.monitor.azure.com/QuickPulseService.svc) (8 times)
2024-11-10 00:54:19.831Z WARN  c.a.m.o.e.i.p.TelemetryPipeline - In the last 5 minutes, the following operation has failed 2 times (out of 6): Sending telemetry to the ingestion service:
 * Connection reset (https://eastus-8.in.applicationinsights.azure.com/v2.1/track) (telemetry will be stored to disk and retried) (2 times)
2024-11-10 06:20:47.996Z WARN  c.a.m.o.e.i.q.QuickPulsePingSender - In the last 5 minutes, the following operation has failed 12 times (out of 57): Pinging live metrics endpoint:
 * java.net.SocketException: Connection reset (https://eastus.livediagnostics.monitor.azure.com/QuickPulseService.svc) (12 times)
2024-11-10 06:20:52.037Z WARN  c.a.m.o.e.i.p.TelemetryPipeline - In the last 5 minutes, the following operation has failed 5 times (out of 5): Sending telemetry to the ingestion service:
 * Connection reset (https://eastus-8.in.applicationinsights.azure.com/v2.1/track) (telemetry will be stored to disk and retried) (5 times)
2024-11-10 10:24:18.648Z WARN  c.a.m.o.e.i.p.TelemetryPipeline - In the last 5 minutes, the following operation has failed 2 times (out of 5): Sending telemetry to the ingestion service (retry from disk):
 * Connection reset (https://eastus-8.in.applicationinsights.azure.com/v2.1/track) (will be retried again) (1 times)
 * Channel response timed out after 60000 milliseconds. (https://eastus-8.in.applicationinsights.azure.com/v2.1/track) (will be retried again) (1 times)
2024-11-10 11:25:22.288Z WARN  c.a.m.o.e.i.q.QuickPulsePingSender - In the last 5 minutes, the following operation has failed 12 times (out of 56): Pinging live metrics endpoint:
 * java.net.SocketException: Connection reset (https://eastus.livediagnostics.monitor.azure.com/QuickPulseService.svc) (12 times)
2024-11-10 11:25:26.329Z WARN  c.a.m.o.e.i.p.TelemetryPipeline - In the last 5 minutes, the following operation has failed 3 times (out of 5): Sending telemetry to the ingestion service:
 * Connection reset (https://eastus-8.in.applicationinsights.azure.com/v2.1/track) (telemetry will be stored to disk and retried) (3 times)
2024-11-10 15:29:48.170Z WARN  c.a.m.o.e.i.q.QuickPulsePingSender - In the last 5 minutes, the following operation has failed 10 times (out of 57): Pinging live metrics endpoint:
 * java.net.SocketException: Connection reset (https://eastus.livediagnostics.monitor.azure.com/QuickPulseService.svc) (10 times)
2024-11-10 15:29:52.210Z WARN  c.a.m.o.e.i.p.TelemetryPipeline - In the last 5 minutes, the following operation has failed 5 times (out of 6): Sending telemetry to the ingestion service:
 * Connection reset (https://eastus-8.in.applicationinsights.azure.com/v2.1/track) (telemetry will be stored to disk and retried) (5 times)
2024-11-10 16:52:58.861Z WARN  c.a.m.o.e.i.q.QuickPulsePingSender - In the last 5 minutes, the following operation has failed 3 times (out of 57): Pinging live metrics endpoint:
 * java.net.SocketException: Connection reset (https://eastus.livediagnostics.monitor.azure.com/QuickPulseService.svc) (3 times)
2024-11-10 16:53:02.900Z WARN  c.a.m.o.e.i.p.TelemetryPipeline - In the last 5 minutes, the following operation has failed 2 times (out of 5): Sending telemetry to the ingestion service:
 * Connection reset (https://eastus-8.in.applicationinsights.azure.com/v2.1/track) (telemetry will be stored to disk and retried) (2 times)
2024-11-10 18:17:26.018Z WARN  c.a.m.o.e.i.p.TelemetryPipeline - In the last 5 minutes, the following operation has failed 1 times (out of 2): Sending telemetry to the ingestion service (retry from disk):
 * Connection reset (https://eastus-8.in.applicationinsights.azure.com/v2.1/track) (will be retried again) (1 times)
2024-11-10 18:18:07.911Z WARN  c.a.m.o.e.i.q.QuickPulsePingSender - In the last 5 minutes, the following operation has failed 1 times (out of 58): Pinging live metrics endpoint:
 * java.net.SocketException: Connection reset (https://eastus.livediagnostics.monitor.azure.com/QuickPulseService.svc) (1 times)
2024-11-10 18:18:11.949Z WARN  c.a.m.o.e.i.p.TelemetryPipeline - In the last 5 minutes, the following operation has failed 1 times (out of 5): Sending telemetry to the ingestion service:
 * Connection reset (https://eastus-8.in.applicationinsights.azure.com/v2.1/track) (telemetry will be stored to disk and retried) (1 times)
2024-11-10 18:28:07.917Z WARN  c.a.m.o.e.i.q.QuickPulsePingSender - In the last 5 minutes, the following operation has failed 1 times (out of 57): Pinging live metrics endpoint:
 * java.net.SocketException: Connection reset (https://eastus.livediagnostics.monitor.azure.com/QuickPulseService.svc) (1 times)
2024-11-10 23:58:31.981Z WARN  c.a.m.o.e.i.q.QuickPulsePingSender - In the last 5 minutes, the following operation has failed 10 times (out of 56): Pinging live metrics endpoint:
 * java.net.SocketException: Connection reset (https://eastus.livediagnostics.monitor.azure.com/QuickPulseService.svc) (10 times)
2024-11-11 00:13:40.194Z WARN  c.a.m.o.e.i.p.TelemetryPipeline - In the last 5 minutes, the following operation has failed 4 times (out of 6): Sending telemetry to the ingestion service:
 * Connection reset (https://eastus-8.in.applicationinsights.azure.com/v2.1/track) (telemetry will be stored to disk and retried) (4 times)
2024-11-11 04:56:46.682Z WARN  c.a.m.o.e.i.p.TelemetryPipeline - In the last 5 minutes, the following operation has failed 1 times (out of 6): Sending telemetry to the ingestion service (retry from disk):
 * Connection reset (https://eastus-8.in.applicationinsights.azure.com/v2.1/track) (will be retried again) (1 times)
2024-11-11 04:57:30.197Z WARN  c.a.m.o.e.i.q.QuickPulsePingSender - In the last 5 minutes, the following operation has failed 10 times (out of 57): Pinging live metrics endpoint:
 * java.net.SocketException: Connection reset (https://eastus.livediagnostics.monitor.azure.com/QuickPulseService.svc) (10 times)
2024-11-11 04:57:34.231Z WARN  c.a.m.o.e.i.p.TelemetryPipeline - In the last 5 minutes, the following operation has failed 4 times (out of 5): Sending telemetry to the ingestion service:
 * Connection reset (https://eastus-8.in.applicationinsights.azure.com/v2.1/track) (telemetry will be stored to disk and retried) (4 times)
2024-11-11 06:11:31.173Z WARN  c.a.m.o.e.i.q.QuickPulsePingSender - In the last 5 minutes, the following operation has failed 5 times (out of 57): Pinging live metrics endpoint:
 * java.net.SocketException: Connection reset (https://eastus.livediagnostics.monitor.azure.com/QuickPulseService.svc) (5 times)
2024-11-11 06:11:35.206Z WARN  c.a.m.o.e.i.p.TelemetryPipeline - In the last 5 minutes, the following operation has failed 4 times (out of 5): Sending telemetry to the ingestion service:
 * Connection reset (https://eastus-8.in.applicationinsights.azure.com/v2.1/track) (telemetry will be stored to disk and retried) (4 times)
2024-11-11 06:47:46.794Z WARN  c.a.m.o.e.i.q.QuickPulsePingSender - In the last 5 minutes, the following operation has failed 2 times (out of 58): Pinging live metrics endpoint:
 * java.net.SocketException: Connection reset (https://eastus.livediagnostics.monitor.azure.com/QuickPulseService.svc) (2 times)
2024-11-11 06:47:50.826Z WARN  c.a.m.o.e.i.p.TelemetryPipeline - In the last 5 minutes, the following operation has failed 1 times (out of 6): Sending telemetry to the ingestion service:
 * Connection reset (https://eastus-8.in.applicationinsights.azure.com/v2.1/track) (telemetry will be stored to disk and retried) (1 times)
2024-11-11 07:27:04.915Z WARN  c.a.m.o.e.i.p.TelemetryPipeline - In the last 5 minutes, the following operation has failed 1 times (out of 2): Sending telemetry to the ingestion service (retry from disk):
 * Operation timed out (https://eastus-8.in.applicationinsights.azure.com/v2.1/track) (will be retried again) (1 times)
2024-11-11 07:27:46.813Z WARN  c.a.m.o.e.i.q.QuickPulsePingSender - In the last 5 minutes, the following operation has failed 1 times (out of 47): Pinging live metrics endpoint:
 * java.io.IOException: Operation timed out (https://eastus.livediagnostics.monitor.azure.com/QuickPulseService.svc) (1 times)
2024-11-11 07:27:50.847Z WARN  c.a.m.o.e.i.p.TelemetryPipeline - In the last 5 minutes, the following operation has failed 1 times (out of 5): Sending telemetry to the ingestion service:
 * Operation timed out (https://eastus-8.in.applicationinsights.azure.com/v2.1/track) (telemetry will be stored to disk and retried) (1 times)
2024-11-11 08:12:46.848Z WARN  c.a.m.o.e.i.q.QuickPulsePingSender - In the last 5 minutes, the following operation has failed 3 times (out of 51): Pinging live metrics endpoint:
 * java.net.SocketException: Connection reset (https://eastus.livediagnostics.monitor.azure.com/QuickPulseService.svc) (3 times)
2024-11-11 08:34:33.373Z WARN  c.a.m.o.e.i.q.QuickPulsePingSender - In the last 5 minutes, the following operation has failed 1 times (out of 56): Pinging live metrics endpoint:
 * java.util.concurrent.TimeoutException: Channel response timed out after 60000 milliseconds. (https://eastus.livediagnostics.monitor.azure.com/QuickPulseService.svc) (1 times)
2024-11-11 08:34:37.403Z WARN  c.a.m.o.e.i.p.TelemetryPipeline - In the last 5 minutes, the following operation has failed 2 times (out of 6): Sending telemetry to the ingestion service:
 * Channel response timed out after 60000 milliseconds. (https://eastus-8.in.applicationinsights.azure.com/v2.1/track) (telemetry will be stored to disk and retried) (2 times)
2024-11-11 09:39:33.353Z WARN  c.a.m.o.e.i.q.QuickPulsePingSender - In the last 5 minutes, the following operation has failed 1 times (out of 57): Pinging live metrics endpoint:
 * java.net.SocketException: Connection reset (https://eastus.livediagnostics.monitor.azure.com/QuickPulseService.svc) (1 times)
2024-11-11 11:18:51.949Z WARN  c.a.m.o.e.i.p.TelemetryPipeline - In the last 5 minutes, the following operation has failed 1 times (out of 2): Sending telemetry to the ingestion service (retry from disk):
 * Connection reset (https://eastus-8.in.applicationinsights.azure.com/v2.1/track) (will be retried again) (1 times)
2024-11-11 11:19:33.848Z WARN  c.a.m.o.e.i.q.QuickPulsePingSender - In the last 5 minutes, the following operation has failed 2 times (out of 58): Pinging live metrics endpoint:
 * java.net.SocketException: Connection reset (https://eastus.livediagnostics.monitor.azure.com/QuickPulseService.svc) (2 times)
2024-11-11 11:19:37.875Z WARN  c.a.m.o.e.i.p.TelemetryPipeline - In the last 5 minutes, the following operation has failed 1 times (out of 5): Sending telemetry to the ingestion service:
 * Connection reset (https://eastus-8.in.applicationinsights.azure.com/v2.1/track) (telemetry will be stored to disk and retried) (1 times)
2024-11-11 12:49:37.901Z WARN  c.a.m.o.e.i.p.TelemetryPipeline - In the last 5 minutes, the following operation has failed 1 times (out of 5): Sending telemetry to the ingestion service:
 * Connection reset (https://eastus-8.in.applicationinsights.azure.com/v2.1/track) (telemetry will be stored to disk and retried) (1 times)
2024-11-11 14:38:09.840Z WARN  c.a.m.o.e.i.q.QuickPulsePingSender - In the last 5 minutes, the following operation has failed 2 times (out of 57): Pinging live metrics endpoint:
 * java.net.SocketException: Connection reset (https://eastus.livediagnostics.monitor.azure.com/QuickPulseService.svc) (2 times)
2024-11-11 14:38:13.698Z WARN  c.a.m.o.e.i.p.TelemetryPipeline - In the last 5 minutes, the following operation has failed 1 times (out of 5): Sending telemetry to the ingestion service:
 * Connection reset (https://eastus-8.in.applicationinsights.azure.com/v2.1/track) (telemetry will be stored to disk and retried) (1 times)
2024-11-11 15:12:01.344Z WARN  c.a.m.o.e.i.p.TelemetryPipeline - In the last 5 minutes, the following operation has failed 3 times (out of 5): Sending telemetry to the ingestion service (retry from disk):
 * connection timed out after 10000 ms: eastus-8.in.applicationinsights.azure.com/10.0.0.1:443 (https://eastus-8.in.applicationinsights.azure.com/v2.1/track) (will be retried again) (2 times)
 * Network is unreachable: eastus-8.in.applicationinsights.azure.com/10.0.0.1:443 (https://eastus-8.in.applicationinsights.azure.com/v2.1/track) (will be retried again) (1 times)
2024-11-11 15:12:43.492Z WARN  c.a.m.o.e.i.q.QuickPulsePingSender - In the last 5 minutes, the following operation has failed 4 times (out of 18): Pinging live metrics endpoint:
 * io.netty.channel.ConnectTimeoutException: connection timed out after 10000 ms: eastus.livediagnostics.monitor.azure.com/10.0.0.1:443 (https://eastus.livediagnostics.monitor.azure.com/QuickPulseService.svc) (2 times)
 * java.io.IOException: Operation timed out (https://eastus.livediagnostics.monitor.azure.com/QuickPulseService.svc) (1 times)
 * java.net.SocketException: Connection reset (https://eastus.livediagnostics.monitor.azure.com/QuickPulseService.svc) (1 times)
2024-11-11 15:12:47.272Z WARN  c.a.m.o.e.i.p.TelemetryPipeline - In the last 5 minutes, the following operation has failed 4 times (out of 6): Sending telemetry to the ingestion service:
 * connection timed out after 10000 ms: eastus-8.in.applicationinsights.azure.com/10.0.0.1:443 (https://eastus-8.in.applicationinsights.azure.com/v2.1/track) (telemetry will be stored to disk and retried) (4 times)
2024-11-11 15:58:02.198Z WARN  c.a.m.o.e.i.q.QuickPulsePingSender - In the last 5 minutes, the following operation has failed 1 times (out of 57): Pinging live metrics endpoint:
 * java.net.SocketException: Connection reset (https://eastus.livediagnostics.monitor.azure.com/QuickPulseService.svc) (1 times)
2024-11-11 15:58:05.980Z WARN  c.a.m.o.e.i.p.TelemetryPipeline - In the last 5 minutes, the following operation has failed 1 times (out of 6): Sending telemetry to the ingestion service:
 * Connection reset (https://eastus-8.in.applicationinsights.azure.com/v2.1/track) (telemetry will be stored to disk and retried) (1 times)
2024-11-11 16:02:20.056Z WARN  c.a.m.o.e.i.p.TelemetryPipeline - In the last 5 minutes, the following operation has failed 1 times (out of 2): Sending telemetry to the ingestion service (retry from disk):
 * Connection reset (https://eastus-8.in.applicationinsights.azure.com/v2.1/track) (will be retried again) (1 times)
2024-11-11 16:28:02.181Z WARN  c.a.m.o.e.i.q.QuickPulsePingSender - In the last 5 minutes, the following operation has failed 2 times (out of 47): Pinging live metrics endpoint:
 * java.io.IOException: Operation timed out (https://eastus.livediagnostics.monitor.azure.com/QuickPulseService.svc) (1 times)
 * io.netty.channel.ConnectTimeoutException: connection timed out after 10000 ms: eastus.livediagnostics.monitor.azure.com/10.0.0.1:443 (https://eastus.livediagnostics.monitor.azure.com/QuickPulseService.svc) (1 times)
2024-11-11 16:28:05.963Z WARN  c.a.m.o.e.i.p.TelemetryPipeline - In the last 5 minutes, the following operation has failed 1 times (out of 5): Sending telemetry to the ingestion service:
 * Operation timed out (https://eastus-8.in.applicationinsights.azure.com/v2.1/track) (telemetry will be stored to disk and retried) (1 times)
2024-11-11 16:32:20.040Z WARN  c.a.m.o.e.i.p.TelemetryPipeline - In the last 5 minutes, the following operation has failed 6 times (out of 6): Sending telemetry to the ingestion service (retry from disk):
 * connection timed out after 10000 ms: eastus-8.in.applicationinsights.azure.com/10.0.0.1:443 (https://eastus-8.in.applicationinsights.azure.com/v2.1/track) (will be retried again) (6 times)
2024-11-11 16:33:02.183Z WARN  c.a.m.o.e.i.q.QuickPulsePingSender - In the last 5 minutes, the following operation has failed 4 times (out of 4): Pinging live metrics endpoint:
 * io.netty.channel.ConnectTimeoutException: connection timed out after 10000 ms: eastus.livediagnostics.monitor.azure.com/10.0.0.1:443 (https://eastus.livediagnostics.monitor.azure.com/QuickPulseService.svc) (4 times)
2024-11-11 16:33:05.966Z WARN  c.a.m.o.e.i.p.TelemetryPipeline - In the last 5 minutes, the following operation has failed 5 times (out of 5): Sending telemetry to the ingestion service:
 * connection timed out after 10000 ms: eastus-8.in.applicationinsights.azure.com/10.0.0.1:443 (https://eastus-8.in.applicationinsights.azure.com/v2.1/track) (telemetry will be stored to disk and retried) (5 times)
2024-11-11 16:37:20.043Z WARN  c.a.m.o.e.i.p.TelemetryPipeline - In the last 5 minutes, the following operation has failed 6 times (out of 6): Sending telemetry to the ingestion service (retry from disk):
 * connection timed out after 10000 ms: eastus-8.in.applicationinsights.azure.com/10.0.0.1:443 (https://eastus-8.in.applicationinsights.azure.com/v2.1/track) (will be retried again) (6 times)
2024-11-11 16:38:02.186Z WARN  c.a.m.o.e.i.q.QuickPulsePingSender - In the last 5 minutes, the following operation has failed 4 times (out of 4): Pinging live metrics endpoint:
 * io.netty.channel.ConnectTimeoutException: connection timed out after 10000 ms: eastus.livediagnostics.monitor.azure.com/10.0.0.1:443 (https://eastus.livediagnostics.monitor.azure.com/QuickPulseService.svc) (4 times)
2024-11-11 16:38:05.968Z WARN  c.a.m.o.e.i.p.TelemetryPipeline - In the last 5 minutes, the following operation has failed 5 times (out of 5): Sending telemetry to the ingestion service:
 * connection timed out after 10000 ms: eastus-8.in.applicationinsights.azure.com/10.0.0.1:443 (https://eastus-8.in.applicationinsights.azure.com/v2.1/track) (telemetry will be stored to disk and retried) (5 times)
2024-11-11 16:42:20.043Z WARN  c.a.m.o.e.i.p.TelemetryPipeline - In the last 5 minutes, the following operation has failed 6 times (out of 6): Sending telemetry to the ingestion service (retry from disk):
 * connection timed out after 10000 ms: eastus-8.in.applicationinsights.azure.com/10.0.0.1:443 (https://eastus-8.in.applicationinsights.azure.com/v2.1/track) (will be retried again) (6 times)
2024-11-11 16:43:02.188Z WARN  c.a.m.o.e.i.q.QuickPulsePingSender - In the last 5 minutes, the following operation has failed 4 times (out of 4): Pinging live metrics endpoint:
 * io.netty.channel.ConnectTimeoutException: connection timed out after 10000 ms: eastus.livediagnostics.monitor.azure.com/10.0.0.1:443 (https://eastus.livediagnostics.monitor.azure.com/QuickPulseService.svc) (4 times)
2024-11-11 16:43:05.970Z WARN  c.a.m.o.e.i.p.TelemetryPipeline - In the last 5 minutes, the following operation has failed 6 times (out of 6): Sending telemetry to the ingestion service:
 * connection timed out after 10000 ms: eastus-8.in.applicationinsights.azure.com/10.0.0.1:443 (https://eastus-8.in.applicationinsights.azure.com/v2.1/track) (telemetry will be stored to disk and retried) (6 times)
2024-11-11 16:47:20.045Z WARN  c.a.m.o.e.i.p.TelemetryPipeline - In the last 5 minutes, the following operation has failed 6 times (out of 8): Sending telemetry to the ingestion service (retry from disk):
 * connection timed out after 10000 ms: eastus-8.in.applicationinsights.azure.com/10.0.0.1:443 (https://eastus-8.in.applicationinsights.azure.com/v2.1/track) (will be retried again) (6 times)
2024-11-11 17:10:58.338Z WARN  c.a.m.o.e.i.q.QuickPulsePingSender - In the last 5 minutes, the following operation has failed 3 times (out of 13): Pinging live metrics endpoint:
 * io.netty.channel.ConnectTimeoutException: connection timed out after 10000 ms: eastus.livediagnostics.monitor.azure.com/10.0.0.1:443 (https://eastus.livediagnostics.monitor.azure.com/QuickPulseService.svc) (2 times)
 * java.net.SocketException: Connection reset (https://eastus.livediagnostics.monitor.azure.com/QuickPulseService.svc) (1 times)
2024-11-11 17:11:02.118Z WARN  c.a.m.o.e.i.p.TelemetryPipeline - In the last 5 minutes, the following operation has failed 4 times (out of 5): Sending telemetry to the ingestion service:
 * connection timed out after 10000 ms: eastus-8.in.applicationinsights.azure.com/10.0.0.1:443 (https://eastus-8.in.applicationinsights.azure.com/v2.1/track) (telemetry will be stored to disk and retried) (3 times)
 * Network is unreachable: eastus-8.in.applicationinsights.azure.com/10.0.0.1:443 (https://eastus-8.in.applicationinsights.azure.com/v2.1/track) (telemetry will be stored to disk and retried) (1 times)
2024-11-11 17:15:16.189Z WARN  c.a.m.o.e.i.p.TelemetryPipeline - In the last 5 minutes, the following operation has failed 1 times (out of 10): Sending telemetry to the ingestion service (retry from disk):
 * Connection reset (https://eastus-8.in.applicationinsights.azure.com/v2.1/track) (will be retried again) (1 times)
2024-11-11 19:00:36.587Z WARN  c.a.m.o.e.i.p.TelemetryPipeline - In the last 5 minutes, the following operation has failed 1 times (out of 1): Sending telemetry to the ingestion service (retry from disk):
 * Connection reset (https://eastus-8.in.applicationinsights.azure.com/v2.1/track) (will be retried again) (1 times)
2024-11-11 19:17:05.835Z WARN  c.a.m.o.e.i.q.QuickPulsePingSender - In the last 5 minutes, the following operation has failed 2 times (out of 58): Pinging live metrics endpoint:
 * java.net.SocketException: Connection reset (https://eastus.livediagnostics.monitor.azure.com/QuickPulseService.svc) (2 times)
2024-11-11 19:17:09.615Z WARN  c.a.m.o.e.i.p.TelemetryPipeline - In the last 5 minutes, the following operation has failed 1 times (out of 5): Sending telemetry to the ingestion service:
 * Connection reset (https://eastus-8.in.applicationinsights.azure.com/v2.1/track) (telemetry will be stored to disk and retried) (1 times)
2024-11-11 20:08:30.461Z WARN  c.a.m.o.e.i.p.TelemetryPipeline - In the last 5 minutes, the following operation has failed 1 times (out of 4): Sending telemetry to the ingestion service (retry from disk):
 * Connection reset (https://eastus-8.in.applicationinsights.azure.com/v2.1/track) (will be retried again) (1 times)
2024-11-11 20:24:59.335Z WARN  c.a.m.o.e.i.q.QuickPulsePingSender - In the last 5 minutes, the following operation has failed 4 times (out of 57): Pinging live metrics endpoint:
 * java.net.SocketException: Connection reset (https://eastus.livediagnostics.monitor.azure.com/QuickPulseService.svc) (4 times)
2024-11-11 20:25:03.115Z WARN  c.a.m.o.e.i.p.TelemetryPipeline - In the last 5 minutes, the following operation has failed 3 times (out of 6): Sending telemetry to the ingestion service:
 * Connection reset (https://eastus-8.in.applicationinsights.azure.com/v2.1/track) (telemetry will be stored to disk and retried) (3 times)
2024-11-11 20:46:57.248Z WARN  c.a.m.o.e.i.q.QuickPulsePingSender - In the last 5 minutes, the following operation has failed 1 times (out of 58): Pinging live metrics endpoint:
 * java.net.SocketException: Connection reset (https://eastus.livediagnostics.monitor.azure.com/QuickPulseService.svc) (1 times)
2024-11-11 20:47:01.029Z WARN  c.a.m.o.e.i.p.TelemetryPipeline - In the last 5 minutes, the following operation has failed 1 times (out of 5): Sending telemetry to the ingestion service:
 * Connection reset (https://eastus-8.in.applicationinsights.azure.com/v2.1/track) (telemetry will be stored to disk and retried) (1 times)
2024-11-11 21:39:30.447Z WARN  c.a.m.o.e.i.q.QuickPulsePingSender - In the last 5 minutes, the following operation has failed 3 times (out of 57): Pinging live metrics endpoint:
 * java.net.SocketException: Connection reset (https://eastus.livediagnostics.monitor.azure.com/QuickPulseService.svc) (3 times)
2024-11-11 21:39:34.227Z WARN  c.a.m.o.e.i.p.TelemetryPipeline - In the last 5 minutes, the following operation has failed 3 times (out of 5): Sending telemetry to the ingestion service:
 * Connection reset (https://eastus-8.in.applicationinsights.azure.com/v2.1/track) (telemetry will be stored to disk and retried) (3 times)
2024-11-11 22:21:07.498Z WARN  c.a.m.o.e.i.q.QuickPulsePingSender - In the last 5 minutes, the following operation has failed 3 times (out of 57): Pinging live metrics endpoint:
 * java.net.SocketException: Connection reset (https://eastus.livediagnostics.monitor.azure.com/QuickPulseService.svc) (3 times)
2024-11-11 22:21:11.278Z WARN  c.a.m.o.e.i.p.TelemetryPipeline - In the last 5 minutes, the following operation has failed 3 times (out of 6): Sending telemetry to the ingestion service:
 * Connection reset (https://eastus-8.in.applicationinsights.azure.com/v2.1/track) (telemetry will be stored to disk and retried) (3 times)
2024-11-11 22:48:01.127Z WARN  c.a.m.o.e.i.q.QuickPulsePingSender - In the last 5 minutes, the following operation has failed 2 times (out of 58): Pinging live metrics endpoint:
 * java.net.SocketException: Connection reset (https://eastus.livediagnostics.monitor.azure.com/QuickPulseService.svc) (2 times)
2024-11-11 22:48:04.909Z WARN  c.a.m.o.e.i.p.TelemetryPipeline - In the last 5 minutes, the following operation has failed 2 times (out of 5): Sending telemetry to the ingestion service:
 * Connection reset (https://eastus-8.in.applicationinsights.azure.com/v2.1/track) (telemetry will be stored to disk and retried) (2 times)
2024-11-11 23:09:13.099Z WARN  c.a.m.o.e.i.q.QuickPulsePingSender - In the last 5 minutes, the following operation has failed 1 times (out of 57): Pinging live metrics endpoint:
 * java.net.SocketException: Connection reset (https://eastus.livediagnostics.monitor.azure.com/QuickPulseService.svc) (1 times)
2024-11-11 23:09:16.882Z WARN  c.a.m.o.e.i.p.TelemetryPipeline - In the last 5 minutes, the following operation has failed 1 times (out of 5): Sending telemetry to the ingestion service:
 * Connection reset (https://eastus-8.in.applicationinsights.azure.com/v2.1/track) (telemetry will be stored to disk and retried) (1 times)
2024-11-11 23:46:28.503Z WARN  c.a.m.o.e.i.q.QuickPulsePingSender - In the last 5 minutes, the following operation has failed 2 times (out of 58): Pinging live metrics endpoint:
 * java.net.SocketException: Connection reset (https://eastus.livediagnostics.monitor.azure.com/QuickPulseService.svc) (2 times)
2024-11-11 23:46:32.286Z WARN  c.a.m.o.e.i.p.TelemetryPipeline - In the last 5 minutes, the following operation has failed 2 times (out of 6): Sending telemetry to the ingestion service:
 * Connection reset (https://eastus-8.in.applicationinsights.azure.com/v2.1/track) (telemetry will be stored to disk and retried) (2 times)
2024-11-12 00:22:02.666Z WARN  c.a.m.o.e.i.q.QuickPulsePingSender - In the last 5 minutes, the following operation has failed 2 times (out of 57): Pinging live metrics endpoint:
 * java.net.SocketException: Connection reset (https://eastus.livediagnostics.monitor.azure.com/QuickPulseService.svc) (2 times)
2024-11-12 00:22:06.451Z WARN  c.a.m.o.e.i.p.TelemetryPipeline - In the last 5 minutes, the following operation has failed 2 times (out of 5): Sending telemetry to the ingestion service:
 * Connection reset (https://eastus-8.in.applicationinsights.azure.com/v2.1/track) (telemetry will be stored to disk and retried) (2 times)
2024-11-12 00:49:38.876Z WARN  c.a.m.o.e.i.q.QuickPulsePingSender - In the last 5 minutes, the following operation has failed 2 times (out of 58): Pinging live metrics endpoint:
 * java.net.SocketException: Connection reset (https://eastus.livediagnostics.monitor.azure.com/QuickPulseService.svc) (2 times)
2024-11-12 00:49:42.660Z WARN  c.a.m.o.e.i.p.TelemetryPipeline - In the last 5 minutes, the following operation has failed 2 times (out of 5): Sending telemetry to the ingestion service:
 * Connection reset (https://eastus-8.in.applicationinsights.azure.com/v2.1/track) (telemetry will be stored to disk and retried) (2 times)
2024-11-12 01:28:18.701Z WARN  c.a.m.o.e.i.q.QuickPulsePingSender - In the last 5 minutes, the following operation has failed 2 times (out of 57): Pinging live metrics endpoint:
 * java.net.SocketException: Connection reset (https://eastus.livediagnostics.monitor.azure.com/QuickPulseService.svc) (2 times)
2024-11-12 01:28:22.484Z WARN  c.a.m.o.e.i.p.TelemetryPipeline - In the last 5 minutes, the following operation has failed 2 times (out of 6): Sending telemetry to the ingestion service:
 * Connection reset (https://eastus-8.in.applicationinsights.azure.com/v2.1/track) (telemetry will be stored to disk and retried) (2 times)
2024-11-12 01:59:31.768Z WARN  c.a.m.o.e.i.q.QuickPulsePingSender - In the last 5 minutes, the following operation has failed 2 times (out of 57): Pinging live metrics endpoint:
 * java.net.SocketException: Connection reset (https://eastus.livediagnostics.monitor.azure.com/QuickPulseService.svc) (2 times)
2024-11-12 01:59:35.549Z WARN  c.a.m.o.e.i.p.TelemetryPipeline - In the last 5 minutes, the following operation has failed 2 times (out of 5): Sending telemetry to the ingestion service:
 * Connection reset (https://eastus-8.in.applicationinsights.azure.com/v2.1/track) (telemetry will be stored to disk and retried) (2 times)
2024-11-12 02:32:21.367Z WARN  c.a.m.o.e.i.q.QuickPulsePingSender - In the last 5 minutes, the following operation has failed 2 times (out of 58): Pinging live metrics endpoint:
 * java.net.SocketException: Connection reset (https://eastus.livediagnostics.monitor.azure.com/QuickPulseService.svc) (2 times)
2024-11-12 02:32:25.150Z WARN  c.a.m.o.e.i.p.TelemetryPipeline - In the last 5 minutes, the following operation has failed 2 times (out of 5): Sending telemetry to the ingestion service:
 * Connection reset (https://eastus-8.in.applicationinsights.azure.com/v2.1/track) (telemetry will be stored to disk and retried) (2 times)
2024-11-12 03:02:22.542Z WARN  c.a.m.o.e.i.p.TelemetryPipeline - In the last 5 minutes, the following operation has failed 1 times (out of 2): Sending telemetry to the ingestion service (retry from disk):
 * Connection reset (https://eastus-8.in.applicationinsights.azure.com/v2.1/track) (will be retried again) (1 times)
2024-11-12 03:18:20.190Z WARN  c.a.m.o.e.i.q.QuickPulsePingSender - In the last 5 minutes, the following operation has failed 2 times (out of 58): Pinging live metrics endpoint:
 * java.net.SocketException: Connection reset (https://eastus.livediagnostics.monitor.azure.com/QuickPulseService.svc) (2 times)
2024-11-12 03:18:23.975Z WARN  c.a.m.o.e.i.p.TelemetryPipeline - In the last 5 minutes, the following operation has failed 2 times (out of 5): Sending telemetry to the ingestion service:
 * Connection reset (https://eastus-8.in.applicationinsights.azure.com/v2.1/track) (telemetry will be stored to disk and retried) (2 times)
2024-11-12 03:43:04.894Z WARN  c.a.m.o.e.i.p.TelemetryPipeline - In the last 5 minutes, the following operation has failed 1 times (out of 3): Sending telemetry to the ingestion service (retry from disk):
 * Connection reset (https://eastus-8.in.applicationinsights.azure.com/v2.1/track) (will be retried again) (1 times)
2024-11-12 03:59:32.924Z WARN  c.a.m.o.e.i.q.QuickPulsePingSender - In the last 5 minutes, the following operation has failed 3 times (out of 57): Pinging live metrics endpoint:
 * java.net.SocketException: Connection reset (https://eastus.livediagnostics.monitor.azure.com/QuickPulseService.svc) (3 times)
2024-11-12 03:59:36.703Z WARN  c.a.m.o.e.i.p.TelemetryPipeline - In the last 5 minutes, the following operation has failed 2 times (out of 6): Sending telemetry to the ingestion service:
 * Connection reset (https://eastus-8.in.applicationinsights.azure.com/v2.1/track) (telemetry will be stored to disk and retried) (2 times)
2024-11-12 04:21:29.588Z WARN  c.a.m.o.e.i.q.QuickPulsePingSender - In the last 5 minutes, the following operation has failed 1 times (out of 58): Pinging live metrics endpoint:
 * java.net.SocketException: Connection reset (https://eastus.livediagnostics.monitor.azure.com/QuickPulseService.svc) (1 times)
2024-11-12 04:36:59.809Z WARN  c.a.m.o.e.i.p.TelemetryPipeline - In the last 5 minutes, the following operation has failed 1 times (out of 5): Sending telemetry to the ingestion service:
 * Connection reset (https://eastus-8.in.applicationinsights.azure.com/v2.1/track) (telemetry will be stored to disk and retried) (1 times)
2024-11-12 05:01:34.492Z WARN  c.a.m.o.e.i.q.QuickPulsePingSender - In the last 5 minutes, the following operation has failed 3 times (out of 57): Pinging live metrics endpoint:
 * java.net.SocketException: Connection reset (https://eastus.livediagnostics.monitor.azure.com/QuickPulseService.svc) (3 times)
2024-11-12 05:01:38.272Z WARN  c.a.m.o.e.i.p.TelemetryPipeline - In the last 5 minutes, the following operation has failed 3 times (out of 5): Sending telemetry to the ingestion service:
 * Connection reset (https://eastus-8.in.applicationinsights.azure.com/v2.1/track) (telemetry will be stored to disk and retried) (3 times)
2024-11-12 05:21:21.621Z WARN  c.a.m.o.e.i.p.TelemetryPipeline - In the last 5 minutes, the following operation has failed 1 times (out of 3): Sending telemetry to the ingestion service (retry from disk):
 * Connection reset (https://eastus-8.in.applicationinsights.azure.com/v2.1/track) (will be retried again) (1 times)
2024-11-12 05:22:53.105Z WARN  c.a.m.o.e.i.q.QuickPulsePingSender - In the last 5 minutes, the following operation has failed 1 times (out of 58): Pinging live metrics endpoint:
 * java.net.SocketException: Connection reset (https://eastus.livediagnostics.monitor.azure.com/QuickPulseService.svc) (1 times)
2024-11-12 05:22:56.883Z WARN  c.a.m.o.e.i.p.TelemetryPipeline - In the last 5 minutes, the following operation has failed 1 times (out of 6): Sending telemetry to the ingestion service:
 * Connection reset (https://eastus-8.in.applicationinsights.azure.com/v2.1/track) (telemetry will be stored to disk and retried) (1 times)
2024-11-12 06:52:56.932Z WARN  c.a.m.o.e.i.p.TelemetryPipeline - In the last 5 minutes, the following operation has failed 1 times (out of 6): Sending telemetry to the ingestion service:
 * Connection reset (https://eastus-8.in.applicationinsights.azure.com/v2.1/track) (telemetry will be stored to disk and retried) (1 times)
2024-11-12 10:12:53.253Z WARN  c.a.m.o.e.i.q.QuickPulsePingSender - In the last 5 minutes, the following operation has failed 1 times (out of 58): Pinging live metrics endpoint:
 * java.net.SocketException: Connection reset (https://eastus.livediagnostics.monitor.azure.com/QuickPulseService.svc) (1 times)
2024-11-12 16:10:09.968Z WARN  c.a.m.o.e.i.p.TelemetryPipeline - In the last 5 minutes, the following operation has failed 1 times (out of 2): Sending telemetry to the ingestion service (retry from disk):
 * Connection reset (https://eastus-8.in.applicationinsights.azure.com/v2.1/track) (will be retried again) (1 times)
2024-11-12 16:10:52.125Z WARN  c.a.m.o.e.i.q.QuickPulsePingSender - In the last 5 minutes, the following operation has failed 2 times (out of 57): Pinging live metrics endpoint:
 * java.net.SocketException: Connection reset (https://eastus.livediagnostics.monitor.azure.com/QuickPulseService.svc) (2 times)
2024-11-12 16:10:55.918Z WARN  c.a.m.o.e.i.p.TelemetryPipeline - In the last 5 minutes, the following operation has failed 1 times (out of 5): Sending telemetry to the ingestion service:
 * Connection reset (https://eastus-8.in.applicationinsights.azure.com/v2.1/track) (telemetry will be stored to disk and retried) (1 times)
2024-11-12 16:25:09.971Z WARN  c.a.m.o.e.i.p.TelemetryPipeline - In the last 5 minutes, the following operation has failed 2 times (out of 4): Sending telemetry to the ingestion service (retry from disk):
 * connection timed out after 10000 ms: eastus-8.in.applicationinsights.azure.com/10.0.0.1:443 (https://eastus-8.in.applicationinsights.azure.com/v2.1/track) (will be retried again) (2 times)
2024-11-12 16:25:52.129Z WARN  c.a.m.o.e.i.q.QuickPulsePingSender - In the last 5 minutes, the following operation has failed 4 times (out of 20): Pinging live metrics endpoint:
 * io.netty.channel.ConnectTimeoutException: connection timed out after 10000 ms: eastus.livediagnostics.monitor.azure.com/10.0.0.1:443 (https://eastus.livediagnostics.monitor.azure.com/QuickPulseService.svc) (3 times)
 * java.io.IOException: Operation timed out (https://eastus.livediagnostics.monitor.azure.com/QuickPulseService.svc) (1 times)
2024-11-12 16:25:55.921Z WARN  c.a.m.o.e.i.p.TelemetryPipeline - In the last 5 minutes, the following operation has failed 3 times (out of 5): Sending telemetry to the ingestion service:
 * Channel response timed out after 60000 milliseconds. (https://eastus-8.in.applicationinsights.azure.com/v2.1/track) (telemetry will be stored to disk and retried) (1 times)
 * Operation timed out (https://eastus-8.in.applicationinsights.azure.com/v2.1/track) (telemetry will be stored to disk and retried) (1 times)
 * connection timed out after 10000 ms: eastus-8.in.applicationinsights.azure.com/10.0.0.1:443 (https://eastus-8.in.applicationinsights.azure.com/v2.1/track) (telemetry will be stored to disk and retried) (1 times)
